ISO-10303-21;
HEADER;
/* Generated by software containing ST-Developer
 * from STEP Tools, Inc. (www.steptools.com) 
 */

FILE_DESCRIPTION(
/* description */ (''),
/* implementation_level */ '2;1');

FILE_NAME(
/* name */ 'base.step',
/* time_stamp */ '2026-05-24T04:14:17+02:00',
/* author */ (''),
/* organization */ (''),
/* preprocessor_version */ 'ST-DEVELOPER v20.1',
/* originating_system */ 'Autodesk Translation Framework v15.8.0.0',
/* authorisation */ '');

FILE_SCHEMA (('AUTOMOTIVE_DESIGN { 1 0 10303 214 3 1 1 }'));
ENDSEC;

DATA;
#10=MECHANICAL_DESIGN_GEOMETRIC_PRESENTATION_REPRESENTATION('',(#13),#12786);
#11=SHAPE_REPRESENTATION_RELATIONSHIP('SRR','None',#12793,#12);
#12=ADVANCED_BREP_SHAPE_REPRESENTATION('',(#14),#12785);
#13=STYLED_ITEM('',(#12802),#14);
#14=MANIFOLD_SOLID_BREP('base',#6494);
#15=FACE_BOUND('',#1148,.T.);
#16=FACE_BOUND('',#1182,.T.);
#17=FACE_BOUND('',#1222,.T.);
#18=FACE_BOUND('',#1245,.T.);
#19=FACE_BOUND('',#1302,.T.);
#20=FACE_BOUND('',#1342,.T.);
#21=FACE_BOUND('',#1443,.T.);
#22=FACE_BOUND('',#1450,.T.);
#23=FACE_BOUND('',#1452,.T.);
#24=FACE_BOUND('',#1454,.T.);
#25=FACE_BOUND('',#1456,.T.);
#26=FACE_BOUND('',#1457,.T.);
#27=FACE_BOUND('',#1458,.T.);
#28=FACE_BOUND('',#1459,.T.);
#29=FACE_BOUND('',#1460,.T.);
#30=FACE_BOUND('',#1461,.T.);
#31=FACE_BOUND('',#1462,.T.);
#32=FACE_BOUND('',#1463,.T.);
#33=FACE_BOUND('',#1464,.T.);
#34=FACE_BOUND('',#1465,.T.);
#35=FACE_BOUND('',#1466,.T.);
#36=FACE_BOUND('',#1467,.T.);
#37=FACE_BOUND('',#1468,.T.);
#38=FACE_BOUND('',#1469,.T.);
#39=FACE_BOUND('',#1470,.T.);
#40=FACE_BOUND('',#1471,.T.);
#41=FACE_BOUND('',#1472,.T.);
#42=FACE_BOUND('',#1473,.T.);
#43=FACE_BOUND('',#1474,.T.);
#44=FACE_BOUND('',#1475,.T.);
#45=FACE_BOUND('',#1476,.T.);
#46=FACE_BOUND('',#1477,.T.);
#47=FACE_BOUND('',#1478,.T.);
#48=FACE_BOUND('',#1479,.T.);
#49=FACE_BOUND('',#1480,.T.);
#50=FACE_BOUND('',#1481,.T.);
#51=FACE_BOUND('',#1482,.T.);
#52=FACE_BOUND('',#1483,.T.);
#53=FACE_BOUND('',#1484,.T.);
#54=FACE_BOUND('',#1485,.T.);
#55=FACE_BOUND('',#1486,.T.);
#56=FACE_BOUND('',#1508,.T.);
#57=FACE_BOUND('',#1509,.T.);
#58=FACE_BOUND('',#1510,.T.);
#59=FACE_BOUND('',#1511,.T.);
#60=FACE_BOUND('',#1512,.T.);
#61=FACE_BOUND('',#1513,.T.);
#62=FACE_BOUND('',#1514,.T.);
#63=FACE_BOUND('',#1515,.T.);
#64=FACE_BOUND('',#1516,.T.);
#65=FACE_BOUND('',#1517,.T.);
#66=FACE_BOUND('',#1518,.T.);
#67=FACE_BOUND('',#1519,.T.);
#68=FACE_BOUND('',#1520,.T.);
#69=FACE_BOUND('',#1523,.T.);
#70=B_SPLINE_CURVE_WITH_KNOTS('',3,(#7731,#7732,#7733,#7734,#7735),
 .UNSPECIFIED.,.F.,.F.,(4,1,4),(0.,0.0441199960887009,0.0764564120100117),
 .UNSPECIFIED.);
#71=B_SPLINE_CURVE_WITH_KNOTS('',3,(#7737,#7738,#7739,#7740,#7741),
 .UNSPECIFIED.,.F.,.F.,(4,1,4),(-0.0764564120100117,-0.0441199960887009,
0.),.UNSPECIFIED.);
#72=B_SPLINE_CURVE_WITH_KNOTS('',3,(#7754,#7755,#7756,#7757,#7758),
 .UNSPECIFIED.,.F.,.F.,(4,1,4),(0.,0.0281031935010044,0.0593355483102375),
 .UNSPECIFIED.);
#73=B_SPLINE_CURVE_WITH_KNOTS('',3,(#7760,#7761,#7762,#7763,#7764),
 .UNSPECIFIED.,.F.,.F.,(4,1,4),(-0.0593355483102375,-0.0281031935010044,
0.),.UNSPECIFIED.);
#74=B_SPLINE_CURVE_WITH_KNOTS('',3,(#7777,#7778,#7779,#7780,#7781),
 .UNSPECIFIED.,.F.,.F.,(4,1,4),(0.,0.0235096289459205,0.0453689030573458),
 .UNSPECIFIED.);
#75=B_SPLINE_CURVE_WITH_KNOTS('',3,(#7783,#7784,#7785,#7786,#7787),
 .UNSPECIFIED.,.F.,.F.,(4,1,4),(-0.0453689030573458,-0.0235096289459205,
0.),.UNSPECIFIED.);
#76=B_SPLINE_CURVE_WITH_KNOTS('',3,(#7800,#7801,#7802,#7803,#7804),
 .UNSPECIFIED.,.F.,.F.,(4,1,4),(0.,0.0208854508094612,0.0415599529418603),
 .UNSPECIFIED.);
#77=B_SPLINE_CURVE_WITH_KNOTS('',3,(#7806,#7807,#7808,#7809,#7810),
 .UNSPECIFIED.,.F.,.F.,(4,1,4),(-0.0415599529418603,-0.0208854508094612,
0.),.UNSPECIFIED.);
#78=B_SPLINE_CURVE_WITH_KNOTS('',3,(#7823,#7824,#7825,#7826,#7827),
 .UNSPECIFIED.,.F.,.F.,(4,1,4),(0.,0.0192164116840917,0.0495840701669167),
 .UNSPECIFIED.);
#79=B_SPLINE_CURVE_WITH_KNOTS('',3,(#7829,#7830,#7831,#7832,#7833),
 .UNSPECIFIED.,.F.,.F.,(4,1,4),(-0.0495840701669167,-0.0192164116840917,
0.),.UNSPECIFIED.);
#80=B_SPLINE_CURVE_WITH_KNOTS('',3,(#7870,#7871,#7872,#7873,#7874),
 .UNSPECIFIED.,.F.,.F.,(4,1,4),(0.,0.0351425847953668,0.0610179252502421),
 .UNSPECIFIED.);
#81=B_SPLINE_CURVE_WITH_KNOTS('',3,(#7876,#7877,#7878,#7879,#7880),
 .UNSPECIFIED.,.F.,.F.,(4,1,4),(-0.0610179252502421,-0.0351425847953668,
0.),.UNSPECIFIED.);
#82=B_SPLINE_CURVE_WITH_KNOTS('',3,(#7893,#7894,#7895,#7896,#7897),
 .UNSPECIFIED.,.F.,.F.,(4,1,4),(0.,0.0280029243112597,0.0531270455851162),
 .UNSPECIFIED.);
#83=B_SPLINE_CURVE_WITH_KNOTS('',3,(#7899,#7900,#7901,#7902,#7903),
 .UNSPECIFIED.,.F.,.F.,(4,1,4),(-0.0531270455851162,-0.0280029243112597,
0.),.UNSPECIFIED.);
#84=B_SPLINE_CURVE_WITH_KNOTS('',3,(#7916,#7917,#7918,#7919,#7920),
 .UNSPECIFIED.,.F.,.F.,(4,1,4),(0.,0.0244273008648851,0.0506066629768272),
 .UNSPECIFIED.);
#85=B_SPLINE_CURVE_WITH_KNOTS('',3,(#7922,#7923,#7924,#7925,#7926),
 .UNSPECIFIED.,.F.,.F.,(4,1,4),(-0.0506066629768272,-0.0244273008648851,
0.),.UNSPECIFIED.);
#86=B_SPLINE_CURVE_WITH_KNOTS('',3,(#7939,#7940,#7941,#7942,#7943),
 .UNSPECIFIED.,.F.,.F.,(4,1,4),(0.,0.0276027084702946,0.0562767866613818),
 .UNSPECIFIED.);
#87=B_SPLINE_CURVE_WITH_KNOTS('',3,(#7945,#7946,#7947,#7948,#7949),
 .UNSPECIFIED.,.F.,.F.,(4,1,4),(-0.0562767866613818,-0.0276027084702946,
0.),.UNSPECIFIED.);
#88=B_SPLINE_CURVE_WITH_KNOTS('',3,(#7962,#7963,#7964,#7965,#7966),
 .UNSPECIFIED.,.F.,.F.,(4,1,4),(0.,0.0477953073089095,0.0939915416942374),
 .UNSPECIFIED.);
#89=B_SPLINE_CURVE_WITH_KNOTS('',3,(#7968,#7969,#7970,#7971,#7972),
 .UNSPECIFIED.,.F.,.F.,(4,1,4),(-0.0939915416942374,-0.0477953073089095,
0.),.UNSPECIFIED.);
#90=B_SPLINE_CURVE_WITH_KNOTS('',3,(#7985,#7986,#7987,#7988,#7989),
 .UNSPECIFIED.,.F.,.F.,(4,1,4),(0.,0.0527120523430998,0.125013602762247),
 .UNSPECIFIED.);
#91=B_SPLINE_CURVE_WITH_KNOTS('',3,(#7991,#7992,#7993,#7994,#7995),
 .UNSPECIFIED.,.F.,.F.,(4,1,4),(-0.125013602762247,-0.0527120523430998,
0.),.UNSPECIFIED.);
#92=B_SPLINE_CURVE_WITH_KNOTS('',3,(#8046,#8047,#8048,#8049,#8050),
 .UNSPECIFIED.,.F.,.F.,(4,1,4),(0.,0.03031498421676,0.0515621134332305),
 .UNSPECIFIED.);
#93=B_SPLINE_CURVE_WITH_KNOTS('',3,(#8052,#8053,#8054,#8055,#8056),
 .UNSPECIFIED.,.F.,.F.,(4,1,4),(-0.0515621134332305,-0.03031498421676,0.),
 .UNSPECIFIED.);
#94=B_SPLINE_CURVE_WITH_KNOTS('',3,(#8069,#8070,#8071,#8072,#8073),
 .UNSPECIFIED.,.F.,.F.,(4,1,4),(0.,0.0167481989295089,0.0334036348413816),
 .UNSPECIFIED.);
#95=B_SPLINE_CURVE_WITH_KNOTS('',3,(#8075,#8076,#8077,#8078,#8079),
 .UNSPECIFIED.,.F.,.F.,(4,1,4),(-0.0334036348413816,-0.0167481989295089,
0.),.UNSPECIFIED.);
#96=B_SPLINE_CURVE_WITH_KNOTS('',3,(#8092,#8093,#8094,#8095,#8096),
 .UNSPECIFIED.,.F.,.F.,(4,1,4),(0.,0.0253447696511138,0.053420373320667),
 .UNSPECIFIED.);
#97=B_SPLINE_CURVE_WITH_KNOTS('',3,(#8098,#8099,#8100,#8101,#8102),
 .UNSPECIFIED.,.F.,.F.,(4,1,4),(-0.053420373320667,-0.0253447696511138,
0.),.UNSPECIFIED.);
#98=B_SPLINE_CURVE_WITH_KNOTS('',3,(#8121,#8122,#8123,#8124,#8125),
 .UNSPECIFIED.,.F.,.F.,(4,1,4),(0.,0.019697430609671,0.037901101749849),
 .UNSPECIFIED.);
#99=B_SPLINE_CURVE_WITH_KNOTS('',3,(#8127,#8128,#8129,#8130,#8131),
 .UNSPECIFIED.,.F.,.F.,(4,1,4),(-0.037901101749849,-0.019697430609671,0.),
 .UNSPECIFIED.);
#100=B_SPLINE_CURVE_WITH_KNOTS('',3,(#8144,#8145,#8146,#8147,#8148),
 .UNSPECIFIED.,.F.,.F.,(4,1,4),(0.,0.0154703433541829,0.0309265602708101),
 .UNSPECIFIED.);
#101=B_SPLINE_CURVE_WITH_KNOTS('',3,(#8150,#8151,#8152,#8153,#8154),
 .UNSPECIFIED.,.F.,.F.,(4,1,4),(-0.0309265602708101,-0.0154703433541829,
0.),.UNSPECIFIED.);
#102=B_SPLINE_CURVE_WITH_KNOTS('',3,(#8167,#8168,#8169,#8170,#8171),
 .UNSPECIFIED.,.F.,.F.,(4,1,4),(0.,0.0159465369155964,0.0329107254535908),
 .UNSPECIFIED.);
#103=B_SPLINE_CURVE_WITH_KNOTS('',3,(#8173,#8174,#8175,#8176,#8177),
 .UNSPECIFIED.,.F.,.F.,(4,1,4),(-0.0329107254535908,-0.0159465369155964,
0.),.UNSPECIFIED.);
#104=B_SPLINE_CURVE_WITH_KNOTS('',3,(#8190,#8191,#8192,#8193,#8194),
 .UNSPECIFIED.,.F.,.F.,(4,1,4),(0.,0.0281003815000531,0.0580475982664316),
 .UNSPECIFIED.);
#105=B_SPLINE_CURVE_WITH_KNOTS('',3,(#8196,#8197,#8198,#8199,#8200),
 .UNSPECIFIED.,.F.,.F.,(4,1,4),(-0.0580475982664316,-0.0281003815000531,
0.),.UNSPECIFIED.);
#106=B_SPLINE_CURVE_WITH_KNOTS('',3,(#8224,#8225,#8226,#8227,#8228),
 .UNSPECIFIED.,.F.,.F.,(4,1,4),(0.,0.0490470528679381,0.088224073181484),
 .UNSPECIFIED.);
#107=B_SPLINE_CURVE_WITH_KNOTS('',3,(#8232,#8233,#8234,#8235,#8236),
 .UNSPECIFIED.,.F.,.F.,(4,1,4),(-0.088224073181484,-0.0490470528679381,
0.),.UNSPECIFIED.);
#108=B_SPLINE_CURVE_WITH_KNOTS('',3,(#8249,#8250,#8251,#8252,#8253),
 .UNSPECIFIED.,.F.,.F.,(4,1,4),(0.,0.0344001372284393,0.0688011969936634),
 .UNSPECIFIED.);
#109=B_SPLINE_CURVE_WITH_KNOTS('',3,(#8255,#8256,#8257,#8258,#8259),
 .UNSPECIFIED.,.F.,.F.,(4,1,4),(-0.0688011969936634,-0.0344001372284393,
0.),.UNSPECIFIED.);
#110=B_SPLINE_CURVE_WITH_KNOTS('',3,(#8272,#8273,#8274,#8275,#8276),
 .UNSPECIFIED.,.F.,.F.,(4,1,4),(0.,0.0342075088385589,0.0686152089253106),
 .UNSPECIFIED.);
#111=B_SPLINE_CURVE_WITH_KNOTS('',3,(#8278,#8279,#8280,#8281,#8282),
 .UNSPECIFIED.,.F.,.F.,(4,1,4),(-0.0686152089253106,-0.0342075088385589,
0.),.UNSPECIFIED.);
#112=B_SPLINE_CURVE_WITH_KNOTS('',3,(#8295,#8296,#8297,#8298,#8299),
 .UNSPECIFIED.,.F.,.F.,(4,1,4),(0.,0.0395701847600553,0.0896665452276633),
 .UNSPECIFIED.);
#113=B_SPLINE_CURVE_WITH_KNOTS('',3,(#8301,#8302,#8303,#8304,#8305),
 .UNSPECIFIED.,.F.,.F.,(4,1,4),(-0.0896665452276633,-0.0395701847600553,
0.),.UNSPECIFIED.);
#114=B_SPLINE_CURVE_WITH_KNOTS('',3,(#8318,#8319,#8320,#8321,#8322),
 .UNSPECIFIED.,.F.,.F.,(4,1,4),(0.,0.0476302784626855,0.0864334044351661),
 .UNSPECIFIED.);
#115=B_SPLINE_CURVE_WITH_KNOTS('',3,(#8324,#8325,#8326,#8327,#8328),
 .UNSPECIFIED.,.F.,.F.,(4,1,4),(-0.0864334044351661,-0.0476302784626855,
0.),.UNSPECIFIED.);
#116=B_SPLINE_CURVE_WITH_KNOTS('',3,(#8341,#8342,#8343,#8344,#8345),
 .UNSPECIFIED.,.F.,.F.,(4,1,4),(0.,0.0343728709635369,0.0684065393849982),
 .UNSPECIFIED.);
#117=B_SPLINE_CURVE_WITH_KNOTS('',3,(#8347,#8348,#8349,#8350,#8351),
 .UNSPECIFIED.,.F.,.F.,(4,1,4),(-0.0684065393849982,-0.0343728709635369,
0.),.UNSPECIFIED.);
#118=B_SPLINE_CURVE_WITH_KNOTS('',3,(#8364,#8365,#8366,#8367,#8368),
 .UNSPECIFIED.,.F.,.F.,(4,1,4),(0.,0.0343942082213637,0.0687326667372314),
 .UNSPECIFIED.);
#119=B_SPLINE_CURVE_WITH_KNOTS('',3,(#8370,#8371,#8372,#8373,#8374),
 .UNSPECIFIED.,.F.,.F.,(4,1,4),(-0.0687326667372314,-0.0343942082213637,
0.),.UNSPECIFIED.);
#120=B_SPLINE_CURVE_WITH_KNOTS('',3,(#8386,#8387,#8388,#8389,#8390),
 .UNSPECIFIED.,.F.,.F.,(4,1,4),(0.,0.0390864920728517,0.088099654306196),
 .UNSPECIFIED.);
#121=B_SPLINE_CURVE_WITH_KNOTS('',3,(#8391,#8392,#8393,#8394,#8395),
 .UNSPECIFIED.,.F.,.F.,(4,1,4),(-0.088099654306196,-0.0390864920728517,
0.),.UNSPECIFIED.);
#122=B_SPLINE_CURVE_WITH_KNOTS('',3,(#8408,#8409,#8410,#8411,#8412),
 .UNSPECIFIED.,.F.,.F.,(4,1,4),(0.,0.0709421561401521,0.130483144871828),
 .UNSPECIFIED.);
#123=B_SPLINE_CURVE_WITH_KNOTS('',3,(#8416,#8417,#8418,#8419,#8420),
 .UNSPECIFIED.,.F.,.F.,(4,1,4),(-0.130483144871828,-0.0709421561401521,
0.),.UNSPECIFIED.);
#124=B_SPLINE_CURVE_WITH_KNOTS('',3,(#8433,#8434,#8435,#8436,#8437),
 .UNSPECIFIED.,.F.,.F.,(4,1,4),(0.,0.0479910024537056,0.0982981183260603),
 .UNSPECIFIED.);
#125=B_SPLINE_CURVE_WITH_KNOTS('',3,(#8439,#8440,#8441,#8442,#8443),
 .UNSPECIFIED.,.F.,.F.,(4,1,4),(-0.0982981183260603,-0.0479910024537056,
0.),.UNSPECIFIED.);
#126=B_SPLINE_CURVE_WITH_KNOTS('',3,(#8456,#8457,#8458,#8459,#8460),
 .UNSPECIFIED.,.F.,.F.,(4,1,4),(0.,0.0551725964697725,0.107560153017897),
 .UNSPECIFIED.);
#127=B_SPLINE_CURVE_WITH_KNOTS('',3,(#8462,#8463,#8464,#8465,#8466),
 .UNSPECIFIED.,.F.,.F.,(4,1,4),(-0.107560153017897,-0.0551725964697725,
0.),.UNSPECIFIED.);
#128=B_SPLINE_CURVE_WITH_KNOTS('',3,(#8479,#8480,#8481,#8482,#8483),
 .UNSPECIFIED.,.F.,.F.,(4,1,4),(0.,0.054615497572979,0.116903435162372),
 .UNSPECIFIED.);
#129=B_SPLINE_CURVE_WITH_KNOTS('',3,(#8485,#8486,#8487,#8488,#8489),
 .UNSPECIFIED.,.F.,.F.,(4,1,4),(-0.116903435162372,-0.054615497572979,0.),
 .UNSPECIFIED.);
#130=B_SPLINE_CURVE_WITH_KNOTS('',3,(#8502,#8503,#8504,#8505,#8506),
 .UNSPECIFIED.,.F.,.F.,(4,1,4),(0.,0.0501417169886508,0.0901987120132017),
 .UNSPECIFIED.);
#131=B_SPLINE_CURVE_WITH_KNOTS('',3,(#8508,#8509,#8510,#8511,#8512),
 .UNSPECIFIED.,.F.,.F.,(4,1,4),(-0.0901987120132017,-0.0501417169886508,
0.),.UNSPECIFIED.);
#132=B_SPLINE_CURVE_WITH_KNOTS('',3,(#8525,#8526,#8527,#8528,#8529),
 .UNSPECIFIED.,.F.,.F.,(4,1,4),(0.,0.0351484986489122,0.0705306517852656),
 .UNSPECIFIED.);
#133=B_SPLINE_CURVE_WITH_KNOTS('',3,(#8531,#8532,#8533,#8534,#8535),
 .UNSPECIFIED.,.F.,.F.,(4,1,4),(-0.0705306517852656,-0.0351484986489122,
0.),.UNSPECIFIED.);
#134=B_SPLINE_CURVE_WITH_KNOTS('',3,(#8548,#8549,#8550,#8551,#8552),
 .UNSPECIFIED.,.F.,.F.,(4,1,4),(0.,0.0360689138585494,0.072797203526355),
 .UNSPECIFIED.);
#135=B_SPLINE_CURVE_WITH_KNOTS('',3,(#8554,#8555,#8556,#8557,#8558),
 .UNSPECIFIED.,.F.,.F.,(4,1,4),(-0.072797203526355,-0.0360689138585494,
0.),.UNSPECIFIED.);
#136=B_SPLINE_CURVE_WITH_KNOTS('',3,(#8571,#8572,#8573,#8574,#8575),
 .UNSPECIFIED.,.F.,.F.,(4,1,4),(0.,0.0558717380317551,0.108173734925944),
 .UNSPECIFIED.);
#137=B_SPLINE_CURVE_WITH_KNOTS('',3,(#8577,#8578,#8579,#8580,#8581),
 .UNSPECIFIED.,.F.,.F.,(4,1,4),(-0.108173734925944,-0.0558717380317551,
0.),.UNSPECIFIED.);
#138=B_SPLINE_CURVE_WITH_KNOTS('',3,(#8593,#8594,#8595,#8596,#8597),
 .UNSPECIFIED.,.F.,.F.,(4,1,4),(0.,0.0553054564673871,0.120782871453102),
 .UNSPECIFIED.);
#139=B_SPLINE_CURVE_WITH_KNOTS('',3,(#8598,#8599,#8600,#8601,#8602),
 .UNSPECIFIED.,.F.,.F.,(4,1,4),(-0.120782871453102,-0.0553054564673871,
0.),.UNSPECIFIED.);
#140=B_SPLINE_CURVE_WITH_KNOTS('',3,(#8617,#8618,#8619,#8620,#8621),
 .UNSPECIFIED.,.F.,.F.,(4,1,4),(0.,0.0349157223225691,0.0824679802230752),
 .UNSPECIFIED.);
#141=B_SPLINE_CURVE_WITH_KNOTS('',3,(#8625,#8626,#8627,#8628,#8629),
 .UNSPECIFIED.,.F.,.F.,(4,1,4),(-0.0824679802230752,-0.0349157223225691,
0.),.UNSPECIFIED.);
#142=B_SPLINE_CURVE_WITH_KNOTS('',3,(#8642,#8643,#8644,#8645,#8646),
 .UNSPECIFIED.,.F.,.F.,(4,1,4),(0.,0.0262654985723071,0.044023984659863),
 .UNSPECIFIED.);
#143=B_SPLINE_CURVE_WITH_KNOTS('',3,(#8648,#8649,#8650,#8651,#8652),
 .UNSPECIFIED.,.F.,.F.,(4,1,4),(-0.044023984659863,-0.0262654985723071,
0.),.UNSPECIFIED.);
#144=B_SPLINE_CURVE_WITH_KNOTS('',3,(#8665,#8666,#8667,#8668,#8669),
 .UNSPECIFIED.,.F.,.F.,(4,1,4),(0.,0.0129911222368654,0.0253828687305699),
 .UNSPECIFIED.);
#145=B_SPLINE_CURVE_WITH_KNOTS('',3,(#8671,#8672,#8673,#8674,#8675),
 .UNSPECIFIED.,.F.,.F.,(4,1,4),(-0.0253828687305699,-0.0129911222368654,
0.),.UNSPECIFIED.);
#146=B_SPLINE_CURVE_WITH_KNOTS('',3,(#8688,#8689,#8690,#8691,#8692),
 .UNSPECIFIED.,.F.,.F.,(4,1,4),(0.,0.0122081729288208,0.0245705938715464),
 .UNSPECIFIED.);
#147=B_SPLINE_CURVE_WITH_KNOTS('',3,(#8694,#8695,#8696,#8697,#8698),
 .UNSPECIFIED.,.F.,.F.,(4,1,4),(-0.0245705938715464,-0.0122081729288208,
0.),.UNSPECIFIED.);
#148=B_SPLINE_CURVE_WITH_KNOTS('',3,(#8711,#8712,#8713,#8714,#8715),
 .UNSPECIFIED.,.F.,.F.,(4,1,4),(0.,0.0183878871400525,0.0368669629052527),
 .UNSPECIFIED.);
#149=B_SPLINE_CURVE_WITH_KNOTS('',3,(#8717,#8718,#8719,#8720,#8721),
 .UNSPECIFIED.,.F.,.F.,(4,1,4),(-0.0368669629052527,-0.0183878871400525,
0.),.UNSPECIFIED.);
#150=B_SPLINE_CURVE_WITH_KNOTS('',3,(#8734,#8735,#8736,#8737,#8738),
 .UNSPECIFIED.,.F.,.F.,(4,1,4),(0.,0.0207829542150348,0.0461992718531822),
 .UNSPECIFIED.);
#151=B_SPLINE_CURVE_WITH_KNOTS('',3,(#8740,#8741,#8742,#8743,#8744),
 .UNSPECIFIED.,.F.,.F.,(4,1,4),(-0.0461992718531822,-0.0207829542150348,
0.),.UNSPECIFIED.);
#152=B_SPLINE_CURVE_WITH_KNOTS('',3,(#8757,#8758,#8759,#8760,#8761),
 .UNSPECIFIED.,.F.,.F.,(4,1,4),(0.,0.0269867360180466,0.052422084043895),
 .UNSPECIFIED.);
#153=B_SPLINE_CURVE_WITH_KNOTS('',3,(#8763,#8764,#8765,#8766,#8767),
 .UNSPECIFIED.,.F.,.F.,(4,1,4),(-0.052422084043895,-0.0269867360180466,
0.),.UNSPECIFIED.);
#154=B_SPLINE_CURVE_WITH_KNOTS('',3,(#8780,#8781,#8782,#8783,#8784),
 .UNSPECIFIED.,.F.,.F.,(4,1,4),(0.,0.0241555415422619,0.047570625093703),
 .UNSPECIFIED.);
#155=B_SPLINE_CURVE_WITH_KNOTS('',3,(#8786,#8787,#8788,#8789,#8790),
 .UNSPECIFIED.,.F.,.F.,(4,1,4),(-0.047570625093703,-0.0241555415422619,
0.),.UNSPECIFIED.);
#156=B_SPLINE_CURVE_WITH_KNOTS('',3,(#8803,#8804,#8805,#8806,#8807),
 .UNSPECIFIED.,.F.,.F.,(4,1,4),(0.,0.0214380815765219,0.0500195738265483),
 .UNSPECIFIED.);
#157=B_SPLINE_CURVE_WITH_KNOTS('',3,(#8809,#8810,#8811,#8812,#8813),
 .UNSPECIFIED.,.F.,.F.,(4,1,4),(-0.0500195738265483,-0.0214380815765219,
0.),.UNSPECIFIED.);
#158=B_SPLINE_CURVE_WITH_KNOTS('',3,(#8830,#8831,#8832,#8833,#8834),
 .UNSPECIFIED.,.F.,.F.,(4,1,4),(0.,0.033288643294749,0.0621166830882631),
 .UNSPECIFIED.);
#159=B_SPLINE_CURVE_WITH_KNOTS('',3,(#8838,#8839,#8840,#8841,#8842),
 .UNSPECIFIED.,.F.,.F.,(4,1,4),(-0.0621166830882631,-0.033288643294749,
0.),.UNSPECIFIED.);
#160=B_SPLINE_CURVE_WITH_KNOTS('',3,(#8855,#8856,#8857,#8858,#8859),
 .UNSPECIFIED.,.F.,.F.,(4,1,4),(0.,0.0271224259273493,0.0552253307414486),
 .UNSPECIFIED.);
#161=B_SPLINE_CURVE_WITH_KNOTS('',3,(#8861,#8862,#8863,#8864,#8865),
 .UNSPECIFIED.,.F.,.F.,(4,1,4),(-0.0552253307414486,-0.0271224259273493,
0.),.UNSPECIFIED.);
#162=B_SPLINE_CURVE_WITH_KNOTS('',3,(#8878,#8879,#8880,#8881,#8882),
 .UNSPECIFIED.,.F.,.F.,(4,1,4),(0.,0.0426246962429531,0.07837241915276),
 .UNSPECIFIED.);
#163=B_SPLINE_CURVE_WITH_KNOTS('',3,(#8884,#8885,#8886,#8887,#8888),
 .UNSPECIFIED.,.F.,.F.,(4,1,4),(-0.07837241915276,-0.0426246962429531,0.),
 .UNSPECIFIED.);
#164=B_SPLINE_CURVE_WITH_KNOTS('',3,(#8901,#8902,#8903,#8904,#8905),
 .UNSPECIFIED.,.F.,.F.,(4,1,4),(0.,0.0328014171849759,0.0664668001083953),
 .UNSPECIFIED.);
#165=B_SPLINE_CURVE_WITH_KNOTS('',3,(#8907,#8908,#8909,#8910,#8911),
 .UNSPECIFIED.,.F.,.F.,(4,1,4),(-0.0664668001083953,-0.0328014171849759,
0.),.UNSPECIFIED.);
#166=B_SPLINE_CURVE_WITH_KNOTS('',3,(#8924,#8925,#8926,#8927,#8928),
 .UNSPECIFIED.,.F.,.F.,(4,1,4),(0.,0.0205050100928314,0.040398657369776),
 .UNSPECIFIED.);
#167=B_SPLINE_CURVE_WITH_KNOTS('',3,(#8930,#8931,#8932,#8933,#8934),
 .UNSPECIFIED.,.F.,.F.,(4,1,4),(-0.040398657369776,-0.0205050100928314,
0.),.UNSPECIFIED.);
#168=B_SPLINE_CURVE_WITH_KNOTS('',3,(#8947,#8948,#8949,#8950,#8951),
 .UNSPECIFIED.,.F.,.F.,(4,1,4),(0.,0.0194079276733894,0.0382384230644404),
 .UNSPECIFIED.);
#169=B_SPLINE_CURVE_WITH_KNOTS('',3,(#8953,#8954,#8955,#8956,#8957),
 .UNSPECIFIED.,.F.,.F.,(4,1,4),(-0.0382384230644404,-0.0194079276733894,
0.),.UNSPECIFIED.);
#170=B_SPLINE_CURVE_WITH_KNOTS('',3,(#8970,#8971,#8972,#8973,#8974),
 .UNSPECIFIED.,.F.,.F.,(4,1,4),(0.,0.0191177181158204,0.0389585848060392),
 .UNSPECIFIED.);
#171=B_SPLINE_CURVE_WITH_KNOTS('',3,(#8976,#8977,#8978,#8979,#8980),
 .UNSPECIFIED.,.F.,.F.,(4,1,4),(-0.0389585848060392,-0.0191177181158204,
0.),.UNSPECIFIED.);
#172=B_SPLINE_CURVE_WITH_KNOTS('',3,(#8993,#8994,#8995,#8996,#8997),
 .UNSPECIFIED.,.F.,.F.,(4,1,4),(0.,0.0185284106028575,0.0442949195771079),
 .UNSPECIFIED.);
#173=B_SPLINE_CURVE_WITH_KNOTS('',3,(#8999,#9000,#9001,#9002,#9003),
 .UNSPECIFIED.,.F.,.F.,(4,1,4),(-0.0442949195771079,-0.0185284106028575,
0.),.UNSPECIFIED.);
#174=B_SPLINE_CURVE_WITH_KNOTS('',3,(#9016,#9017,#9018,#9019,#9020),
 .UNSPECIFIED.,.F.,.F.,(4,1,4),(0.,0.0522194200444501,0.0893114635073375),
 .UNSPECIFIED.);
#175=B_SPLINE_CURVE_WITH_KNOTS('',3,(#9022,#9023,#9024,#9025,#9026),
 .UNSPECIFIED.,.F.,.F.,(4,1,4),(-0.0893114635073375,-0.0522194200444501,
0.),.UNSPECIFIED.);
#176=B_SPLINE_CURVE_WITH_KNOTS('',3,(#9039,#9040,#9041,#9042,#9043),
 .UNSPECIFIED.,.F.,.F.,(4,1,4),(0.,0.00825628776884585,0.0128270421610497),
 .UNSPECIFIED.);
#177=B_SPLINE_CURVE_WITH_KNOTS('',3,(#9045,#9046,#9047,#9048,#9049),
 .UNSPECIFIED.,.F.,.F.,(4,1,4),(-0.0128270421610497,-0.00825628776884585,
0.),.UNSPECIFIED.);
#178=B_SPLINE_CURVE_WITH_KNOTS('',3,(#9062,#9063,#9064,#9065,#9066),
 .UNSPECIFIED.,.F.,.F.,(4,1,4),(0.,0.0258152764123383,0.0455184873163125),
 .UNSPECIFIED.);
#179=B_SPLINE_CURVE_WITH_KNOTS('',3,(#9068,#9069,#9070,#9071,#9072),
 .UNSPECIFIED.,.F.,.F.,(4,1,4),(-0.0455184873163125,-0.0258152764123383,
0.),.UNSPECIFIED.);
#180=B_SPLINE_CURVE_WITH_KNOTS('',3,(#9085,#9086,#9087,#9088,#9089),
 .UNSPECIFIED.,.F.,.F.,(4,1,4),(0.,0.026518815000483,0.0593212577088544),
 .UNSPECIFIED.);
#181=B_SPLINE_CURVE_WITH_KNOTS('',3,(#9091,#9092,#9093,#9094,#9095),
 .UNSPECIFIED.,.F.,.F.,(4,1,4),(-0.0593212577088544,-0.026518815000483,
0.),.UNSPECIFIED.);
#182=B_SPLINE_CURVE_WITH_KNOTS('',3,(#9108,#9109,#9110,#9111,#9112),
 .UNSPECIFIED.,.F.,.F.,(4,1,4),(0.,0.0302685536920279,0.0531980550078259),
 .UNSPECIFIED.);
#183=B_SPLINE_CURVE_WITH_KNOTS('',3,(#9114,#9115,#9116,#9117,#9118),
 .UNSPECIFIED.,.F.,.F.,(4,1,4),(-0.0531980550078259,-0.0302685536920279,
0.),.UNSPECIFIED.);
#184=B_SPLINE_CURVE_WITH_KNOTS('',3,(#9131,#9132,#9133,#9134,#9135),
 .UNSPECIFIED.,.F.,.F.,(4,1,4),(0.,0.0221110915397179,0.0501389215180752),
 .UNSPECIFIED.);
#185=B_SPLINE_CURVE_WITH_KNOTS('',3,(#9137,#9138,#9139,#9140,#9141),
 .UNSPECIFIED.,.F.,.F.,(4,1,4),(-0.0501389215180752,-0.0221110915397179,
0.),.UNSPECIFIED.);
#186=B_SPLINE_CURVE_WITH_KNOTS('',3,(#9160,#9161,#9162,#9163,#9164),
 .UNSPECIFIED.,.F.,.F.,(4,1,4),(0.,0.0291805255375751,0.0546197396286488),
 .UNSPECIFIED.);
#187=B_SPLINE_CURVE_WITH_KNOTS('',3,(#9166,#9167,#9168,#9169,#9170),
 .UNSPECIFIED.,.F.,.F.,(4,1,4),(-0.0546197396286488,-0.0291805255375751,
0.),.UNSPECIFIED.);
#188=B_SPLINE_CURVE_WITH_KNOTS('',3,(#9183,#9184,#9185,#9186,#9187),
 .UNSPECIFIED.,.F.,.F.,(4,1,4),(0.,0.0248651658491969,0.0528085018068107),
 .UNSPECIFIED.);
#189=B_SPLINE_CURVE_WITH_KNOTS('',3,(#9189,#9190,#9191,#9192,#9193),
 .UNSPECIFIED.,.F.,.F.,(4,1,4),(-0.0528085018068107,-0.0248651658491969,
0.),.UNSPECIFIED.);
#190=B_SPLINE_CURVE_WITH_KNOTS('',3,(#9206,#9207,#9208,#9209,#9210),
 .UNSPECIFIED.,.F.,.F.,(4,1,4),(0.,0.0315742392031857,0.0667969134940921),
 .UNSPECIFIED.);
#191=B_SPLINE_CURVE_WITH_KNOTS('',3,(#9212,#9213,#9214,#9215,#9216),
 .UNSPECIFIED.,.F.,.F.,(4,1,4),(-0.0667969134940921,-0.0315742392031857,
0.),.UNSPECIFIED.);
#192=B_SPLINE_CURVE_WITH_KNOTS('',3,(#9229,#9230,#9231,#9232,#9233),
 .UNSPECIFIED.,.F.,.F.,(4,1,4),(0.,0.0336995889140327,0.0611630141523909),
 .UNSPECIFIED.);
#193=B_SPLINE_CURVE_WITH_KNOTS('',3,(#9235,#9236,#9237,#9238,#9239),
 .UNSPECIFIED.,.F.,.F.,(4,1,4),(-0.0611630141523909,-0.0336995889140327,
0.),.UNSPECIFIED.);
#194=B_SPLINE_CURVE_WITH_KNOTS('',3,(#9252,#9253,#9254,#9255,#9256),
 .UNSPECIFIED.,.F.,.F.,(4,1,4),(0.,0.0224070672192089,0.0409041602925217),
 .UNSPECIFIED.);
#195=B_SPLINE_CURVE_WITH_KNOTS('',3,(#9258,#9259,#9260,#9261,#9262),
 .UNSPECIFIED.,.F.,.F.,(4,1,4),(-0.0409041602925217,-0.0224070672192089,
0.),.UNSPECIFIED.);
#196=B_SPLINE_CURVE_WITH_KNOTS('',3,(#9275,#9276,#9277,#9278,#9279),
 .UNSPECIFIED.,.F.,.F.,(4,1,4),(0.,0.0176137020867605,0.0370171528768735),
 .UNSPECIFIED.);
#197=B_SPLINE_CURVE_WITH_KNOTS('',3,(#9281,#9282,#9283,#9284,#9285),
 .UNSPECIFIED.,.F.,.F.,(4,1,4),(-0.0370171528768735,-0.0176137020867605,
0.),.UNSPECIFIED.);
#198=B_SPLINE_CURVE_WITH_KNOTS('',3,(#9298,#9299,#9300,#9301,#9302),
 .UNSPECIFIED.,.F.,.F.,(4,1,4),(0.,0.017695038819937,0.0453962468666059),
 .UNSPECIFIED.);
#199=B_SPLINE_CURVE_WITH_KNOTS('',3,(#9304,#9305,#9306,#9307,#9308),
 .UNSPECIFIED.,.F.,.F.,(4,1,4),(-0.0453962468666059,-0.017695038819937,
0.),.UNSPECIFIED.);
#200=B_SPLINE_CURVE_WITH_KNOTS('',3,(#9327,#9328,#9329,#9330,#9331),
 .UNSPECIFIED.,.F.,.F.,(4,1,4),(0.,0.0559058996681357,0.0867257666716263),
 .UNSPECIFIED.);
#201=B_SPLINE_CURVE_WITH_KNOTS('',3,(#9333,#9334,#9335,#9336,#9337),
 .UNSPECIFIED.,.F.,.F.,(4,1,4),(-0.0867257666716263,-0.0559058996681357,
0.),.UNSPECIFIED.);
#202=B_SPLINE_CURVE_WITH_KNOTS('',3,(#9350,#9351,#9352,#9353,#9354),
 .UNSPECIFIED.,.F.,.F.,(4,1,4),(0.,0.0183735155814206,0.0370708595158056),
 .UNSPECIFIED.);
#203=B_SPLINE_CURVE_WITH_KNOTS('',3,(#9356,#9357,#9358,#9359,#9360),
 .UNSPECIFIED.,.F.,.F.,(4,1,4),(-0.0370708595158056,-0.0183735155814206,
0.),.UNSPECIFIED.);
#204=B_SPLINE_CURVE_WITH_KNOTS('',3,(#9378,#9379,#9380,#9381,#9382),
 .UNSPECIFIED.,.F.,.F.,(4,1,4),(0.,0.0177239235351617,0.0372172001038529),
 .UNSPECIFIED.);
#205=B_SPLINE_CURVE_WITH_KNOTS('',3,(#9383,#9384,#9385,#9386,#9387),
 .UNSPECIFIED.,.F.,.F.,(4,1,4),(-0.0372172001038529,-0.0177239235351617,
0.),.UNSPECIFIED.);
#206=B_SPLINE_CURVE_WITH_KNOTS('',3,(#9410,#9411,#9412,#9413,#9414),
 .UNSPECIFIED.,.F.,.F.,(4,1,4),(0.,0.032601529304777,0.0585424742755757),
 .UNSPECIFIED.);
#207=B_SPLINE_CURVE_WITH_KNOTS('',3,(#9416,#9417,#9418,#9419,#9420),
 .UNSPECIFIED.,.F.,.F.,(4,1,4),(-0.0585424742755757,-0.032601529304777,
0.),.UNSPECIFIED.);
#208=B_SPLINE_CURVE_WITH_KNOTS('',3,(#9433,#9434,#9435,#9436,#9437),
 .UNSPECIFIED.,.F.,.F.,(4,1,4),(0.,0.0343351545126388,0.0689716079167804),
 .UNSPECIFIED.);
#209=B_SPLINE_CURVE_WITH_KNOTS('',3,(#9439,#9440,#9441,#9442,#9443),
 .UNSPECIFIED.,.F.,.F.,(4,1,4),(-0.0689716079167804,-0.0343351545126388,
0.),.UNSPECIFIED.);
#210=B_SPLINE_CURVE_WITH_KNOTS('',3,(#9456,#9457,#9458,#9459,#9460),
 .UNSPECIFIED.,.F.,.F.,(4,1,4),(0.,0.0316498772233769,0.0624972587711683),
 .UNSPECIFIED.);
#211=B_SPLINE_CURVE_WITH_KNOTS('',3,(#9462,#9463,#9464,#9465,#9466),
 .UNSPECIFIED.,.F.,.F.,(4,1,4),(-0.0624972587711683,-0.0316498772233769,
0.),.UNSPECIFIED.);
#212=B_SPLINE_CURVE_WITH_KNOTS('',3,(#9478,#9479,#9480,#9481,#9482),
 .UNSPECIFIED.,.F.,.F.,(4,1,4),(0.,0.031954833237744,0.0668989776708334),
 .UNSPECIFIED.);
#213=B_SPLINE_CURVE_WITH_KNOTS('',3,(#9483,#9484,#9485,#9486,#9487),
 .UNSPECIFIED.,.F.,.F.,(4,1,4),(-0.0668989776708334,-0.031954833237744,
0.),.UNSPECIFIED.);
#214=B_SPLINE_CURVE_WITH_KNOTS('',3,(#9508,#9509,#9510,#9511,#9512),
 .UNSPECIFIED.,.F.,.F.,(4,1,4),(0.,0.0430466054879431,0.0833031413110526),
 .UNSPECIFIED.);
#215=B_SPLINE_CURVE_WITH_KNOTS('',3,(#9514,#9515,#9516,#9517,#9518),
 .UNSPECIFIED.,.F.,.F.,(4,1,4),(-0.0833031413110526,-0.0430466054879431,
0.),.UNSPECIFIED.);
#216=B_SPLINE_CURVE_WITH_KNOTS('',3,(#9531,#9532,#9533,#9534,#9535),
 .UNSPECIFIED.,.F.,.F.,(4,1,4),(0.,0.0413045148397209,0.0876882716726235),
 .UNSPECIFIED.);
#217=B_SPLINE_CURVE_WITH_KNOTS('',3,(#9537,#9538,#9539,#9540,#9541),
 .UNSPECIFIED.,.F.,.F.,(4,1,4),(-0.0876882716726235,-0.0413045148397209,
0.),.UNSPECIFIED.);
#218=B_SPLINE_CURVE_WITH_KNOTS('',3,(#9554,#9555,#9556,#9557,#9558),
 .UNSPECIFIED.,.F.,.F.,(4,1,4),(0.,0.0578265441457679,0.110581726666099),
 .UNSPECIFIED.);
#219=B_SPLINE_CURVE_WITH_KNOTS('',3,(#9560,#9561,#9562,#9563,#9564),
 .UNSPECIFIED.,.F.,.F.,(4,1,4),(-0.110581726666099,-0.0578265441457679,
0.),.UNSPECIFIED.);
#220=B_SPLINE_CURVE_WITH_KNOTS('',3,(#9577,#9578,#9579,#9580,#9581),
 .UNSPECIFIED.,.F.,.F.,(4,1,4),(0.,0.0547022688086526,0.118178787015301),
 .UNSPECIFIED.);
#221=B_SPLINE_CURVE_WITH_KNOTS('',3,(#9583,#9584,#9585,#9586,#9587),
 .UNSPECIFIED.,.F.,.F.,(4,1,4),(-0.118178787015301,-0.0547022688086526,
0.),.UNSPECIFIED.);
#222=B_SPLINE_CURVE_WITH_KNOTS('',3,(#9600,#9601,#9602,#9603,#9604),
 .UNSPECIFIED.,.F.,.F.,(4,1,4),(0.,0.0656173111978869,0.121798397192254),
 .UNSPECIFIED.);
#223=B_SPLINE_CURVE_WITH_KNOTS('',3,(#9606,#9607,#9608,#9609,#9610),
 .UNSPECIFIED.,.F.,.F.,(4,1,4),(-0.121798397192254,-0.0656173111978869,
0.),.UNSPECIFIED.);
#224=B_SPLINE_CURVE_WITH_KNOTS('',3,(#9623,#9624,#9625,#9626,#9627),
 .UNSPECIFIED.,.F.,.F.,(4,1,4),(0.,0.0527972781224155,0.108159361771909),
 .UNSPECIFIED.);
#225=B_SPLINE_CURVE_WITH_KNOTS('',3,(#9629,#9630,#9631,#9632,#9633),
 .UNSPECIFIED.,.F.,.F.,(4,1,4),(-0.108159361771909,-0.0527972781224155,
0.),.UNSPECIFIED.);
#226=B_SPLINE_CURVE_WITH_KNOTS('',3,(#9646,#9647,#9648,#9649,#9650),
 .UNSPECIFIED.,.F.,.F.,(4,1,4),(0.,0.0537153179683187,0.105266936818725),
 .UNSPECIFIED.);
#227=B_SPLINE_CURVE_WITH_KNOTS('',3,(#9652,#9653,#9654,#9655,#9656),
 .UNSPECIFIED.,.F.,.F.,(4,1,4),(-0.105266936818725,-0.0537153179683187,
0.),.UNSPECIFIED.);
#228=B_SPLINE_CURVE_WITH_KNOTS('',3,(#9669,#9670,#9671,#9672,#9673),
 .UNSPECIFIED.,.F.,.F.,(4,1,4),(0.,0.0550468225099685,0.119419667151319),
 .UNSPECIFIED.);
#229=B_SPLINE_CURVE_WITH_KNOTS('',3,(#9675,#9676,#9677,#9678,#9679),
 .UNSPECIFIED.,.F.,.F.,(4,1,4),(-0.119419667151319,-0.0550468225099685,
0.),.UNSPECIFIED.);
#230=B_SPLINE_CURVE_WITH_KNOTS('',3,(#9692,#9693,#9694,#9695,#9696),
 .UNSPECIFIED.,.F.,.F.,(4,1,4),(0.,0.00545746964608266,0.0131000331797889),
 .UNSPECIFIED.);
#231=B_SPLINE_CURVE_WITH_KNOTS('',3,(#9698,#9699,#9700,#9701,#9702),
 .UNSPECIFIED.,.F.,.F.,(4,1,4),(-0.0131000331797889,-0.00545746964608266,
0.),.UNSPECIFIED.);
#232=B_SPLINE_CURVE_WITH_KNOTS('',3,(#9721,#9722,#9723,#9724,#9725),
 .UNSPECIFIED.,.F.,.F.,(4,1,4),(0.,0.0429299192634779,0.0792077534226265),
 .UNSPECIFIED.);
#233=B_SPLINE_CURVE_WITH_KNOTS('',3,(#9727,#9728,#9729,#9730,#9731),
 .UNSPECIFIED.,.F.,.F.,(4,1,4),(-0.0792077534226265,-0.0429299192634779,
0.),.UNSPECIFIED.);
#234=B_SPLINE_CURVE_WITH_KNOTS('',3,(#9744,#9745,#9746,#9747,#9748),
 .UNSPECIFIED.,.F.,.F.,(4,1,4),(0.,0.0332666482840325,0.0671537350207179),
 .UNSPECIFIED.);
#235=B_SPLINE_CURVE_WITH_KNOTS('',3,(#9750,#9751,#9752,#9753,#9754),
 .UNSPECIFIED.,.F.,.F.,(4,1,4),(-0.0671537350207179,-0.0332666482840325,
0.),.UNSPECIFIED.);
#236=B_SPLINE_CURVE_WITH_KNOTS('',3,(#9767,#9768,#9769,#9770,#9771),
 .UNSPECIFIED.,.F.,.F.,(4,1,4),(0.,0.0252839952465256,0.0488954644669326),
 .UNSPECIFIED.);
#237=B_SPLINE_CURVE_WITH_KNOTS('',3,(#9773,#9774,#9775,#9776,#9777),
 .UNSPECIFIED.,.F.,.F.,(4,1,4),(-0.0488954644669326,-0.0252839952465256,
0.),.UNSPECIFIED.);
#238=B_SPLINE_CURVE_WITH_KNOTS('',3,(#9789,#9790,#9791,#9792,#9793),
 .UNSPECIFIED.,.F.,.F.,(4,1,4),(0.,0.0251467321825995,0.0550737877024544),
 .UNSPECIFIED.);
#239=B_SPLINE_CURVE_WITH_KNOTS('',3,(#9794,#9795,#9796,#9797,#9798),
 .UNSPECIFIED.,.F.,.F.,(4,1,4),(-0.0550737877024544,-0.0251467321825995,
0.),.UNSPECIFIED.);
#240=B_SPLINE_CURVE_WITH_KNOTS('',3,(#9948,#9949,#9950,#9951,#9952),
 .UNSPECIFIED.,.F.,.F.,(4,1,4),(0.,0.0496418174854111,0.0875603735766831),
 .UNSPECIFIED.);
#241=B_SPLINE_CURVE_WITH_KNOTS('',3,(#9956,#9957,#9958,#9959,#9960),
 .UNSPECIFIED.,.F.,.F.,(4,1,4),(-0.0875603735766831,-0.0496418174854111,
0.),.UNSPECIFIED.);
#242=B_SPLINE_CURVE_WITH_KNOTS('',3,(#9973,#9974,#9975,#9976,#9977),
 .UNSPECIFIED.,.F.,.F.,(4,1,4),(0.,0.0321989685347269,0.0641193149697443),
 .UNSPECIFIED.);
#243=B_SPLINE_CURVE_WITH_KNOTS('',3,(#9979,#9980,#9981,#9982,#9983),
 .UNSPECIFIED.,.F.,.F.,(4,1,4),(-0.0641193149697443,-0.0321989685347269,
0.),.UNSPECIFIED.);
#244=B_SPLINE_CURVE_WITH_KNOTS('',3,(#9996,#9997,#9998,#9999,#10000),
 .UNSPECIFIED.,.F.,.F.,(4,1,4),(0.,0.0317798655226556,0.0640250891970194),
 .UNSPECIFIED.);
#245=B_SPLINE_CURVE_WITH_KNOTS('',3,(#10002,#10003,#10004,#10005,#10006),
 .UNSPECIFIED.,.F.,.F.,(4,1,4),(-0.0640250891970194,-0.0317798655226556,
0.),.UNSPECIFIED.);
#246=B_SPLINE_CURVE_WITH_KNOTS('',3,(#10019,#10020,#10021,#10022,#10023),
 .UNSPECIFIED.,.F.,.F.,(4,1,4),(0.,0.037615745595192,0.0862153054583386),
 .UNSPECIFIED.);
#247=B_SPLINE_CURVE_WITH_KNOTS('',3,(#10025,#10026,#10027,#10028,#10029),
 .UNSPECIFIED.,.F.,.F.,(4,1,4),(-0.0862153054583386,-0.037615745595192,
0.),.UNSPECIFIED.);
#248=B_SPLINE_CURVE_WITH_KNOTS('',3,(#10042,#10043,#10044,#10045,#10046),
 .UNSPECIFIED.,.F.,.F.,(4,1,4),(0.,0.0470291679190077,0.0849720097793204),
 .UNSPECIFIED.);
#249=B_SPLINE_CURVE_WITH_KNOTS('',3,(#10048,#10049,#10050,#10051,#10052),
 .UNSPECIFIED.,.F.,.F.,(4,1,4),(-0.0849720097793204,-0.0470291679190077,
0.),.UNSPECIFIED.);
#250=B_SPLINE_CURVE_WITH_KNOTS('',3,(#10065,#10066,#10067,#10068,#10069),
 .UNSPECIFIED.,.F.,.F.,(4,1,4),(0.,0.0329793807688156,0.0645758659706034),
 .UNSPECIFIED.);
#251=B_SPLINE_CURVE_WITH_KNOTS('',3,(#10071,#10072,#10073,#10074,#10075),
 .UNSPECIFIED.,.F.,.F.,(4,1,4),(-0.0645758659706034,-0.0329793807688156,
0.),.UNSPECIFIED.);
#252=B_SPLINE_CURVE_WITH_KNOTS('',3,(#10088,#10089,#10090,#10091,#10092),
 .UNSPECIFIED.,.F.,.F.,(4,1,4),(0.,0.0310079525513467,0.0632879927593051),
 .UNSPECIFIED.);
#253=B_SPLINE_CURVE_WITH_KNOTS('',3,(#10094,#10095,#10096,#10097,#10098),
 .UNSPECIFIED.,.F.,.F.,(4,1,4),(-0.0632879927593051,-0.0310079525513467,
0.),.UNSPECIFIED.);
#254=B_SPLINE_CURVE_WITH_KNOTS('',3,(#10110,#10111,#10112,#10113,#10114),
 .UNSPECIFIED.,.F.,.F.,(4,1,4),(0.,0.0372521733651356,0.0835494419020963),
 .UNSPECIFIED.);
#255=B_SPLINE_CURVE_WITH_KNOTS('',3,(#10115,#10116,#10117,#10118,#10119),
 .UNSPECIFIED.,.F.,.F.,(4,1,4),(-0.0835494419020963,-0.0372521733651356,
0.),.UNSPECIFIED.);
#256=B_SPLINE_CURVE_WITH_KNOTS('',3,(#10140,#10141,#10142,#10143,#10144),
 .UNSPECIFIED.,.F.,.F.,(4,1,4),(0.,0.0199210843141129,0.037013139245175),
 .UNSPECIFIED.);
#257=B_SPLINE_CURVE_WITH_KNOTS('',3,(#10146,#10147,#10148,#10149,#10150),
 .UNSPECIFIED.,.F.,.F.,(4,1,4),(-0.037013139245175,-0.0199210843141129,
0.),.UNSPECIFIED.);
#258=B_SPLINE_CURVE_WITH_KNOTS('',3,(#10163,#10164,#10165,#10166,#10167),
 .UNSPECIFIED.,.F.,.F.,(4,1,4),(0.,0.0239220042476554,0.0524351149279818),
 .UNSPECIFIED.);
#259=B_SPLINE_CURVE_WITH_KNOTS('',3,(#10169,#10170,#10171,#10172,#10173),
 .UNSPECIFIED.,.F.,.F.,(4,1,4),(-0.0524351149279818,-0.0239220042476554,
0.),.UNSPECIFIED.);
#260=B_SPLINE_CURVE_WITH_KNOTS('',3,(#10186,#10187,#10188,#10189,#10190),
 .UNSPECIFIED.,.F.,.F.,(4,1,4),(0.,0.0304099899532572,0.0550745391593558),
 .UNSPECIFIED.);
#261=B_SPLINE_CURVE_WITH_KNOTS('',3,(#10192,#10193,#10194,#10195,#10196),
 .UNSPECIFIED.,.F.,.F.,(4,1,4),(-0.0550745391593558,-0.0304099899532572,
0.),.UNSPECIFIED.);
#262=B_SPLINE_CURVE_WITH_KNOTS('',3,(#10209,#10210,#10211,#10212,#10213),
 .UNSPECIFIED.,.F.,.F.,(4,1,4),(0.,0.0225809719585287,0.0464066262698491),
 .UNSPECIFIED.);
#263=B_SPLINE_CURVE_WITH_KNOTS('',3,(#10215,#10216,#10217,#10218,#10219),
 .UNSPECIFIED.,.F.,.F.,(4,1,4),(-0.0464066262698491,-0.0225809719585287,
0.),.UNSPECIFIED.);
#264=B_SPLINE_CURVE_WITH_KNOTS('',3,(#10232,#10233,#10234,#10235,#10236),
 .UNSPECIFIED.,.F.,.F.,(4,1,4),(0.,0.0234280818156512,0.0632032544460353),
 .UNSPECIFIED.);
#265=B_SPLINE_CURVE_WITH_KNOTS('',3,(#10238,#10239,#10240,#10241,#10242),
 .UNSPECIFIED.,.F.,.F.,(4,1,4),(-0.0632032544460353,-0.0234280818156512,
0.),.UNSPECIFIED.);
#266=B_SPLINE_CURVE_WITH_KNOTS('',3,(#10255,#10256,#10257,#10258,#10259),
 .UNSPECIFIED.,.F.,.F.,(4,1,4),(0.,0.0460012353172772,0.0910754794212174),
 .UNSPECIFIED.);
#267=B_SPLINE_CURVE_WITH_KNOTS('',3,(#10261,#10262,#10263,#10264,#10265),
 .UNSPECIFIED.,.F.,.F.,(4,1,4),(-0.0910754794212174,-0.0460012353172772,
0.),.UNSPECIFIED.);
#268=B_SPLINE_CURVE_WITH_KNOTS('',3,(#10278,#10279,#10280,#10281,#10282),
 .UNSPECIFIED.,.F.,.F.,(4,1,4),(0.,0.0540860975815444,0.105127929947285),
 .UNSPECIFIED.);
#269=B_SPLINE_CURVE_WITH_KNOTS('',3,(#10284,#10285,#10286,#10287,#10288),
 .UNSPECIFIED.,.F.,.F.,(4,1,4),(-0.105127929947285,-0.0540860975815444,
0.),.UNSPECIFIED.);
#270=B_SPLINE_CURVE_WITH_KNOTS('',3,(#10301,#10302,#10303,#10304,#10305),
 .UNSPECIFIED.,.F.,.F.,(4,1,4),(0.,0.0533905561502944,0.10998832116344),
 .UNSPECIFIED.);
#271=B_SPLINE_CURVE_WITH_KNOTS('',3,(#10307,#10308,#10309,#10310,#10311),
 .UNSPECIFIED.,.F.,.F.,(4,1,4),(-0.10998832116344,-0.0533905561502944,0.),
 .UNSPECIFIED.);
#272=B_SPLINE_CURVE_WITH_KNOTS('',3,(#10324,#10325,#10326,#10327,#10328),
 .UNSPECIFIED.,.F.,.F.,(4,1,4),(0.,0.0400464877895856,0.0783995989011052),
 .UNSPECIFIED.);
#273=B_SPLINE_CURVE_WITH_KNOTS('',3,(#10330,#10331,#10332,#10333,#10334),
 .UNSPECIFIED.,.F.,.F.,(4,1,4),(-0.0783995989011052,-0.0400464877895856,
0.),.UNSPECIFIED.);
#274=B_SPLINE_CURVE_WITH_KNOTS('',3,(#10347,#10348,#10349,#10350,#10351),
 .UNSPECIFIED.,.F.,.F.,(4,1,4),(0.,0.036101888467558,0.0702338656668655),
 .UNSPECIFIED.);
#275=B_SPLINE_CURVE_WITH_KNOTS('',3,(#10353,#10354,#10355,#10356,#10357),
 .UNSPECIFIED.,.F.,.F.,(4,1,4),(-0.0702338656668655,-0.036101888467558,
0.),.UNSPECIFIED.);
#276=B_SPLINE_CURVE_WITH_KNOTS('',3,(#10370,#10371,#10372,#10373,#10374),
 .UNSPECIFIED.,.F.,.F.,(4,1,4),(0.,0.0341521303386126,0.0704499351152624),
 .UNSPECIFIED.);
#277=B_SPLINE_CURVE_WITH_KNOTS('',3,(#10376,#10377,#10378,#10379,#10380),
 .UNSPECIFIED.,.F.,.F.,(4,1,4),(-0.0704499351152624,-0.0341521303386126,
0.),.UNSPECIFIED.);
#278=B_SPLINE_CURVE_WITH_KNOTS('',3,(#10393,#10394,#10395,#10396,#10397),
 .UNSPECIFIED.,.F.,.F.,(4,1,4),(0.,0.0479288558895983,0.0968736638409081),
 .UNSPECIFIED.);
#279=B_SPLINE_CURVE_WITH_KNOTS('',3,(#10399,#10400,#10401,#10402,#10403),
 .UNSPECIFIED.,.F.,.F.,(4,1,4),(-0.0968736638409081,-0.0479288558895983,
0.),.UNSPECIFIED.);
#280=B_SPLINE_CURVE_WITH_KNOTS('',3,(#10434,#10435,#10436,#10437,#10438),
 .UNSPECIFIED.,.F.,.F.,(4,1,4),(0.,0.0579129018222303,0.0973865758770123),
 .UNSPECIFIED.);
#281=B_SPLINE_CURVE_WITH_KNOTS('',3,(#10440,#10441,#10442,#10443,#10444),
 .UNSPECIFIED.,.F.,.F.,(4,1,4),(-0.0973865758770123,-0.0579129018222303,
0.),.UNSPECIFIED.);
#282=B_SPLINE_CURVE_WITH_KNOTS('',3,(#10457,#10458,#10459,#10460,#10461),
 .UNSPECIFIED.,.F.,.F.,(4,1,4),(0.,0.0309140566047853,0.0631992126120112),
 .UNSPECIFIED.);
#283=B_SPLINE_CURVE_WITH_KNOTS('',3,(#10463,#10464,#10465,#10466,#10467),
 .UNSPECIFIED.,.F.,.F.,(4,1,4),(-0.0631992126120112,-0.0309140566047853,
0.),.UNSPECIFIED.);
#284=B_SPLINE_CURVE_WITH_KNOTS('',3,(#10480,#10481,#10482,#10483,#10484),
 .UNSPECIFIED.,.F.,.F.,(4,1,4),(0.,0.0355119954839177,0.0759314230647195),
 .UNSPECIFIED.);
#285=B_SPLINE_CURVE_WITH_KNOTS('',3,(#10486,#10487,#10488,#10489,#10490),
 .UNSPECIFIED.,.F.,.F.,(4,1,4),(-0.0759314230647195,-0.0355119954839177,
0.),.UNSPECIFIED.);
#286=B_SPLINE_CURVE_WITH_KNOTS('',3,(#10503,#10504,#10505,#10506,#10507),
 .UNSPECIFIED.,.F.,.F.,(4,1,4),(0.,0.0472238884905238,0.088064491786454),
 .UNSPECIFIED.);
#287=B_SPLINE_CURVE_WITH_KNOTS('',3,(#10509,#10510,#10511,#10512,#10513),
 .UNSPECIFIED.,.F.,.F.,(4,1,4),(-0.088064491786454,-0.0472238884905238,
0.),.UNSPECIFIED.);
#288=B_SPLINE_CURVE_WITH_KNOTS('',3,(#10525,#10526,#10527,#10528,#10529),
 .UNSPECIFIED.,.F.,.F.,(4,1,4),(0.,0.0376113141555651,0.0792618118101155),
 .UNSPECIFIED.);
#289=B_SPLINE_CURVE_WITH_KNOTS('',3,(#10530,#10531,#10532,#10533,#10534),
 .UNSPECIFIED.,.F.,.F.,(4,1,4),(-0.0792618118101155,-0.0376113141555651,
0.),.UNSPECIFIED.);
#290=B_SPLINE_CURVE_WITH_KNOTS('',3,(#10549,#10550,#10551,#10552,#10553),
 .UNSPECIFIED.,.F.,.F.,(4,1,4),(0.,0.0349157223225691,0.0824679802230752),
 .UNSPECIFIED.);
#291=B_SPLINE_CURVE_WITH_KNOTS('',3,(#10557,#10558,#10559,#10560,#10561),
 .UNSPECIFIED.,.F.,.F.,(4,1,4),(-0.0824679802230752,-0.0349157223225691,
0.),.UNSPECIFIED.);
#292=B_SPLINE_CURVE_WITH_KNOTS('',3,(#10574,#10575,#10576,#10577,#10578),
 .UNSPECIFIED.,.F.,.F.,(4,1,4),(0.,0.0262652639010186,0.0440239780219531),
 .UNSPECIFIED.);
#293=B_SPLINE_CURVE_WITH_KNOTS('',3,(#10580,#10581,#10582,#10583,#10584),
 .UNSPECIFIED.,.F.,.F.,(4,1,4),(-0.0440239780219531,-0.0262652639010186,
0.),.UNSPECIFIED.);
#294=B_SPLINE_CURVE_WITH_KNOTS('',3,(#10597,#10598,#10599,#10600,#10601),
 .UNSPECIFIED.,.F.,.F.,(4,1,4),(0.,0.0129911222368654,0.0253828687305699),
 .UNSPECIFIED.);
#295=B_SPLINE_CURVE_WITH_KNOTS('',3,(#10603,#10604,#10605,#10606,#10607),
 .UNSPECIFIED.,.F.,.F.,(4,1,4),(-0.0253828687305699,-0.0129911222368654,
0.),.UNSPECIFIED.);
#296=B_SPLINE_CURVE_WITH_KNOTS('',3,(#10620,#10621,#10622,#10623,#10624),
 .UNSPECIFIED.,.F.,.F.,(4,1,4),(0.,0.0122081229743374,0.024570543917063),
 .UNSPECIFIED.);
#297=B_SPLINE_CURVE_WITH_KNOTS('',3,(#10626,#10627,#10628,#10629,#10630),
 .UNSPECIFIED.,.F.,.F.,(4,1,4),(-0.024570543917063,-0.0122081229743374,
0.),.UNSPECIFIED.);
#298=B_SPLINE_CURVE_WITH_KNOTS('',3,(#10643,#10644,#10645,#10646,#10647),
 .UNSPECIFIED.,.F.,.F.,(4,1,4),(0.,0.0183879112413707,0.0368669150592271),
 .UNSPECIFIED.);
#299=B_SPLINE_CURVE_WITH_KNOTS('',3,(#10649,#10650,#10651,#10652,#10653),
 .UNSPECIFIED.,.F.,.F.,(4,1,4),(-0.0368669150592271,-0.0183879112413707,
0.),.UNSPECIFIED.);
#300=B_SPLINE_CURVE_WITH_KNOTS('',3,(#10666,#10667,#10668,#10669,#10670),
 .UNSPECIFIED.,.F.,.F.,(4,1,4),(0.,0.0207828491606764,0.0461992850148213),
 .UNSPECIFIED.);
#301=B_SPLINE_CURVE_WITH_KNOTS('',3,(#10672,#10673,#10674,#10675,#10676),
 .UNSPECIFIED.,.F.,.F.,(4,1,4),(-0.0461992850148213,-0.0207828491606764,
0.),.UNSPECIFIED.);
#302=B_SPLINE_CURVE_WITH_KNOTS('',3,(#10689,#10690,#10691,#10692,#10693),
 .UNSPECIFIED.,.F.,.F.,(4,1,4),(0.,0.0269868544363277,0.0524220915274358),
 .UNSPECIFIED.);
#303=B_SPLINE_CURVE_WITH_KNOTS('',3,(#10695,#10696,#10697,#10698,#10699),
 .UNSPECIFIED.,.F.,.F.,(4,1,4),(-0.0524220915274358,-0.0269868544363277,
0.),.UNSPECIFIED.);
#304=B_SPLINE_CURVE_WITH_KNOTS('',3,(#10712,#10713,#10714,#10715,#10716),
 .UNSPECIFIED.,.F.,.F.,(4,1,4),(0.,0.0241554469480296,0.0475705982193312),
 .UNSPECIFIED.);
#305=B_SPLINE_CURVE_WITH_KNOTS('',3,(#10718,#10719,#10720,#10721,#10722),
 .UNSPECIFIED.,.F.,.F.,(4,1,4),(-0.0475705982193312,-0.0241554469480296,
0.),.UNSPECIFIED.);
#306=B_SPLINE_CURVE_WITH_KNOTS('',3,(#10735,#10736,#10737,#10738,#10739),
 .UNSPECIFIED.,.F.,.F.,(4,1,4),(0.,0.0214380485767212,0.0500195408267476),
 .UNSPECIFIED.);
#307=B_SPLINE_CURVE_WITH_KNOTS('',3,(#10741,#10742,#10743,#10744,#10745),
 .UNSPECIFIED.,.F.,.F.,(4,1,4),(-0.0500195408267476,-0.0214380485767212,
0.),.UNSPECIFIED.);
#308=B_SPLINE_CURVE_WITH_KNOTS('',3,(#10762,#10763,#10764,#10765,#10766),
 .UNSPECIFIED.,.F.,.F.,(4,1,4),(0.,0.033288643294749,0.0621166830882631),
 .UNSPECIFIED.);
#309=B_SPLINE_CURVE_WITH_KNOTS('',3,(#10770,#10771,#10772,#10773,#10774),
 .UNSPECIFIED.,.F.,.F.,(4,1,4),(-0.0621166830882631,-0.033288643294749,
0.),.UNSPECIFIED.);
#310=B_SPLINE_CURVE_WITH_KNOTS('',3,(#10787,#10788,#10789,#10790,#10791),
 .UNSPECIFIED.,.F.,.F.,(4,1,4),(0.,0.0271223109497251,0.0552254533204905),
 .UNSPECIFIED.);
#311=B_SPLINE_CURVE_WITH_KNOTS('',3,(#10793,#10794,#10795,#10796,#10797),
 .UNSPECIFIED.,.F.,.F.,(4,1,4),(-0.0552254533204905,-0.0271223109497251,
0.),.UNSPECIFIED.);
#312=B_SPLINE_CURVE_WITH_KNOTS('',3,(#10810,#10811,#10812,#10813,#10814),
 .UNSPECIFIED.,.F.,.F.,(4,1,4),(0.,0.0426245781548296,0.0783723010646364),
 .UNSPECIFIED.);
#313=B_SPLINE_CURVE_WITH_KNOTS('',3,(#10816,#10817,#10818,#10819,#10820),
 .UNSPECIFIED.,.F.,.F.,(4,1,4),(-0.0783723010646364,-0.0426245781548296,
0.),.UNSPECIFIED.);
#314=B_SPLINE_CURVE_WITH_KNOTS('',3,(#10833,#10834,#10835,#10836,#10837),
 .UNSPECIFIED.,.F.,.F.,(4,1,4),(0.,0.0328014171849759,0.0664668228132043),
 .UNSPECIFIED.);
#315=B_SPLINE_CURVE_WITH_KNOTS('',3,(#10839,#10840,#10841,#10842,#10843),
 .UNSPECIFIED.,.F.,.F.,(4,1,4),(-0.0664668228132043,-0.0328014171849759,
0.),.UNSPECIFIED.);
#316=B_SPLINE_CURVE_WITH_KNOTS('',3,(#10856,#10857,#10858,#10859,#10860),
 .UNSPECIFIED.,.F.,.F.,(4,1,4),(0.,0.0205050100928314,0.040398657369776),
 .UNSPECIFIED.);
#317=B_SPLINE_CURVE_WITH_KNOTS('',3,(#10862,#10863,#10864,#10865,#10866),
 .UNSPECIFIED.,.F.,.F.,(4,1,4),(-0.040398657369776,-0.0205050100928314,
0.),.UNSPECIFIED.);
#318=B_SPLINE_CURVE_WITH_KNOTS('',3,(#10879,#10880,#10881,#10882,#10883),
 .UNSPECIFIED.,.F.,.F.,(4,1,4),(0.,0.0194079276733894,0.0382384230644404),
 .UNSPECIFIED.);
#319=B_SPLINE_CURVE_WITH_KNOTS('',3,(#10885,#10886,#10887,#10888,#10889),
 .UNSPECIFIED.,.F.,.F.,(4,1,4),(-0.0382384230644404,-0.0194079276733894,
0.),.UNSPECIFIED.);
#320=B_SPLINE_CURVE_WITH_KNOTS('',3,(#10902,#10903,#10904,#10905,#10906),
 .UNSPECIFIED.,.F.,.F.,(4,1,4),(0.,0.0191178221120879,0.0389586888023067),
 .UNSPECIFIED.);
#321=B_SPLINE_CURVE_WITH_KNOTS('',3,(#10908,#10909,#10910,#10911,#10912),
 .UNSPECIFIED.,.F.,.F.,(4,1,4),(-0.0389586888023067,-0.0191178221120879,
0.),.UNSPECIFIED.);
#322=B_SPLINE_CURVE_WITH_KNOTS('',3,(#10925,#10926,#10927,#10928,#10929),
 .UNSPECIFIED.,.F.,.F.,(4,1,4),(0.,0.0185281771230153,0.0442948041273228),
 .UNSPECIFIED.);
#323=B_SPLINE_CURVE_WITH_KNOTS('',3,(#10931,#10932,#10933,#10934,#10935),
 .UNSPECIFIED.,.F.,.F.,(4,1,4),(-0.0442948041273228,-0.0185281771230153,
0.),.UNSPECIFIED.);
#324=B_SPLINE_CURVE_WITH_KNOTS('',3,(#10948,#10949,#10950,#10951,#10952),
 .UNSPECIFIED.,.F.,.F.,(4,1,4),(0.,0.0522194200444501,0.0893113479743697),
 .UNSPECIFIED.);
#325=B_SPLINE_CURVE_WITH_KNOTS('',3,(#10954,#10955,#10956,#10957,#10958),
 .UNSPECIFIED.,.F.,.F.,(4,1,4),(-0.0893113479743697,-0.0522194200444501,
0.),.UNSPECIFIED.);
#326=B_SPLINE_CURVE_WITH_KNOTS('',3,(#10971,#10972,#10973,#10974,#10975),
 .UNSPECIFIED.,.F.,.F.,(4,1,4),(0.,0.00825629367949952,0.0128270480717034),
 .UNSPECIFIED.);
#327=B_SPLINE_CURVE_WITH_KNOTS('',3,(#10977,#10978,#10979,#10980,#10981),
 .UNSPECIFIED.,.F.,.F.,(4,1,4),(-0.0128270480717034,-0.00825629367949952,
0.),.UNSPECIFIED.);
#328=B_SPLINE_CURVE_WITH_KNOTS('',3,(#10994,#10995,#10996,#10997,#10998),
 .UNSPECIFIED.,.F.,.F.,(4,1,4),(0.,0.0258152764123383,0.0455186136045747),
 .UNSPECIFIED.);
#329=B_SPLINE_CURVE_WITH_KNOTS('',3,(#11000,#11001,#11002,#11003,#11004),
 .UNSPECIFIED.,.F.,.F.,(4,1,4),(-0.0455186136045747,-0.0258152764123383,
0.),.UNSPECIFIED.);
#330=B_SPLINE_CURVE_WITH_KNOTS('',3,(#11017,#11018,#11019,#11020,#11021),
 .UNSPECIFIED.,.F.,.F.,(4,1,4),(0.,0.0265187098242649,0.0593211525326363),
 .UNSPECIFIED.);
#331=B_SPLINE_CURVE_WITH_KNOTS('',3,(#11023,#11024,#11025,#11026,#11027),
 .UNSPECIFIED.,.F.,.F.,(4,1,4),(-0.0593211525326363,-0.0265187098242649,
0.),.UNSPECIFIED.);
#332=B_SPLINE_CURVE_WITH_KNOTS('',3,(#11040,#11041,#11042,#11043,#11044),
 .UNSPECIFIED.,.F.,.F.,(4,1,4),(0.,0.0302684350837058,0.0531980458044419),
 .UNSPECIFIED.);
#333=B_SPLINE_CURVE_WITH_KNOTS('',3,(#11046,#11047,#11048,#11049,#11050),
 .UNSPECIFIED.,.F.,.F.,(4,1,4),(-0.0531980458044419,-0.0302684350837058,
0.),.UNSPECIFIED.);
#334=B_SPLINE_CURVE_WITH_KNOTS('',3,(#11063,#11064,#11065,#11066,#11067),
 .UNSPECIFIED.,.F.,.F.,(4,1,4),(0.,0.0221112463675033,0.0501389907586296),
 .UNSPECIFIED.);
#335=B_SPLINE_CURVE_WITH_KNOTS('',3,(#11069,#11070,#11071,#11072,#11073),
 .UNSPECIFIED.,.F.,.F.,(4,1,4),(-0.0501389907586296,-0.0221112463675033,
0.),.UNSPECIFIED.);
#336=B_SPLINE_CURVE_WITH_KNOTS('',3,(#11092,#11093,#11094,#11095,#11096),
 .UNSPECIFIED.,.F.,.F.,(4,1,4),(0.,0.0291804901471726,0.0546197042382463),
 .UNSPECIFIED.);
#337=B_SPLINE_CURVE_WITH_KNOTS('',3,(#11098,#11099,#11100,#11101,#11102),
 .UNSPECIFIED.,.F.,.F.,(4,1,4),(-0.0546197042382463,-0.0291804901471726,
0.),.UNSPECIFIED.);
#338=B_SPLINE_CURVE_WITH_KNOTS('',3,(#11115,#11116,#11117,#11118,#11119),
 .UNSPECIFIED.,.F.,.F.,(4,1,4),(0.,0.0248652538200177,0.0528084829796348),
 .UNSPECIFIED.);
#339=B_SPLINE_CURVE_WITH_KNOTS('',3,(#11121,#11122,#11123,#11124,#11125),
 .UNSPECIFIED.,.F.,.F.,(4,1,4),(-0.0528084829796348,-0.0248652538200177,
0.),.UNSPECIFIED.);
#340=B_SPLINE_CURVE_WITH_KNOTS('',3,(#11138,#11139,#11140,#11141,#11142),
 .UNSPECIFIED.,.F.,.F.,(4,1,4),(0.,0.0315742392031857,0.0667970323886021),
 .UNSPECIFIED.);
#341=B_SPLINE_CURVE_WITH_KNOTS('',3,(#11144,#11145,#11146,#11147,#11148),
 .UNSPECIFIED.,.F.,.F.,(4,1,4),(-0.0667970323886021,-0.0315742392031857,
0.),.UNSPECIFIED.);
#342=B_SPLINE_CURVE_WITH_KNOTS('',3,(#11161,#11162,#11163,#11164,#11165),
 .UNSPECIFIED.,.F.,.F.,(4,1,4),(0.,0.0336994699550779,0.0611630109643553),
 .UNSPECIFIED.);
#343=B_SPLINE_CURVE_WITH_KNOTS('',3,(#11167,#11168,#11169,#11170,#11171),
 .UNSPECIFIED.,.F.,.F.,(4,1,4),(-0.0611630109643553,-0.0336994699550779,
0.),.UNSPECIFIED.);
#344=B_SPLINE_CURVE_WITH_KNOTS('',3,(#11184,#11185,#11186,#11187,#11188),
 .UNSPECIFIED.,.F.,.F.,(4,1,4),(0.,0.0224071742750694,0.0409042673483822),
 .UNSPECIFIED.);
#345=B_SPLINE_CURVE_WITH_KNOTS('',3,(#11190,#11191,#11192,#11193,#11194),
 .UNSPECIFIED.,.F.,.F.,(4,1,4),(-0.0409042673483822,-0.0224071742750694,
0.),.UNSPECIFIED.);
#346=B_SPLINE_CURVE_WITH_KNOTS('',3,(#11207,#11208,#11209,#11210,#11211),
 .UNSPECIFIED.,.F.,.F.,(4,1,4),(0.,0.0176135765165153,0.0370170641863577),
 .UNSPECIFIED.);
#347=B_SPLINE_CURVE_WITH_KNOTS('',3,(#11213,#11214,#11215,#11216,#11217),
 .UNSPECIFIED.,.F.,.F.,(4,1,4),(-0.0370170641863577,-0.0176135765165153,
0.),.UNSPECIFIED.);
#348=B_SPLINE_CURVE_WITH_KNOTS('',3,(#11230,#11231,#11232,#11233,#11234),
 .UNSPECIFIED.,.F.,.F.,(4,1,4),(0.,0.0176950636372617,0.0453962664010059),
 .UNSPECIFIED.);
#349=B_SPLINE_CURVE_WITH_KNOTS('',3,(#11236,#11237,#11238,#11239,#11240),
 .UNSPECIFIED.,.F.,.F.,(4,1,4),(-0.0453962664010059,-0.0176950636372617,
0.),.UNSPECIFIED.);
#350=B_SPLINE_CURVE_WITH_KNOTS('',3,(#11259,#11260,#11261,#11262,#11263),
 .UNSPECIFIED.,.F.,.F.,(4,1,4),(0.,0.0559058979954226,0.0867257741015984),
 .UNSPECIFIED.);
#351=B_SPLINE_CURVE_WITH_KNOTS('',3,(#11265,#11266,#11267,#11268,#11269),
 .UNSPECIFIED.,.F.,.F.,(4,1,4),(-0.0867257741015984,-0.0559058979954226,
0.),.UNSPECIFIED.);
#352=B_SPLINE_CURVE_WITH_KNOTS('',3,(#11282,#11283,#11284,#11285,#11286),
 .UNSPECIFIED.,.F.,.F.,(4,1,4),(0.,0.0183735762145586,0.037070821426216),
 .UNSPECIFIED.);
#353=B_SPLINE_CURVE_WITH_KNOTS('',3,(#11288,#11289,#11290,#11291,#11292),
 .UNSPECIFIED.,.F.,.F.,(4,1,4),(-0.037070821426216,-0.0183735762145586,
0.),.UNSPECIFIED.);
#354=B_SPLINE_CURVE_WITH_KNOTS('',3,(#11310,#11311,#11312,#11313,#11314),
 .UNSPECIFIED.,.F.,.F.,(4,1,4),(0.,0.0177239235351617,0.0372171784124195),
 .UNSPECIFIED.);
#355=B_SPLINE_CURVE_WITH_KNOTS('',3,(#11315,#11316,#11317,#11318,#11319),
 .UNSPECIFIED.,.F.,.F.,(4,1,4),(-0.0372171784124195,-0.0177239235351617,
0.),.UNSPECIFIED.);
#356=B_SPLINE_CURVE_WITH_KNOTS('',3,(#11354,#11355,#11356,#11357,#11358),
 .UNSPECIFIED.,.F.,.F.,(4,1,4),(0.,0.0529611014557891,0.107489743054166),
 .UNSPECIFIED.);
#357=B_SPLINE_CURVE_WITH_KNOTS('',3,(#11360,#11361,#11362,#11363,#11364),
 .UNSPECIFIED.,.F.,.F.,(4,1,4),(-0.107489743054166,-0.0529611014557891,
0.),.UNSPECIFIED.);
#358=B_SPLINE_CURVE_WITH_KNOTS('',3,(#11377,#11378,#11379,#11380,#11381),
 .UNSPECIFIED.,.F.,.F.,(4,1,4),(0.,0.0252461559260798,0.0493263024202257),
 .UNSPECIFIED.);
#359=B_SPLINE_CURVE_WITH_KNOTS('',3,(#11383,#11384,#11385,#11386,#11387),
 .UNSPECIFIED.,.F.,.F.,(4,1,4),(-0.0493263024202257,-0.0252461559260798,
0.),.UNSPECIFIED.);
#360=B_SPLINE_CURVE_WITH_KNOTS('',3,(#11400,#11401,#11402,#11403,#11404),
 .UNSPECIFIED.,.F.,.F.,(4,1,4),(0.,0.0220701196210616,0.0415085277064458),
 .UNSPECIFIED.);
#361=B_SPLINE_CURVE_WITH_KNOTS('',3,(#11406,#11407,#11408,#11409,#11410),
 .UNSPECIFIED.,.F.,.F.,(4,1,4),(-0.0415085277064458,-0.0220701196210616,
0.),.UNSPECIFIED.);
#362=B_SPLINE_CURVE_WITH_KNOTS('',3,(#11423,#11424,#11425,#11426,#11427),
 .UNSPECIFIED.,.F.,.F.,(4,1,4),(0.,0.0191144170469175,0.0395910235725173),
 .UNSPECIFIED.);
#363=B_SPLINE_CURVE_WITH_KNOTS('',3,(#11429,#11430,#11431,#11432,#11433),
 .UNSPECIFIED.,.F.,.F.,(4,1,4),(-0.0395910235725173,-0.0191144170469175,
0.),.UNSPECIFIED.);
#364=B_SPLINE_CURVE_WITH_KNOTS('',3,(#11446,#11447,#11448,#11449,#11450),
 .UNSPECIFIED.,.F.,.F.,(4,1,4),(0.,0.0188698479139932,0.0478683190652475),
 .UNSPECIFIED.);
#365=B_SPLINE_CURVE_WITH_KNOTS('',3,(#11452,#11453,#11454,#11455,#11456),
 .UNSPECIFIED.,.F.,.F.,(4,1,4),(-0.0478683190652475,-0.0188698479139932,
0.),.UNSPECIFIED.);
#366=B_SPLINE_CURVE_WITH_KNOTS('',3,(#11487,#11488,#11489,#11490,#11491),
 .UNSPECIFIED.,.F.,.F.,(4,1,4),(0.,0.0262669181050903,0.0454117126120816),
 .UNSPECIFIED.);
#367=B_SPLINE_CURVE_WITH_KNOTS('',3,(#11493,#11494,#11495,#11496,#11497),
 .UNSPECIFIED.,.F.,.F.,(4,1,4),(-0.0454117126120816,-0.0262669181050903,
0.),.UNSPECIFIED.);
#368=B_SPLINE_CURVE_WITH_KNOTS('',3,(#11510,#11511,#11512,#11513,#11514),
 .UNSPECIFIED.,.F.,.F.,(4,1,4),(0.,0.0155530974700173,0.0317018397972391),
 .UNSPECIFIED.);
#369=B_SPLINE_CURVE_WITH_KNOTS('',3,(#11516,#11517,#11518,#11519,#11520),
 .UNSPECIFIED.,.F.,.F.,(4,1,4),(-0.0317018397972391,-0.0155530974700173,
0.),.UNSPECIFIED.);
#370=B_SPLINE_CURVE_WITH_KNOTS('',3,(#11533,#11534,#11535,#11536,#11537),
 .UNSPECIFIED.,.F.,.F.,(4,1,4),(0.,0.0171976584423156,0.0357141164378715),
 .UNSPECIFIED.);
#371=B_SPLINE_CURVE_WITH_KNOTS('',3,(#11539,#11540,#11541,#11542,#11543),
 .UNSPECIFIED.,.F.,.F.,(4,1,4),(-0.0357141164378715,-0.0171976584423156,
0.),.UNSPECIFIED.);
#372=B_SPLINE_CURVE_WITH_KNOTS('',3,(#11556,#11557,#11558,#11559,#11560),
 .UNSPECIFIED.,.F.,.F.,(4,1,4),(0.,0.0296502944658812,0.058715076890865),
 .UNSPECIFIED.);
#373=B_SPLINE_CURVE_WITH_KNOTS('',3,(#11562,#11563,#11564,#11565,#11566),
 .UNSPECIFIED.,.F.,.F.,(4,1,4),(-0.058715076890865,-0.0296502944658812,
0.),.UNSPECIFIED.);
#374=B_SPLINE_CURVE_WITH_KNOTS('',3,(#11579,#11580,#11581,#11582,#11583),
 .UNSPECIFIED.,.F.,.F.,(4,1,4),(0.,0.0335339702870601,0.0806056565132323),
 .UNSPECIFIED.);
#375=B_SPLINE_CURVE_WITH_KNOTS('',3,(#11585,#11586,#11587,#11588,#11589),
 .UNSPECIFIED.,.F.,.F.,(4,1,4),(-0.0806056565132323,-0.0335339702870601,
0.),.UNSPECIFIED.);
#376=B_SPLINE_CURVE_WITH_KNOTS('',3,(#11652,#11653,#11654,#11655,#11656),
 .UNSPECIFIED.,.F.,.F.,(4,1,4),(0.,0.0295617566833699,0.0554176763172739),
 .UNSPECIFIED.);
#377=B_SPLINE_CURVE_WITH_KNOTS('',3,(#11658,#11659,#11660,#11661,#11662),
 .UNSPECIFIED.,.F.,.F.,(4,1,4),(-0.0554176763172739,-0.0295617566833699,
0.),.UNSPECIFIED.);
#378=B_SPLINE_CURVE_WITH_KNOTS('',3,(#11711,#11712,#11713,#11714,#11715),
 .UNSPECIFIED.,.F.,.F.,(4,1,4),(0.,0.0320446892374077,0.0619963553605839),
 .UNSPECIFIED.);
#379=B_SPLINE_CURVE_WITH_KNOTS('',3,(#11717,#11718,#11719,#11720,#11721),
 .UNSPECIFIED.,.F.,.F.,(4,1,4),(-0.0619963553605839,-0.0320446892374077,
0.),.UNSPECIFIED.);
#380=B_SPLINE_CURVE_WITH_KNOTS('',3,(#11759,#11760,#11761,#11762,#11763),
 .UNSPECIFIED.,.F.,.F.,(4,1,4),(0.,0.0199161953517402,0.0374127614578917),
 .UNSPECIFIED.);
#381=B_SPLINE_CURVE_WITH_KNOTS('',3,(#11765,#11766,#11767,#11768,#11769),
 .UNSPECIFIED.,.F.,.F.,(4,1,4),(-0.0374127614578917,-0.0199161953517402,
0.),.UNSPECIFIED.);
#382=B_SPLINE_CURVE_WITH_KNOTS('',3,(#11782,#11783,#11784,#11785,#11786),
 .UNSPECIFIED.,.F.,.F.,(4,1,4),(0.,0.0238321437364493,0.0426678323187299),
 .UNSPECIFIED.);
#383=B_SPLINE_CURVE_WITH_KNOTS('',3,(#11788,#11789,#11790,#11791,#11792),
 .UNSPECIFIED.,.F.,.F.,(4,1,4),(-0.0426678323187299,-0.0238321437364493,
0.),.UNSPECIFIED.);
#384=B_SPLINE_CURVE_WITH_KNOTS('',3,(#11805,#11806,#11807,#11808,#11809),
 .UNSPECIFIED.,.F.,.F.,(4,1,4),(0.,0.0159170002896444,0.0308157791548317),
 .UNSPECIFIED.);
#385=B_SPLINE_CURVE_WITH_KNOTS('',3,(#11811,#11812,#11813,#11814,#11815),
 .UNSPECIFIED.,.F.,.F.,(4,1,4),(-0.0308157791548317,-0.0159170002896444,
0.),.UNSPECIFIED.);
#386=B_SPLINE_CURVE_WITH_KNOTS('',3,(#11828,#11829,#11830,#11831,#11832),
 .UNSPECIFIED.,.F.,.F.,(4,1,4),(0.,0.0218534804173184,0.0584804171686516),
 .UNSPECIFIED.);
#387=B_SPLINE_CURVE_WITH_KNOTS('',3,(#11834,#11835,#11836,#11837,#11838),
 .UNSPECIFIED.,.F.,.F.,(4,1,4),(-0.0584804171686516,-0.0218534804173184,
0.),.UNSPECIFIED.);
#388=B_SPLINE_CURVE_WITH_KNOTS('',3,(#11917,#11918,#11919,#11920,#11921),
 .UNSPECIFIED.,.F.,.F.,(4,1,4),(0.,0.0172700015721698,0.0272162614467352),
 .UNSPECIFIED.);
#389=B_SPLINE_CURVE_WITH_KNOTS('',3,(#11923,#11924,#11925,#11926,#11927),
 .UNSPECIFIED.,.F.,.F.,(4,1,4),(-0.0272162614467352,-0.0172700015721698,
0.),.UNSPECIFIED.);
#390=B_SPLINE_CURVE_WITH_KNOTS('',3,(#11940,#11941,#11942,#11943,#11944),
 .UNSPECIFIED.,.F.,.F.,(4,1,4),(0.,0.00637739497237261,0.0129191217571291),
 .UNSPECIFIED.);
#391=B_SPLINE_CURVE_WITH_KNOTS('',3,(#11946,#11947,#11948,#11949,#11950),
 .UNSPECIFIED.,.F.,.F.,(4,1,4),(-0.0129191217571291,-0.00637739497237261,
0.),.UNSPECIFIED.);
#392=B_SPLINE_CURVE_WITH_KNOTS('',3,(#11963,#11964,#11965,#11966,#11967),
 .UNSPECIFIED.,.F.,.F.,(4,1,4),(0.,0.00760848248082759,0.0173012695379842),
 .UNSPECIFIED.);
#393=B_SPLINE_CURVE_WITH_KNOTS('',3,(#11969,#11970,#11971,#11972,#11973),
 .UNSPECIFIED.,.F.,.F.,(4,1,4),(-0.0173012695379842,-0.00760848248082759,
0.),.UNSPECIFIED.);
#394=B_SPLINE_CURVE_WITH_KNOTS('',3,(#11985,#11986,#11987,#11988,#11989),
 .UNSPECIFIED.,.F.,.F.,(4,1,4),(0.,0.00949368402683321,0.021651883049297),
 .UNSPECIFIED.);
#395=B_SPLINE_CURVE_WITH_KNOTS('',3,(#11990,#11991,#11992,#11993,#11994),
 .UNSPECIFIED.,.F.,.F.,(4,1,4),(-0.021651883049297,-0.00949368402683321,
0.),.UNSPECIFIED.);
#396=B_SPLINE_CURVE_WITH_KNOTS('',3,(#12053,#12054,#12055,#12056,#12057),
 .UNSPECIFIED.,.F.,.F.,(4,1,4),(0.,0.03031498421676,0.0515621134332305),
 .UNSPECIFIED.);
#397=B_SPLINE_CURVE_WITH_KNOTS('',3,(#12059,#12060,#12061,#12062,#12063),
 .UNSPECIFIED.,.F.,.F.,(4,1,4),(-0.0515621134332305,-0.03031498421676,0.),
 .UNSPECIFIED.);
#398=B_SPLINE_CURVE_WITH_KNOTS('',3,(#12076,#12077,#12078,#12079,#12080),
 .UNSPECIFIED.,.F.,.F.,(4,1,4),(0.,0.0167481454008164,0.0334035813126892),
 .UNSPECIFIED.);
#399=B_SPLINE_CURVE_WITH_KNOTS('',3,(#12082,#12083,#12084,#12085,#12086),
 .UNSPECIFIED.,.F.,.F.,(4,1,4),(-0.0334035813126892,-0.0167481454008164,
0.),.UNSPECIFIED.);
#400=B_SPLINE_CURVE_WITH_KNOTS('',3,(#12099,#12100,#12101,#12102,#12103),
 .UNSPECIFIED.,.F.,.F.,(4,1,4),(0.,0.0253448873990325,0.0534204370521864),
 .UNSPECIFIED.);
#401=B_SPLINE_CURVE_WITH_KNOTS('',3,(#12105,#12106,#12107,#12108,#12109),
 .UNSPECIFIED.,.F.,.F.,(4,1,4),(-0.0534204370521864,-0.0253448873990325,
0.),.UNSPECIFIED.);
#402=B_SPLINE_CURVE_WITH_KNOTS('',3,(#12128,#12129,#12130,#12131,#12132),
 .UNSPECIFIED.,.F.,.F.,(4,1,4),(0.,0.0196974851026167,0.0379010383133733),
 .UNSPECIFIED.);
#403=B_SPLINE_CURVE_WITH_KNOTS('',3,(#12134,#12135,#12136,#12137,#12138),
 .UNSPECIFIED.,.F.,.F.,(4,1,4),(-0.0379010383133733,-0.0196974851026167,
0.),.UNSPECIFIED.);
#404=B_SPLINE_CURVE_WITH_KNOTS('',3,(#12151,#12152,#12153,#12154,#12155),
 .UNSPECIFIED.,.F.,.F.,(4,1,4),(0.,0.0154704022241236,0.0309266191407507),
 .UNSPECIFIED.);
#405=B_SPLINE_CURVE_WITH_KNOTS('',3,(#12157,#12158,#12159,#12160,#12161),
 .UNSPECIFIED.,.F.,.F.,(4,1,4),(-0.0309266191407507,-0.0154704022241236,
0.),.UNSPECIFIED.);
#406=B_SPLINE_CURVE_WITH_KNOTS('',3,(#12174,#12175,#12176,#12177,#12178),
 .UNSPECIFIED.,.F.,.F.,(4,1,4),(0.,0.0159465369155964,0.0329107254535908),
 .UNSPECIFIED.);
#407=B_SPLINE_CURVE_WITH_KNOTS('',3,(#12180,#12181,#12182,#12183,#12184),
 .UNSPECIFIED.,.F.,.F.,(4,1,4),(-0.0329107254535908,-0.0159465369155964,
0.),.UNSPECIFIED.);
#408=B_SPLINE_CURVE_WITH_KNOTS('',3,(#12197,#12198,#12199,#12200,#12201),
 .UNSPECIFIED.,.F.,.F.,(4,1,4),(0.,0.0281003815000531,0.0580475982664316),
 .UNSPECIFIED.);
#409=B_SPLINE_CURVE_WITH_KNOTS('',3,(#12203,#12204,#12205,#12206,#12207),
 .UNSPECIFIED.,.F.,.F.,(4,1,4),(-0.0580475982664316,-0.0281003815000531,
0.),.UNSPECIFIED.);
#410=B_SPLINE_CURVE_WITH_KNOTS('',3,(#12239,#12240,#12241,#12242,#12243),
 .UNSPECIFIED.,.F.,.F.,(4,1,4),(0.,0.0326015063577126,0.0585425641749956),
 .UNSPECIFIED.);
#411=B_SPLINE_CURVE_WITH_KNOTS('',3,(#12245,#12246,#12247,#12248,#12249),
 .UNSPECIFIED.,.F.,.F.,(4,1,4),(-0.0585425641749956,-0.0326015063577126,
0.),.UNSPECIFIED.);
#412=B_SPLINE_CURVE_WITH_KNOTS('',3,(#12262,#12263,#12264,#12265,#12266),
 .UNSPECIFIED.,.F.,.F.,(4,1,4),(0.,0.0343354819267553,0.0689715269437257),
 .UNSPECIFIED.);
#413=B_SPLINE_CURVE_WITH_KNOTS('',3,(#12268,#12269,#12270,#12271,#12272),
 .UNSPECIFIED.,.F.,.F.,(4,1,4),(-0.0689715269437257,-0.0343354819267553,
0.),.UNSPECIFIED.);
#414=B_SPLINE_CURVE_WITH_KNOTS('',3,(#12285,#12286,#12287,#12288,#12289),
 .UNSPECIFIED.,.F.,.F.,(4,1,4),(0.,0.0316496719720626,0.062497202786731),
 .UNSPECIFIED.);
#415=B_SPLINE_CURVE_WITH_KNOTS('',3,(#12291,#12292,#12293,#12294,#12295),
 .UNSPECIFIED.,.F.,.F.,(4,1,4),(-0.062497202786731,-0.0316496719720626,
0.),.UNSPECIFIED.);
#416=B_SPLINE_CURVE_WITH_KNOTS('',3,(#12307,#12308,#12309,#12310,#12311),
 .UNSPECIFIED.,.F.,.F.,(4,1,4),(0.,0.0319546495387938,0.0668988328909654),
 .UNSPECIFIED.);
#417=B_SPLINE_CURVE_WITH_KNOTS('',3,(#12312,#12313,#12314,#12315,#12316),
 .UNSPECIFIED.,.F.,.F.,(4,1,4),(-0.0668988328909654,-0.0319546495387938,
0.),.UNSPECIFIED.);
#418=B_SPLINE_CURVE_WITH_KNOTS('',3,(#12337,#12338,#12339,#12340,#12341),
 .UNSPECIFIED.,.F.,.F.,(4,1,4),(0.,0.043046652902269,0.0833031887253784),
 .UNSPECIFIED.);
#419=B_SPLINE_CURVE_WITH_KNOTS('',3,(#12343,#12344,#12345,#12346,#12347),
 .UNSPECIFIED.,.F.,.F.,(4,1,4),(-0.0833031887253784,-0.043046652902269,
0.),.UNSPECIFIED.);
#420=B_SPLINE_CURVE_WITH_KNOTS('',3,(#12360,#12361,#12362,#12363,#12364),
 .UNSPECIFIED.,.F.,.F.,(4,1,4),(0.,0.0413047815963447,0.0876883021082209),
 .UNSPECIFIED.);
#421=B_SPLINE_CURVE_WITH_KNOTS('',3,(#12366,#12367,#12368,#12369,#12370),
 .UNSPECIFIED.,.F.,.F.,(4,1,4),(-0.0876883021082209,-0.0413047815963447,
0.),.UNSPECIFIED.);
#422=B_SPLINE_CURVE_WITH_KNOTS('',3,(#12383,#12384,#12385,#12386,#12387),
 .UNSPECIFIED.,.F.,.F.,(4,1,4),(0.,0.057826309167802,0.110581615480195),
 .UNSPECIFIED.);
#423=B_SPLINE_CURVE_WITH_KNOTS('',3,(#12389,#12390,#12391,#12392,#12393),
 .UNSPECIFIED.,.F.,.F.,(4,1,4),(-0.110581615480195,-0.057826309167802,0.),
 .UNSPECIFIED.);
#424=B_SPLINE_CURVE_WITH_KNOTS('',3,(#12406,#12407,#12408,#12409,#12410),
 .UNSPECIFIED.,.F.,.F.,(4,1,4),(0.,0.0547022840268915,0.118178780375599),
 .UNSPECIFIED.);
#425=B_SPLINE_CURVE_WITH_KNOTS('',3,(#12412,#12413,#12414,#12415,#12416),
 .UNSPECIFIED.,.F.,.F.,(4,1,4),(-0.118178780375599,-0.0547022840268915,
0.),.UNSPECIFIED.);
#426=B_SPLINE_CURVE_WITH_KNOTS('',3,(#12429,#12430,#12431,#12432,#12433),
 .UNSPECIFIED.,.F.,.F.,(4,1,4),(0.,0.0656173325747654,0.121798358647021),
 .UNSPECIFIED.);
#427=B_SPLINE_CURVE_WITH_KNOTS('',3,(#12435,#12436,#12437,#12438,#12439),
 .UNSPECIFIED.,.F.,.F.,(4,1,4),(-0.121798358647021,-0.0656173325747654,
0.),.UNSPECIFIED.);
#428=B_SPLINE_CURVE_WITH_KNOTS('',3,(#12452,#12453,#12454,#12455,#12456),
 .UNSPECIFIED.,.F.,.F.,(4,1,4),(0.,0.0527974245906871,0.108159508240181),
 .UNSPECIFIED.);
#429=B_SPLINE_CURVE_WITH_KNOTS('',3,(#12458,#12459,#12460,#12461,#12462),
 .UNSPECIFIED.,.F.,.F.,(4,1,4),(-0.108159508240181,-0.0527974245906871,
0.),.UNSPECIFIED.);
#430=B_SPLINE_CURVE_WITH_KNOTS('',3,(#12475,#12476,#12477,#12478,#12479),
 .UNSPECIFIED.,.F.,.F.,(4,1,4),(0.,0.0537152007973912,0.105266673424864),
 .UNSPECIFIED.);
#431=B_SPLINE_CURVE_WITH_KNOTS('',3,(#12481,#12482,#12483,#12484,#12485),
 .UNSPECIFIED.,.F.,.F.,(4,1,4),(-0.105266673424864,-0.0537152007973912,
0.),.UNSPECIFIED.);
#432=B_SPLINE_CURVE_WITH_KNOTS('',3,(#12498,#12499,#12500,#12501,#12502),
 .UNSPECIFIED.,.F.,.F.,(4,1,4),(0.,0.055046912250524,0.119419756891875),
 .UNSPECIFIED.);
#433=B_SPLINE_CURVE_WITH_KNOTS('',3,(#12504,#12505,#12506,#12507,#12508),
 .UNSPECIFIED.,.F.,.F.,(4,1,4),(-0.119419756891875,-0.055046912250524,0.),
 .UNSPECIFIED.);
#434=B_SPLINE_CURVE_WITH_KNOTS('',3,(#12521,#12522,#12523,#12524,#12525),
 .UNSPECIFIED.,.F.,.F.,(4,1,4),(0.,0.00545746964608266,0.0131000363715094),
 .UNSPECIFIED.);
#435=B_SPLINE_CURVE_WITH_KNOTS('',3,(#12527,#12528,#12529,#12530,#12531),
 .UNSPECIFIED.,.F.,.F.,(4,1,4),(-0.0131000363715094,-0.00545746964608266,
0.),.UNSPECIFIED.);
#436=B_SPLINE_CURVE_WITH_KNOTS('',3,(#12550,#12551,#12552,#12553,#12554),
 .UNSPECIFIED.,.F.,.F.,(4,1,4),(0.,0.0429299418037572,0.0792076828287813),
 .UNSPECIFIED.);
#437=B_SPLINE_CURVE_WITH_KNOTS('',3,(#12556,#12557,#12558,#12559,#12560),
 .UNSPECIFIED.,.F.,.F.,(4,1,4),(-0.0792076828287813,-0.0429299418037572,
0.),.UNSPECIFIED.);
#438=B_SPLINE_CURVE_WITH_KNOTS('',3,(#12573,#12574,#12575,#12576,#12577),
 .UNSPECIFIED.,.F.,.F.,(4,1,4),(0.,0.0332666971714107,0.067153608255403),
 .UNSPECIFIED.);
#439=B_SPLINE_CURVE_WITH_KNOTS('',3,(#12579,#12580,#12581,#12582,#12583),
 .UNSPECIFIED.,.F.,.F.,(4,1,4),(-0.067153608255403,-0.0332666971714107,
0.),.UNSPECIFIED.);
#440=B_SPLINE_CURVE_WITH_KNOTS('',3,(#12596,#12597,#12598,#12599,#12600),
 .UNSPECIFIED.,.F.,.F.,(4,1,4),(0.,0.0252841722921035,0.0488957479290602),
 .UNSPECIFIED.);
#441=B_SPLINE_CURVE_WITH_KNOTS('',3,(#12602,#12603,#12604,#12605,#12606),
 .UNSPECIFIED.,.F.,.F.,(4,1,4),(-0.0488957479290602,-0.0252841722921035,
0.),.UNSPECIFIED.);
#442=B_SPLINE_CURVE_WITH_KNOTS('',3,(#12618,#12619,#12620,#12621,#12622),
 .UNSPECIFIED.,.F.,.F.,(4,1,4),(0.,0.0251464886839383,0.0550735704240943),
 .UNSPECIFIED.);
#443=B_SPLINE_CURVE_WITH_KNOTS('',3,(#12623,#12624,#12625,#12626,#12627),
 .UNSPECIFIED.,.F.,.F.,(4,1,4),(-0.0550735704240943,-0.0251464886839383,
0.),.UNSPECIFIED.);
#444=B_SPLINE_SURFACE_WITH_KNOTS('',3,1,((#7720,#7721),(#7722,#7723),(#7724,
#7725),(#7726,#7727),(#7728,#7729)),.UNSPECIFIED.,.F.,.F.,.F.,(4,1,4),(2,
2),(-0.0764564120100117,-0.0441199960887009,0.),(0.,0.1),.UNSPECIFIED.);
#445=B_SPLINE_SURFACE_WITH_KNOTS('',3,1,((#7743,#7744),(#7745,#7746),(#7747,
#7748),(#7749,#7750),(#7751,#7752)),.UNSPECIFIED.,.F.,.F.,.F.,(4,1,4),(2,
2),(-0.0593355483102375,-0.0281031935010044,0.),(0.,0.1),.UNSPECIFIED.);
#446=B_SPLINE_SURFACE_WITH_KNOTS('',3,1,((#7766,#7767),(#7768,#7769),(#7770,
#7771),(#7772,#7773),(#7774,#7775)),.UNSPECIFIED.,.F.,.F.,.F.,(4,1,4),(2,
2),(-0.0453689030573458,-0.0235096289459205,0.),(0.,0.1),.UNSPECIFIED.);
#447=B_SPLINE_SURFACE_WITH_KNOTS('',3,1,((#7789,#7790),(#7791,#7792),(#7793,
#7794),(#7795,#7796),(#7797,#7798)),.UNSPECIFIED.,.F.,.F.,.F.,(4,1,4),(2,
2),(-0.0415599529418603,-0.0208854508094612,0.),(0.,0.1),.UNSPECIFIED.);
#448=B_SPLINE_SURFACE_WITH_KNOTS('',3,1,((#7812,#7813),(#7814,#7815),(#7816,
#7817),(#7818,#7819),(#7820,#7821)),.UNSPECIFIED.,.F.,.F.,.F.,(4,1,4),(2,
2),(-0.0495840701669167,-0.0192164116840917,0.),(0.,0.1),.UNSPECIFIED.);
#449=B_SPLINE_SURFACE_WITH_KNOTS('',3,1,((#7859,#7860),(#7861,#7862),(#7863,
#7864),(#7865,#7866),(#7867,#7868)),.UNSPECIFIED.,.F.,.F.,.F.,(4,1,4),(2,
2),(-0.0610179252502421,-0.0351425847953668,0.),(0.,0.1),.UNSPECIFIED.);
#450=B_SPLINE_SURFACE_WITH_KNOTS('',3,1,((#7882,#7883),(#7884,#7885),(#7886,
#7887),(#7888,#7889),(#7890,#7891)),.UNSPECIFIED.,.F.,.F.,.F.,(4,1,4),(2,
2),(-0.0531270455851162,-0.0280029243112597,0.),(0.,0.1),.UNSPECIFIED.);
#451=B_SPLINE_SURFACE_WITH_KNOTS('',3,1,((#7905,#7906),(#7907,#7908),(#7909,
#7910),(#7911,#7912),(#7913,#7914)),.UNSPECIFIED.,.F.,.F.,.F.,(4,1,4),(2,
2),(-0.0506066629768272,-0.0244273008648851,0.),(0.,0.1),.UNSPECIFIED.);
#452=B_SPLINE_SURFACE_WITH_KNOTS('',3,1,((#7928,#7929),(#7930,#7931),(#7932,
#7933),(#7934,#7935),(#7936,#7937)),.UNSPECIFIED.,.F.,.F.,.F.,(4,1,4),(2,
2),(-0.0562767866613818,-0.0276027084702946,0.),(0.,0.1),.UNSPECIFIED.);
#453=B_SPLINE_SURFACE_WITH_KNOTS('',3,1,((#7951,#7952),(#7953,#7954),(#7955,
#7956),(#7957,#7958),(#7959,#7960)),.UNSPECIFIED.,.F.,.F.,.F.,(4,1,4),(2,
2),(-0.0939915416942374,-0.0477953073089095,0.),(0.,0.1),.UNSPECIFIED.);
#454=B_SPLINE_SURFACE_WITH_KNOTS('',3,1,((#7974,#7975),(#7976,#7977),(#7978,
#7979),(#7980,#7981),(#7982,#7983)),.UNSPECIFIED.,.F.,.F.,.F.,(4,1,4),(2,
2),(-0.125013602762247,-0.0527120523430998,0.),(0.,0.1),.UNSPECIFIED.);
#455=B_SPLINE_SURFACE_WITH_KNOTS('',3,1,((#8035,#8036),(#8037,#8038),(#8039,
#8040),(#8041,#8042),(#8043,#8044)),.UNSPECIFIED.,.F.,.F.,.F.,(4,1,4),(2,
2),(-0.0515621134332305,-0.03031498421676,0.),(0.,0.1),.UNSPECIFIED.);
#456=B_SPLINE_SURFACE_WITH_KNOTS('',3,1,((#8058,#8059),(#8060,#8061),(#8062,
#8063),(#8064,#8065),(#8066,#8067)),.UNSPECIFIED.,.F.,.F.,.F.,(4,1,4),(2,
2),(-0.0334036348413816,-0.0167481989295089,0.),(0.,0.1),.UNSPECIFIED.);
#457=B_SPLINE_SURFACE_WITH_KNOTS('',3,1,((#8081,#8082),(#8083,#8084),(#8085,
#8086),(#8087,#8088),(#8089,#8090)),.UNSPECIFIED.,.F.,.F.,.F.,(4,1,4),(2,
2),(-0.053420373320667,-0.0253447696511138,0.),(0.,0.1),.UNSPECIFIED.);
#458=B_SPLINE_SURFACE_WITH_KNOTS('',3,1,((#8110,#8111),(#8112,#8113),(#8114,
#8115),(#8116,#8117),(#8118,#8119)),.UNSPECIFIED.,.F.,.F.,.F.,(4,1,4),(2,
2),(-0.037901101749849,-0.019697430609671,0.),(0.,0.1),.UNSPECIFIED.);
#459=B_SPLINE_SURFACE_WITH_KNOTS('',3,1,((#8133,#8134),(#8135,#8136),(#8137,
#8138),(#8139,#8140),(#8141,#8142)),.UNSPECIFIED.,.F.,.F.,.F.,(4,1,4),(2,
2),(-0.0309265602708101,-0.0154703433541829,0.),(0.,0.1),.UNSPECIFIED.);
#460=B_SPLINE_SURFACE_WITH_KNOTS('',3,1,((#8156,#8157),(#8158,#8159),(#8160,
#8161),(#8162,#8163),(#8164,#8165)),.UNSPECIFIED.,.F.,.F.,.F.,(4,1,4),(2,
2),(-0.0329107254535908,-0.0159465369155964,0.),(0.,0.1),.UNSPECIFIED.);
#461=B_SPLINE_SURFACE_WITH_KNOTS('',3,1,((#8179,#8180),(#8181,#8182),(#8183,
#8184),(#8185,#8186),(#8187,#8188)),.UNSPECIFIED.,.F.,.F.,.F.,(4,1,4),(2,
2),(-0.0580475982664316,-0.0281003815000531,0.),(0.,0.1),.UNSPECIFIED.);
#462=B_SPLINE_SURFACE_WITH_KNOTS('',3,1,((#8212,#8213),(#8214,#8215),(#8216,
#8217),(#8218,#8219),(#8220,#8221)),.UNSPECIFIED.,.F.,.F.,.F.,(4,1,4),(2,
2),(-0.088224073181484,-0.0490470528679381,0.),(0.,0.1),.UNSPECIFIED.);
#463=B_SPLINE_SURFACE_WITH_KNOTS('',3,1,((#8238,#8239),(#8240,#8241),(#8242,
#8243),(#8244,#8245),(#8246,#8247)),.UNSPECIFIED.,.F.,.F.,.F.,(4,1,4),(2,
2),(-0.0688011969936634,-0.0344001372284393,0.),(0.,0.1),.UNSPECIFIED.);
#464=B_SPLINE_SURFACE_WITH_KNOTS('',3,1,((#8261,#8262),(#8263,#8264),(#8265,
#8266),(#8267,#8268),(#8269,#8270)),.UNSPECIFIED.,.F.,.F.,.F.,(4,1,4),(2,
2),(-0.0686152089253106,-0.0342075088385589,0.),(0.,0.1),.UNSPECIFIED.);
#465=B_SPLINE_SURFACE_WITH_KNOTS('',3,1,((#8284,#8285),(#8286,#8287),(#8288,
#8289),(#8290,#8291),(#8292,#8293)),.UNSPECIFIED.,.F.,.F.,.F.,(4,1,4),(2,
2),(-0.0896665452276633,-0.0395701847600553,0.),(0.,0.1),.UNSPECIFIED.);
#466=B_SPLINE_SURFACE_WITH_KNOTS('',3,1,((#8307,#8308),(#8309,#8310),(#8311,
#8312),(#8313,#8314),(#8315,#8316)),.UNSPECIFIED.,.F.,.F.,.F.,(4,1,4),(2,
2),(-0.0864334044351661,-0.0476302784626855,0.),(0.,0.1),.UNSPECIFIED.);
#467=B_SPLINE_SURFACE_WITH_KNOTS('',3,1,((#8330,#8331),(#8332,#8333),(#8334,
#8335),(#8336,#8337),(#8338,#8339)),.UNSPECIFIED.,.F.,.F.,.F.,(4,1,4),(2,
2),(-0.0684065393849982,-0.0343728709635369,0.),(0.,0.1),.UNSPECIFIED.);
#468=B_SPLINE_SURFACE_WITH_KNOTS('',3,1,((#8353,#8354),(#8355,#8356),(#8357,
#8358),(#8359,#8360),(#8361,#8362)),.UNSPECIFIED.,.F.,.F.,.F.,(4,1,4),(2,
2),(-0.0687326667372314,-0.0343942082213637,0.),(0.,0.1),.UNSPECIFIED.);
#469=B_SPLINE_SURFACE_WITH_KNOTS('',3,1,((#8376,#8377),(#8378,#8379),(#8380,
#8381),(#8382,#8383),(#8384,#8385)),.UNSPECIFIED.,.F.,.F.,.F.,(4,1,4),(2,
2),(-0.088099654306196,-0.0390864920728517,0.),(0.,0.1),.UNSPECIFIED.);
#470=B_SPLINE_SURFACE_WITH_KNOTS('',3,1,((#8396,#8397),(#8398,#8399),(#8400,
#8401),(#8402,#8403),(#8404,#8405)),.UNSPECIFIED.,.F.,.F.,.F.,(4,1,4),(2,
2),(-0.130483144871828,-0.0709421561401521,0.),(0.,0.1),.UNSPECIFIED.);
#471=B_SPLINE_SURFACE_WITH_KNOTS('',3,1,((#8422,#8423),(#8424,#8425),(#8426,
#8427),(#8428,#8429),(#8430,#8431)),.UNSPECIFIED.,.F.,.F.,.F.,(4,1,4),(2,
2),(-0.0982981183260603,-0.0479910024537056,0.),(0.,0.1),.UNSPECIFIED.);
#472=B_SPLINE_SURFACE_WITH_KNOTS('',3,1,((#8445,#8446),(#8447,#8448),(#8449,
#8450),(#8451,#8452),(#8453,#8454)),.UNSPECIFIED.,.F.,.F.,.F.,(4,1,4),(2,
2),(-0.107560153017897,-0.0551725964697725,0.),(0.,0.1),.UNSPECIFIED.);
#473=B_SPLINE_SURFACE_WITH_KNOTS('',3,1,((#8468,#8469),(#8470,#8471),(#8472,
#8473),(#8474,#8475),(#8476,#8477)),.UNSPECIFIED.,.F.,.F.,.F.,(4,1,4),(2,
2),(-0.116903435162372,-0.054615497572979,0.),(0.,0.1),.UNSPECIFIED.);
#474=B_SPLINE_SURFACE_WITH_KNOTS('',3,1,((#8491,#8492),(#8493,#8494),(#8495,
#8496),(#8497,#8498),(#8499,#8500)),.UNSPECIFIED.,.F.,.F.,.F.,(4,1,4),(2,
2),(-0.0901987120132017,-0.0501417169886508,0.),(0.,0.1),.UNSPECIFIED.);
#475=B_SPLINE_SURFACE_WITH_KNOTS('',3,1,((#8514,#8515),(#8516,#8517),(#8518,
#8519),(#8520,#8521),(#8522,#8523)),.UNSPECIFIED.,.F.,.F.,.F.,(4,1,4),(2,
2),(-0.0705306517852656,-0.0351484986489122,0.),(0.,0.1),.UNSPECIFIED.);
#476=B_SPLINE_SURFACE_WITH_KNOTS('',3,1,((#8537,#8538),(#8539,#8540),(#8541,
#8542),(#8543,#8544),(#8545,#8546)),.UNSPECIFIED.,.F.,.F.,.F.,(4,1,4),(2,
2),(-0.072797203526355,-0.0360689138585494,0.),(0.,0.1),.UNSPECIFIED.);
#477=B_SPLINE_SURFACE_WITH_KNOTS('',3,1,((#8560,#8561),(#8562,#8563),(#8564,
#8565),(#8566,#8567),(#8568,#8569)),.UNSPECIFIED.,.F.,.F.,.F.,(4,1,4),(2,
2),(-0.108173734925944,-0.0558717380317551,0.),(0.,0.1),.UNSPECIFIED.);
#478=B_SPLINE_SURFACE_WITH_KNOTS('',3,1,((#8583,#8584),(#8585,#8586),(#8587,
#8588),(#8589,#8590),(#8591,#8592)),.UNSPECIFIED.,.F.,.F.,.F.,(4,1,4),(2,
2),(-0.120782871453102,-0.0553054564673871,0.),(0.,0.1),.UNSPECIFIED.);
#479=B_SPLINE_SURFACE_WITH_KNOTS('',3,1,((#8605,#8606),(#8607,#8608),(#8609,
#8610),(#8611,#8612),(#8613,#8614)),.UNSPECIFIED.,.F.,.F.,.F.,(4,1,4),(2,
2),(-0.0824679802230752,-0.0349157223225691,0.),(0.,0.1),.UNSPECIFIED.);
#480=B_SPLINE_SURFACE_WITH_KNOTS('',3,1,((#8631,#8632),(#8633,#8634),(#8635,
#8636),(#8637,#8638),(#8639,#8640)),.UNSPECIFIED.,.F.,.F.,.F.,(4,1,4),(2,
2),(-0.044023984659863,-0.0262654985723071,0.),(0.,0.1),.UNSPECIFIED.);
#481=B_SPLINE_SURFACE_WITH_KNOTS('',3,1,((#8654,#8655),(#8656,#8657),(#8658,
#8659),(#8660,#8661),(#8662,#8663)),.UNSPECIFIED.,.F.,.F.,.F.,(4,1,4),(2,
2),(-0.0253828687305699,-0.0129911222368654,0.),(0.,0.1),.UNSPECIFIED.);
#482=B_SPLINE_SURFACE_WITH_KNOTS('',3,1,((#8677,#8678),(#8679,#8680),(#8681,
#8682),(#8683,#8684),(#8685,#8686)),.UNSPECIFIED.,.F.,.F.,.F.,(4,1,4),(2,
2),(-0.0245705938715464,-0.0122081729288208,0.),(0.,0.1),.UNSPECIFIED.);
#483=B_SPLINE_SURFACE_WITH_KNOTS('',3,1,((#8700,#8701),(#8702,#8703),(#8704,
#8705),(#8706,#8707),(#8708,#8709)),.UNSPECIFIED.,.F.,.F.,.F.,(4,1,4),(2,
2),(-0.0368669629052527,-0.0183878871400525,0.),(0.,0.1),.UNSPECIFIED.);
#484=B_SPLINE_SURFACE_WITH_KNOTS('',3,1,((#8723,#8724),(#8725,#8726),(#8727,
#8728),(#8729,#8730),(#8731,#8732)),.UNSPECIFIED.,.F.,.F.,.F.,(4,1,4),(2,
2),(-0.0461992718531822,-0.0207829542150348,0.),(0.,0.1),.UNSPECIFIED.);
#485=B_SPLINE_SURFACE_WITH_KNOTS('',3,1,((#8746,#8747),(#8748,#8749),(#8750,
#8751),(#8752,#8753),(#8754,#8755)),.UNSPECIFIED.,.F.,.F.,.F.,(4,1,4),(2,
2),(-0.052422084043895,-0.0269867360180466,0.),(0.,0.1),.UNSPECIFIED.);
#486=B_SPLINE_SURFACE_WITH_KNOTS('',3,1,((#8769,#8770),(#8771,#8772),(#8773,
#8774),(#8775,#8776),(#8777,#8778)),.UNSPECIFIED.,.F.,.F.,.F.,(4,1,4),(2,
2),(-0.047570625093703,-0.0241555415422619,0.),(0.,0.1),.UNSPECIFIED.);
#487=B_SPLINE_SURFACE_WITH_KNOTS('',3,1,((#8792,#8793),(#8794,#8795),(#8796,
#8797),(#8798,#8799),(#8800,#8801)),.UNSPECIFIED.,.F.,.F.,.F.,(4,1,4),(2,
2),(-0.0500195738265483,-0.0214380815765219,0.),(0.,0.1),.UNSPECIFIED.);
#488=B_SPLINE_SURFACE_WITH_KNOTS('',3,1,((#8818,#8819),(#8820,#8821),(#8822,
#8823),(#8824,#8825),(#8826,#8827)),.UNSPECIFIED.,.F.,.F.,.F.,(4,1,4),(2,
2),(-0.0621166830882631,-0.033288643294749,0.),(0.,0.1),.UNSPECIFIED.);
#489=B_SPLINE_SURFACE_WITH_KNOTS('',3,1,((#8844,#8845),(#8846,#8847),(#8848,
#8849),(#8850,#8851),(#8852,#8853)),.UNSPECIFIED.,.F.,.F.,.F.,(4,1,4),(2,
2),(-0.0552253307414486,-0.0271224259273493,0.),(0.,0.1),.UNSPECIFIED.);
#490=B_SPLINE_SURFACE_WITH_KNOTS('',3,1,((#8867,#8868),(#8869,#8870),(#8871,
#8872),(#8873,#8874),(#8875,#8876)),.UNSPECIFIED.,.F.,.F.,.F.,(4,1,4),(2,
2),(-0.07837241915276,-0.0426246962429531,0.),(0.,0.1),.UNSPECIFIED.);
#491=B_SPLINE_SURFACE_WITH_KNOTS('',3,1,((#8890,#8891),(#8892,#8893),(#8894,
#8895),(#8896,#8897),(#8898,#8899)),.UNSPECIFIED.,.F.,.F.,.F.,(4,1,4),(2,
2),(-0.0664668001083953,-0.0328014171849759,0.),(0.,0.1),.UNSPECIFIED.);
#492=B_SPLINE_SURFACE_WITH_KNOTS('',3,1,((#8913,#8914),(#8915,#8916),(#8917,
#8918),(#8919,#8920),(#8921,#8922)),.UNSPECIFIED.,.F.,.F.,.F.,(4,1,4),(2,
2),(-0.040398657369776,-0.0205050100928314,0.),(0.,0.1),.UNSPECIFIED.);
#493=B_SPLINE_SURFACE_WITH_KNOTS('',3,1,((#8936,#8937),(#8938,#8939),(#8940,
#8941),(#8942,#8943),(#8944,#8945)),.UNSPECIFIED.,.F.,.F.,.F.,(4,1,4),(2,
2),(-0.0382384230644404,-0.0194079276733894,0.),(0.,0.1),.UNSPECIFIED.);
#494=B_SPLINE_SURFACE_WITH_KNOTS('',3,1,((#8959,#8960),(#8961,#8962),(#8963,
#8964),(#8965,#8966),(#8967,#8968)),.UNSPECIFIED.,.F.,.F.,.F.,(4,1,4),(2,
2),(-0.0389585848060392,-0.0191177181158204,0.),(0.,0.1),.UNSPECIFIED.);
#495=B_SPLINE_SURFACE_WITH_KNOTS('',3,1,((#8982,#8983),(#8984,#8985),(#8986,
#8987),(#8988,#8989),(#8990,#8991)),.UNSPECIFIED.,.F.,.F.,.F.,(4,1,4),(2,
2),(-0.0442949195771079,-0.0185284106028575,0.),(0.,0.1),.UNSPECIFIED.);
#496=B_SPLINE_SURFACE_WITH_KNOTS('',3,1,((#9005,#9006),(#9007,#9008),(#9009,
#9010),(#9011,#9012),(#9013,#9014)),.UNSPECIFIED.,.F.,.F.,.F.,(4,1,4),(2,
2),(-0.0893114635073375,-0.0522194200444501,0.),(0.,0.1),.UNSPECIFIED.);
#497=B_SPLINE_SURFACE_WITH_KNOTS('',3,1,((#9028,#9029),(#9030,#9031),(#9032,
#9033),(#9034,#9035),(#9036,#9037)),.UNSPECIFIED.,.F.,.F.,.F.,(4,1,4),(2,
2),(-0.0128270421610497,-0.00825628776884585,0.),(0.,0.1),.UNSPECIFIED.);
#498=B_SPLINE_SURFACE_WITH_KNOTS('',3,1,((#9051,#9052),(#9053,#9054),(#9055,
#9056),(#9057,#9058),(#9059,#9060)),.UNSPECIFIED.,.F.,.F.,.F.,(4,1,4),(2,
2),(-0.0455184873163125,-0.0258152764123383,0.),(0.,0.1),.UNSPECIFIED.);
#499=B_SPLINE_SURFACE_WITH_KNOTS('',3,1,((#9074,#9075),(#9076,#9077),(#9078,
#9079),(#9080,#9081),(#9082,#9083)),.UNSPECIFIED.,.F.,.F.,.F.,(4,1,4),(2,
2),(-0.0593212577088544,-0.026518815000483,0.),(0.,0.1),.UNSPECIFIED.);
#500=B_SPLINE_SURFACE_WITH_KNOTS('',3,1,((#9097,#9098),(#9099,#9100),(#9101,
#9102),(#9103,#9104),(#9105,#9106)),.UNSPECIFIED.,.F.,.F.,.F.,(4,1,4),(2,
2),(-0.0531980550078259,-0.0302685536920279,0.),(0.,0.1),.UNSPECIFIED.);
#501=B_SPLINE_SURFACE_WITH_KNOTS('',3,1,((#9120,#9121),(#9122,#9123),(#9124,
#9125),(#9126,#9127),(#9128,#9129)),.UNSPECIFIED.,.F.,.F.,.F.,(4,1,4),(2,
2),(-0.0501389215180752,-0.0221110915397179,0.),(0.,0.1),.UNSPECIFIED.);
#502=B_SPLINE_SURFACE_WITH_KNOTS('',3,1,((#9149,#9150),(#9151,#9152),(#9153,
#9154),(#9155,#9156),(#9157,#9158)),.UNSPECIFIED.,.F.,.F.,.F.,(4,1,4),(2,
2),(-0.0546197396286488,-0.0291805255375751,0.),(0.,0.1),.UNSPECIFIED.);
#503=B_SPLINE_SURFACE_WITH_KNOTS('',3,1,((#9172,#9173),(#9174,#9175),(#9176,
#9177),(#9178,#9179),(#9180,#9181)),.UNSPECIFIED.,.F.,.F.,.F.,(4,1,4),(2,
2),(-0.0528085018068107,-0.0248651658491969,0.),(0.,0.1),.UNSPECIFIED.);
#504=B_SPLINE_SURFACE_WITH_KNOTS('',3,1,((#9195,#9196),(#9197,#9198),(#9199,
#9200),(#9201,#9202),(#9203,#9204)),.UNSPECIFIED.,.F.,.F.,.F.,(4,1,4),(2,
2),(-0.0667969134940921,-0.0315742392031857,0.),(0.,0.1),.UNSPECIFIED.);
#505=B_SPLINE_SURFACE_WITH_KNOTS('',3,1,((#9218,#9219),(#9220,#9221),(#9222,
#9223),(#9224,#9225),(#9226,#9227)),.UNSPECIFIED.,.F.,.F.,.F.,(4,1,4),(2,
2),(-0.0611630141523909,-0.0336995889140327,0.),(0.,0.1),.UNSPECIFIED.);
#506=B_SPLINE_SURFACE_WITH_KNOTS('',3,1,((#9241,#9242),(#9243,#9244),(#9245,
#9246),(#9247,#9248),(#9249,#9250)),.UNSPECIFIED.,.F.,.F.,.F.,(4,1,4),(2,
2),(-0.0409041602925217,-0.0224070672192089,0.),(0.,0.1),.UNSPECIFIED.);
#507=B_SPLINE_SURFACE_WITH_KNOTS('',3,1,((#9264,#9265),(#9266,#9267),(#9268,
#9269),(#9270,#9271),(#9272,#9273)),.UNSPECIFIED.,.F.,.F.,.F.,(4,1,4),(2,
2),(-0.0370171528768735,-0.0176137020867605,0.),(0.,0.1),.UNSPECIFIED.);
#508=B_SPLINE_SURFACE_WITH_KNOTS('',3,1,((#9287,#9288),(#9289,#9290),(#9291,
#9292),(#9293,#9294),(#9295,#9296)),.UNSPECIFIED.,.F.,.F.,.F.,(4,1,4),(2,
2),(-0.0453962468666059,-0.017695038819937,0.),(0.,0.1),.UNSPECIFIED.);
#509=B_SPLINE_SURFACE_WITH_KNOTS('',3,1,((#9316,#9317),(#9318,#9319),(#9320,
#9321),(#9322,#9323),(#9324,#9325)),.UNSPECIFIED.,.F.,.F.,.F.,(4,1,4),(2,
2),(-0.0867257666716263,-0.0559058996681357,0.),(0.,0.1),.UNSPECIFIED.);
#510=B_SPLINE_SURFACE_WITH_KNOTS('',3,1,((#9339,#9340),(#9341,#9342),(#9343,
#9344),(#9345,#9346),(#9347,#9348)),.UNSPECIFIED.,.F.,.F.,.F.,(4,1,4),(2,
2),(-0.0370708595158056,-0.0183735155814206,0.),(0.,0.1),.UNSPECIFIED.);
#511=B_SPLINE_SURFACE_WITH_KNOTS('',3,1,((#9368,#9369),(#9370,#9371),(#9372,
#9373),(#9374,#9375),(#9376,#9377)),.UNSPECIFIED.,.F.,.F.,.F.,(4,1,4),(2,
2),(-0.0372172001038529,-0.0177239235351617,0.),(0.,0.1),.UNSPECIFIED.);
#512=B_SPLINE_SURFACE_WITH_KNOTS('',3,1,((#9399,#9400),(#9401,#9402),(#9403,
#9404),(#9405,#9406),(#9407,#9408)),.UNSPECIFIED.,.F.,.F.,.F.,(4,1,4),(2,
2),(-0.0585424742755757,-0.032601529304777,0.),(0.,0.1),.UNSPECIFIED.);
#513=B_SPLINE_SURFACE_WITH_KNOTS('',3,1,((#9422,#9423),(#9424,#9425),(#9426,
#9427),(#9428,#9429),(#9430,#9431)),.UNSPECIFIED.,.F.,.F.,.F.,(4,1,4),(2,
2),(-0.0689716079167804,-0.0343351545126388,0.),(0.,0.1),.UNSPECIFIED.);
#514=B_SPLINE_SURFACE_WITH_KNOTS('',3,1,((#9445,#9446),(#9447,#9448),(#9449,
#9450),(#9451,#9452),(#9453,#9454)),.UNSPECIFIED.,.F.,.F.,.F.,(4,1,4),(2,
2),(-0.0624972587711683,-0.0316498772233769,0.),(0.,0.1),.UNSPECIFIED.);
#515=B_SPLINE_SURFACE_WITH_KNOTS('',3,1,((#9468,#9469),(#9470,#9471),(#9472,
#9473),(#9474,#9475),(#9476,#9477)),.UNSPECIFIED.,.F.,.F.,.F.,(4,1,4),(2,
2),(-0.0668989776708334,-0.031954833237744,0.),(0.,0.1),.UNSPECIFIED.);
#516=B_SPLINE_SURFACE_WITH_KNOTS('',3,1,((#9497,#9498),(#9499,#9500),(#9501,
#9502),(#9503,#9504),(#9505,#9506)),.UNSPECIFIED.,.F.,.F.,.F.,(4,1,4),(2,
2),(-0.0833031413110526,-0.0430466054879431,0.),(0.,0.1),.UNSPECIFIED.);
#517=B_SPLINE_SURFACE_WITH_KNOTS('',3,1,((#9520,#9521),(#9522,#9523),(#9524,
#9525),(#9526,#9527),(#9528,#9529)),.UNSPECIFIED.,.F.,.F.,.F.,(4,1,4),(2,
2),(-0.0876882716726235,-0.0413045148397209,0.),(0.,0.1),.UNSPECIFIED.);
#518=B_SPLINE_SURFACE_WITH_KNOTS('',3,1,((#9543,#9544),(#9545,#9546),(#9547,
#9548),(#9549,#9550),(#9551,#9552)),.UNSPECIFIED.,.F.,.F.,.F.,(4,1,4),(2,
2),(-0.110581726666099,-0.0578265441457679,0.),(0.,0.1),.UNSPECIFIED.);
#519=B_SPLINE_SURFACE_WITH_KNOTS('',3,1,((#9566,#9567),(#9568,#9569),(#9570,
#9571),(#9572,#9573),(#9574,#9575)),.UNSPECIFIED.,.F.,.F.,.F.,(4,1,4),(2,
2),(-0.118178787015301,-0.0547022688086526,0.),(0.,0.1),.UNSPECIFIED.);
#520=B_SPLINE_SURFACE_WITH_KNOTS('',3,1,((#9589,#9590),(#9591,#9592),(#9593,
#9594),(#9595,#9596),(#9597,#9598)),.UNSPECIFIED.,.F.,.F.,.F.,(4,1,4),(2,
2),(-0.121798397192254,-0.0656173111978869,0.),(0.,0.1),.UNSPECIFIED.);
#521=B_SPLINE_SURFACE_WITH_KNOTS('',3,1,((#9612,#9613),(#9614,#9615),(#9616,
#9617),(#9618,#9619),(#9620,#9621)),.UNSPECIFIED.,.F.,.F.,.F.,(4,1,4),(2,
2),(-0.108159361771909,-0.0527972781224155,0.),(0.,0.1),.UNSPECIFIED.);
#522=B_SPLINE_SURFACE_WITH_KNOTS('',3,1,((#9635,#9636),(#9637,#9638),(#9639,
#9640),(#9641,#9642),(#9643,#9644)),.UNSPECIFIED.,.F.,.F.,.F.,(4,1,4),(2,
2),(-0.105266936818725,-0.0537153179683187,0.),(0.,0.1),.UNSPECIFIED.);
#523=B_SPLINE_SURFACE_WITH_KNOTS('',3,1,((#9658,#9659),(#9660,#9661),(#9662,
#9663),(#9664,#9665),(#9666,#9667)),.UNSPECIFIED.,.F.,.F.,.F.,(4,1,4),(2,
2),(-0.119419667151319,-0.0550468225099685,0.),(0.,0.1),.UNSPECIFIED.);
#524=B_SPLINE_SURFACE_WITH_KNOTS('',3,1,((#9681,#9682),(#9683,#9684),(#9685,
#9686),(#9687,#9688),(#9689,#9690)),.UNSPECIFIED.,.F.,.F.,.F.,(4,1,4),(2,
2),(-0.0131000331797889,-0.00545746964608266,0.),(0.,0.1),.UNSPECIFIED.);
#525=B_SPLINE_SURFACE_WITH_KNOTS('',3,1,((#9710,#9711),(#9712,#9713),(#9714,
#9715),(#9716,#9717),(#9718,#9719)),.UNSPECIFIED.,.F.,.F.,.F.,(4,1,4),(2,
2),(-0.0792077534226265,-0.0429299192634779,0.),(0.,0.1),.UNSPECIFIED.);
#526=B_SPLINE_SURFACE_WITH_KNOTS('',3,1,((#9733,#9734),(#9735,#9736),(#9737,
#9738),(#9739,#9740),(#9741,#9742)),.UNSPECIFIED.,.F.,.F.,.F.,(4,1,4),(2,
2),(-0.0671537350207179,-0.0332666482840325,0.),(0.,0.1),.UNSPECIFIED.);
#527=B_SPLINE_SURFACE_WITH_KNOTS('',3,1,((#9756,#9757),(#9758,#9759),(#9760,
#9761),(#9762,#9763),(#9764,#9765)),.UNSPECIFIED.,.F.,.F.,.F.,(4,1,4),(2,
2),(-0.0488954644669326,-0.0252839952465256,0.),(0.,0.1),.UNSPECIFIED.);
#528=B_SPLINE_SURFACE_WITH_KNOTS('',3,1,((#9779,#9780),(#9781,#9782),(#9783,
#9784),(#9785,#9786),(#9787,#9788)),.UNSPECIFIED.,.F.,.F.,.F.,(4,1,4),(2,
2),(-0.0550737877024544,-0.0251467321825995,0.),(0.,0.1),.UNSPECIFIED.);
#529=B_SPLINE_SURFACE_WITH_KNOTS('',3,1,((#9936,#9937),(#9938,#9939),(#9940,
#9941),(#9942,#9943),(#9944,#9945)),.UNSPECIFIED.,.F.,.F.,.F.,(4,1,4),(2,
2),(-0.0875603735766831,-0.0496418174854111,0.),(0.,0.1),.UNSPECIFIED.);
#530=B_SPLINE_SURFACE_WITH_KNOTS('',3,1,((#9962,#9963),(#9964,#9965),(#9966,
#9967),(#9968,#9969),(#9970,#9971)),.UNSPECIFIED.,.F.,.F.,.F.,(4,1,4),(2,
2),(-0.0641193149697443,-0.0321989685347269,0.),(0.,0.1),.UNSPECIFIED.);
#531=B_SPLINE_SURFACE_WITH_KNOTS('',3,1,((#9985,#9986),(#9987,#9988),(#9989,
#9990),(#9991,#9992),(#9993,#9994)),.UNSPECIFIED.,.F.,.F.,.F.,(4,1,4),(2,
2),(-0.0640250891970194,-0.0317798655226556,0.),(0.,0.1),.UNSPECIFIED.);
#532=B_SPLINE_SURFACE_WITH_KNOTS('',3,1,((#10008,#10009),(#10010,#10011),
(#10012,#10013),(#10014,#10015),(#10016,#10017)),.UNSPECIFIED.,.F.,.F.,
 .F.,(4,1,4),(2,2),(-0.0862153054583386,-0.037615745595192,0.),(0.,0.1),
 .UNSPECIFIED.);
#533=B_SPLINE_SURFACE_WITH_KNOTS('',3,1,((#10031,#10032),(#10033,#10034),
(#10035,#10036),(#10037,#10038),(#10039,#10040)),.UNSPECIFIED.,.F.,.F.,
 .F.,(4,1,4),(2,2),(-0.0849720097793204,-0.0470291679190077,0.),(0.,0.1),
 .UNSPECIFIED.);
#534=B_SPLINE_SURFACE_WITH_KNOTS('',3,1,((#10054,#10055),(#10056,#10057),
(#10058,#10059),(#10060,#10061),(#10062,#10063)),.UNSPECIFIED.,.F.,.F.,
 .F.,(4,1,4),(2,2),(-0.0645758659706034,-0.0329793807688156,0.),(0.,0.1),
 .UNSPECIFIED.);
#535=B_SPLINE_SURFACE_WITH_KNOTS('',3,1,((#10077,#10078),(#10079,#10080),
(#10081,#10082),(#10083,#10084),(#10085,#10086)),.UNSPECIFIED.,.F.,.F.,
 .F.,(4,1,4),(2,2),(-0.0632879927593051,-0.0310079525513467,0.),(0.,0.1),
 .UNSPECIFIED.);
#536=B_SPLINE_SURFACE_WITH_KNOTS('',3,1,((#10100,#10101),(#10102,#10103),
(#10104,#10105),(#10106,#10107),(#10108,#10109)),.UNSPECIFIED.,.F.,.F.,
 .F.,(4,1,4),(2,2),(-0.0835494419020963,-0.0372521733651356,0.),(0.,0.1),
 .UNSPECIFIED.);
#537=B_SPLINE_SURFACE_WITH_KNOTS('',3,1,((#10129,#10130),(#10131,#10132),
(#10133,#10134),(#10135,#10136),(#10137,#10138)),.UNSPECIFIED.,.F.,.F.,
 .F.,(4,1,4),(2,2),(-0.037013139245175,-0.0199210843141129,0.),(0.,0.1),
 .UNSPECIFIED.);
#538=B_SPLINE_SURFACE_WITH_KNOTS('',3,1,((#10152,#10153),(#10154,#10155),
(#10156,#10157),(#10158,#10159),(#10160,#10161)),.UNSPECIFIED.,.F.,.F.,
 .F.,(4,1,4),(2,2),(-0.0524351149279818,-0.0239220042476554,0.),(0.,0.1),
 .UNSPECIFIED.);
#539=B_SPLINE_SURFACE_WITH_KNOTS('',3,1,((#10175,#10176),(#10177,#10178),
(#10179,#10180),(#10181,#10182),(#10183,#10184)),.UNSPECIFIED.,.F.,.F.,
 .F.,(4,1,4),(2,2),(-0.0550745391593558,-0.0304099899532572,0.),(0.,0.1),
 .UNSPECIFIED.);
#540=B_SPLINE_SURFACE_WITH_KNOTS('',3,1,((#10198,#10199),(#10200,#10201),
(#10202,#10203),(#10204,#10205),(#10206,#10207)),.UNSPECIFIED.,.F.,.F.,
 .F.,(4,1,4),(2,2),(-0.0464066262698491,-0.0225809719585287,0.),(0.,0.1),
 .UNSPECIFIED.);
#541=B_SPLINE_SURFACE_WITH_KNOTS('',3,1,((#10221,#10222),(#10223,#10224),
(#10225,#10226),(#10227,#10228),(#10229,#10230)),.UNSPECIFIED.,.F.,.F.,
 .F.,(4,1,4),(2,2),(-0.0632032544460353,-0.0234280818156512,0.),(0.,0.1),
 .UNSPECIFIED.);
#542=B_SPLINE_SURFACE_WITH_KNOTS('',3,1,((#10244,#10245),(#10246,#10247),
(#10248,#10249),(#10250,#10251),(#10252,#10253)),.UNSPECIFIED.,.F.,.F.,
 .F.,(4,1,4),(2,2),(-0.0910754794212174,-0.0460012353172772,0.),(0.,0.1),
 .UNSPECIFIED.);
#543=B_SPLINE_SURFACE_WITH_KNOTS('',3,1,((#10267,#10268),(#10269,#10270),
(#10271,#10272),(#10273,#10274),(#10275,#10276)),.UNSPECIFIED.,.F.,.F.,
 .F.,(4,1,4),(2,2),(-0.105127929947285,-0.0540860975815444,0.),(0.,0.1),
 .UNSPECIFIED.);
#544=B_SPLINE_SURFACE_WITH_KNOTS('',3,1,((#10290,#10291),(#10292,#10293),
(#10294,#10295),(#10296,#10297),(#10298,#10299)),.UNSPECIFIED.,.F.,.F.,
 .F.,(4,1,4),(2,2),(-0.10998832116344,-0.0533905561502944,0.),(0.,0.1),
 .UNSPECIFIED.);
#545=B_SPLINE_SURFACE_WITH_KNOTS('',3,1,((#10313,#10314),(#10315,#10316),
(#10317,#10318),(#10319,#10320),(#10321,#10322)),.UNSPECIFIED.,.F.,.F.,
 .F.,(4,1,4),(2,2),(-0.0783995989011052,-0.0400464877895856,0.),(0.,0.1),
 .UNSPECIFIED.);
#546=B_SPLINE_SURFACE_WITH_KNOTS('',3,1,((#10336,#10337),(#10338,#10339),
(#10340,#10341),(#10342,#10343),(#10344,#10345)),.UNSPECIFIED.,.F.,.F.,
 .F.,(4,1,4),(2,2),(-0.0702338656668655,-0.036101888467558,0.),(0.,0.1),
 .UNSPECIFIED.);
#547=B_SPLINE_SURFACE_WITH_KNOTS('',3,1,((#10359,#10360),(#10361,#10362),
(#10363,#10364),(#10365,#10366),(#10367,#10368)),.UNSPECIFIED.,.F.,.F.,
 .F.,(4,1,4),(2,2),(-0.0704499351152624,-0.0341521303386126,0.),(0.,0.1),
 .UNSPECIFIED.);
#548=B_SPLINE_SURFACE_WITH_KNOTS('',3,1,((#10382,#10383),(#10384,#10385),
(#10386,#10387),(#10388,#10389),(#10390,#10391)),.UNSPECIFIED.,.F.,.F.,
 .F.,(4,1,4),(2,2),(-0.0968736638409081,-0.0479288558895983,0.),(0.,0.1),
 .UNSPECIFIED.);
#549=B_SPLINE_SURFACE_WITH_KNOTS('',3,1,((#10423,#10424),(#10425,#10426),
(#10427,#10428),(#10429,#10430),(#10431,#10432)),.UNSPECIFIED.,.F.,.F.,
 .F.,(4,1,4),(2,2),(-0.0973865758770123,-0.0579129018222303,0.),(0.,0.1),
 .UNSPECIFIED.);
#550=B_SPLINE_SURFACE_WITH_KNOTS('',3,1,((#10446,#10447),(#10448,#10449),
(#10450,#10451),(#10452,#10453),(#10454,#10455)),.UNSPECIFIED.,.F.,.F.,
 .F.,(4,1,4),(2,2),(-0.0631992126120112,-0.0309140566047853,0.),(0.,0.1),
 .UNSPECIFIED.);
#551=B_SPLINE_SURFACE_WITH_KNOTS('',3,1,((#10469,#10470),(#10471,#10472),
(#10473,#10474),(#10475,#10476),(#10477,#10478)),.UNSPECIFIED.,.F.,.F.,
 .F.,(4,1,4),(2,2),(-0.0759314230647195,-0.0355119954839177,0.),(0.,0.1),
 .UNSPECIFIED.);
#552=B_SPLINE_SURFACE_WITH_KNOTS('',3,1,((#10492,#10493),(#10494,#10495),
(#10496,#10497),(#10498,#10499),(#10500,#10501)),.UNSPECIFIED.,.F.,.F.,
 .F.,(4,1,4),(2,2),(-0.088064491786454,-0.0472238884905238,0.),(0.,0.1),
 .UNSPECIFIED.);
#553=B_SPLINE_SURFACE_WITH_KNOTS('',3,1,((#10515,#10516),(#10517,#10518),
(#10519,#10520),(#10521,#10522),(#10523,#10524)),.UNSPECIFIED.,.F.,.F.,
 .F.,(4,1,4),(2,2),(-0.0792618118101155,-0.0376113141555651,0.),(0.,0.1),
 .UNSPECIFIED.);
#554=B_SPLINE_SURFACE_WITH_KNOTS('',3,1,((#10537,#10538),(#10539,#10540),
(#10541,#10542),(#10543,#10544),(#10545,#10546)),.UNSPECIFIED.,.F.,.F.,
 .F.,(4,1,4),(2,2),(-0.0824679802230752,-0.0349157223225691,0.),(0.,0.1),
 .UNSPECIFIED.);
#555=B_SPLINE_SURFACE_WITH_KNOTS('',3,1,((#10563,#10564),(#10565,#10566),
(#10567,#10568),(#10569,#10570),(#10571,#10572)),.UNSPECIFIED.,.F.,.F.,
 .F.,(4,1,4),(2,2),(-0.0440239780219531,-0.0262652639010186,0.),(0.,0.1),
 .UNSPECIFIED.);
#556=B_SPLINE_SURFACE_WITH_KNOTS('',3,1,((#10586,#10587),(#10588,#10589),
(#10590,#10591),(#10592,#10593),(#10594,#10595)),.UNSPECIFIED.,.F.,.F.,
 .F.,(4,1,4),(2,2),(-0.0253828687305699,-0.0129911222368654,0.),(0.,0.1),
 .UNSPECIFIED.);
#557=B_SPLINE_SURFACE_WITH_KNOTS('',3,1,((#10609,#10610),(#10611,#10612),
(#10613,#10614),(#10615,#10616),(#10617,#10618)),.UNSPECIFIED.,.F.,.F.,
 .F.,(4,1,4),(2,2),(-0.024570543917063,-0.0122081229743374,0.),(0.,0.1),
 .UNSPECIFIED.);
#558=B_SPLINE_SURFACE_WITH_KNOTS('',3,1,((#10632,#10633),(#10634,#10635),
(#10636,#10637),(#10638,#10639),(#10640,#10641)),.UNSPECIFIED.,.F.,.F.,
 .F.,(4,1,4),(2,2),(-0.0368669150592271,-0.0183879112413707,0.),(0.,0.1),
 .UNSPECIFIED.);
#559=B_SPLINE_SURFACE_WITH_KNOTS('',3,1,((#10655,#10656),(#10657,#10658),
(#10659,#10660),(#10661,#10662),(#10663,#10664)),.UNSPECIFIED.,.F.,.F.,
 .F.,(4,1,4),(2,2),(-0.0461992850148213,-0.0207828491606764,0.),(0.,0.1),
 .UNSPECIFIED.);
#560=B_SPLINE_SURFACE_WITH_KNOTS('',3,1,((#10678,#10679),(#10680,#10681),
(#10682,#10683),(#10684,#10685),(#10686,#10687)),.UNSPECIFIED.,.F.,.F.,
 .F.,(4,1,4),(2,2),(-0.0524220915274358,-0.0269868544363277,0.),(0.,0.1),
 .UNSPECIFIED.);
#561=B_SPLINE_SURFACE_WITH_KNOTS('',3,1,((#10701,#10702),(#10703,#10704),
(#10705,#10706),(#10707,#10708),(#10709,#10710)),.UNSPECIFIED.,.F.,.F.,
 .F.,(4,1,4),(2,2),(-0.0475705982193312,-0.0241554469480296,0.),(0.,0.1),
 .UNSPECIFIED.);
#562=B_SPLINE_SURFACE_WITH_KNOTS('',3,1,((#10724,#10725),(#10726,#10727),
(#10728,#10729),(#10730,#10731),(#10732,#10733)),.UNSPECIFIED.,.F.,.F.,
 .F.,(4,1,4),(2,2),(-0.0500195408267476,-0.0214380485767212,0.),(0.,0.1),
 .UNSPECIFIED.);
#563=B_SPLINE_SURFACE_WITH_KNOTS('',3,1,((#10750,#10751),(#10752,#10753),
(#10754,#10755),(#10756,#10757),(#10758,#10759)),.UNSPECIFIED.,.F.,.F.,
 .F.,(4,1,4),(2,2),(-0.0621166830882631,-0.033288643294749,0.),(0.,0.1),
 .UNSPECIFIED.);
#564=B_SPLINE_SURFACE_WITH_KNOTS('',3,1,((#10776,#10777),(#10778,#10779),
(#10780,#10781),(#10782,#10783),(#10784,#10785)),.UNSPECIFIED.,.F.,.F.,
 .F.,(4,1,4),(2,2),(-0.0552254533204905,-0.0271223109497251,0.),(0.,0.1),
 .UNSPECIFIED.);
#565=B_SPLINE_SURFACE_WITH_KNOTS('',3,1,((#10799,#10800),(#10801,#10802),
(#10803,#10804),(#10805,#10806),(#10807,#10808)),.UNSPECIFIED.,.F.,.F.,
 .F.,(4,1,4),(2,2),(-0.0783723010646364,-0.0426245781548296,0.),(0.,0.1),
 .UNSPECIFIED.);
#566=B_SPLINE_SURFACE_WITH_KNOTS('',3,1,((#10822,#10823),(#10824,#10825),
(#10826,#10827),(#10828,#10829),(#10830,#10831)),.UNSPECIFIED.,.F.,.F.,
 .F.,(4,1,4),(2,2),(-0.0664668228132043,-0.0328014171849759,0.),(0.,0.1),
 .UNSPECIFIED.);
#567=B_SPLINE_SURFACE_WITH_KNOTS('',3,1,((#10845,#10846),(#10847,#10848),
(#10849,#10850),(#10851,#10852),(#10853,#10854)),.UNSPECIFIED.,.F.,.F.,
 .F.,(4,1,4),(2,2),(-0.040398657369776,-0.0205050100928314,0.),(0.,0.1),
 .UNSPECIFIED.);
#568=B_SPLINE_SURFACE_WITH_KNOTS('',3,1,((#10868,#10869),(#10870,#10871),
(#10872,#10873),(#10874,#10875),(#10876,#10877)),.UNSPECIFIED.,.F.,.F.,
 .F.,(4,1,4),(2,2),(-0.0382384230644404,-0.0194079276733894,0.),(0.,0.1),
 .UNSPECIFIED.);
#569=B_SPLINE_SURFACE_WITH_KNOTS('',3,1,((#10891,#10892),(#10893,#10894),
(#10895,#10896),(#10897,#10898),(#10899,#10900)),.UNSPECIFIED.,.F.,.F.,
 .F.,(4,1,4),(2,2),(-0.0389586888023067,-0.0191178221120879,0.),(0.,0.1),
 .UNSPECIFIED.);
#570=B_SPLINE_SURFACE_WITH_KNOTS('',3,1,((#10914,#10915),(#10916,#10917),
(#10918,#10919),(#10920,#10921),(#10922,#10923)),.UNSPECIFIED.,.F.,.F.,
 .F.,(4,1,4),(2,2),(-0.0442948041273228,-0.0185281771230153,0.),(0.,0.1),
 .UNSPECIFIED.);
#571=B_SPLINE_SURFACE_WITH_KNOTS('',3,1,((#10937,#10938),(#10939,#10940),
(#10941,#10942),(#10943,#10944),(#10945,#10946)),.UNSPECIFIED.,.F.,.F.,
 .F.,(4,1,4),(2,2),(-0.0893113479743697,-0.0522194200444501,0.),(0.,0.1),
 .UNSPECIFIED.);
#572=B_SPLINE_SURFACE_WITH_KNOTS('',3,1,((#10960,#10961),(#10962,#10963),
(#10964,#10965),(#10966,#10967),(#10968,#10969)),.UNSPECIFIED.,.F.,.F.,
 .F.,(4,1,4),(2,2),(-0.0128270480717034,-0.00825629367949952,0.),(0.,0.1),
 .UNSPECIFIED.);
#573=B_SPLINE_SURFACE_WITH_KNOTS('',3,1,((#10983,#10984),(#10985,#10986),
(#10987,#10988),(#10989,#10990),(#10991,#10992)),.UNSPECIFIED.,.F.,.F.,
 .F.,(4,1,4),(2,2),(-0.0455186136045747,-0.0258152764123383,0.),(0.,0.1),
 .UNSPECIFIED.);
#574=B_SPLINE_SURFACE_WITH_KNOTS('',3,1,((#11006,#11007),(#11008,#11009),
(#11010,#11011),(#11012,#11013),(#11014,#11015)),.UNSPECIFIED.,.F.,.F.,
 .F.,(4,1,4),(2,2),(-0.0593211525326363,-0.0265187098242649,0.),(0.,0.1),
 .UNSPECIFIED.);
#575=B_SPLINE_SURFACE_WITH_KNOTS('',3,1,((#11029,#11030),(#11031,#11032),
(#11033,#11034),(#11035,#11036),(#11037,#11038)),.UNSPECIFIED.,.F.,.F.,
 .F.,(4,1,4),(2,2),(-0.0531980458044419,-0.0302684350837058,0.),(0.,0.1),
 .UNSPECIFIED.);
#576=B_SPLINE_SURFACE_WITH_KNOTS('',3,1,((#11052,#11053),(#11054,#11055),
(#11056,#11057),(#11058,#11059),(#11060,#11061)),.UNSPECIFIED.,.F.,.F.,
 .F.,(4,1,4),(2,2),(-0.0501389907586296,-0.0221112463675033,0.),(0.,0.1),
 .UNSPECIFIED.);
#577=B_SPLINE_SURFACE_WITH_KNOTS('',3,1,((#11081,#11082),(#11083,#11084),
(#11085,#11086),(#11087,#11088),(#11089,#11090)),.UNSPECIFIED.,.F.,.F.,
 .F.,(4,1,4),(2,2),(-0.0546197042382463,-0.0291804901471726,0.),(0.,0.1),
 .UNSPECIFIED.);
#578=B_SPLINE_SURFACE_WITH_KNOTS('',3,1,((#11104,#11105),(#11106,#11107),
(#11108,#11109),(#11110,#11111),(#11112,#11113)),.UNSPECIFIED.,.F.,.F.,
 .F.,(4,1,4),(2,2),(-0.0528084829796348,-0.0248652538200177,0.),(0.,0.1),
 .UNSPECIFIED.);
#579=B_SPLINE_SURFACE_WITH_KNOTS('',3,1,((#11127,#11128),(#11129,#11130),
(#11131,#11132),(#11133,#11134),(#11135,#11136)),.UNSPECIFIED.,.F.,.F.,
 .F.,(4,1,4),(2,2),(-0.0667970323886021,-0.0315742392031857,0.),(0.,0.1),
 .UNSPECIFIED.);
#580=B_SPLINE_SURFACE_WITH_KNOTS('',3,1,((#11150,#11151),(#11152,#11153),
(#11154,#11155),(#11156,#11157),(#11158,#11159)),.UNSPECIFIED.,.F.,.F.,
 .F.,(4,1,4),(2,2),(-0.0611630109643553,-0.0336994699550779,0.),(0.,0.1),
 .UNSPECIFIED.);
#581=B_SPLINE_SURFACE_WITH_KNOTS('',3,1,((#11173,#11174),(#11175,#11176),
(#11177,#11178),(#11179,#11180),(#11181,#11182)),.UNSPECIFIED.,.F.,.F.,
 .F.,(4,1,4),(2,2),(-0.0409042673483822,-0.0224071742750694,0.),(0.,0.1),
 .UNSPECIFIED.);
#582=B_SPLINE_SURFACE_WITH_KNOTS('',3,1,((#11196,#11197),(#11198,#11199),
(#11200,#11201),(#11202,#11203),(#11204,#11205)),.UNSPECIFIED.,.F.,.F.,
 .F.,(4,1,4),(2,2),(-0.0370170641863577,-0.0176135765165153,0.),(0.,0.1),
 .UNSPECIFIED.);
#583=B_SPLINE_SURFACE_WITH_KNOTS('',3,1,((#11219,#11220),(#11221,#11222),
(#11223,#11224),(#11225,#11226),(#11227,#11228)),.UNSPECIFIED.,.F.,.F.,
 .F.,(4,1,4),(2,2),(-0.0453962664010059,-0.0176950636372617,0.),(0.,0.1),
 .UNSPECIFIED.);
#584=B_SPLINE_SURFACE_WITH_KNOTS('',3,1,((#11248,#11249),(#11250,#11251),
(#11252,#11253),(#11254,#11255),(#11256,#11257)),.UNSPECIFIED.,.F.,.F.,
 .F.,(4,1,4),(2,2),(-0.0867257741015984,-0.0559058979954226,0.),(0.,0.1),
 .UNSPECIFIED.);
#585=B_SPLINE_SURFACE_WITH_KNOTS('',3,1,((#11271,#11272),(#11273,#11274),
(#11275,#11276),(#11277,#11278),(#11279,#11280)),.UNSPECIFIED.,.F.,.F.,
 .F.,(4,1,4),(2,2),(-0.037070821426216,-0.0183735762145586,0.),(0.,0.1),
 .UNSPECIFIED.);
#586=B_SPLINE_SURFACE_WITH_KNOTS('',3,1,((#11300,#11301),(#11302,#11303),
(#11304,#11305),(#11306,#11307),(#11308,#11309)),.UNSPECIFIED.,.F.,.F.,
 .F.,(4,1,4),(2,2),(-0.0372171784124195,-0.0177239235351617,0.),(0.,0.1),
 .UNSPECIFIED.);
#587=B_SPLINE_SURFACE_WITH_KNOTS('',3,1,((#11343,#11344),(#11345,#11346),
(#11347,#11348),(#11349,#11350),(#11351,#11352)),.UNSPECIFIED.,.F.,.F.,
 .F.,(4,1,4),(2,2),(-0.107489743054166,-0.0529611014557891,0.),(0.,0.1),
 .UNSPECIFIED.);
#588=B_SPLINE_SURFACE_WITH_KNOTS('',3,1,((#11366,#11367),(#11368,#11369),
(#11370,#11371),(#11372,#11373),(#11374,#11375)),.UNSPECIFIED.,.F.,.F.,
 .F.,(4,1,4),(2,2),(-0.0493263024202257,-0.0252461559260798,0.),(0.,0.1),
 .UNSPECIFIED.);
#589=B_SPLINE_SURFACE_WITH_KNOTS('',3,1,((#11389,#11390),(#11391,#11392),
(#11393,#11394),(#11395,#11396),(#11397,#11398)),.UNSPECIFIED.,.F.,.F.,
 .F.,(4,1,4),(2,2),(-0.0415085277064458,-0.0220701196210616,0.),(0.,0.1),
 .UNSPECIFIED.);
#590=B_SPLINE_SURFACE_WITH_KNOTS('',3,1,((#11412,#11413),(#11414,#11415),
(#11416,#11417),(#11418,#11419),(#11420,#11421)),.UNSPECIFIED.,.F.,.F.,
 .F.,(4,1,4),(2,2),(-0.0395910235725173,-0.0191144170469175,0.),(0.,0.1),
 .UNSPECIFIED.);
#591=B_SPLINE_SURFACE_WITH_KNOTS('',3,1,((#11435,#11436),(#11437,#11438),
(#11439,#11440),(#11441,#11442),(#11443,#11444)),.UNSPECIFIED.,.F.,.F.,
 .F.,(4,1,4),(2,2),(-0.0478683190652475,-0.0188698479139932,0.),(0.,0.1),
 .UNSPECIFIED.);
#592=B_SPLINE_SURFACE_WITH_KNOTS('',3,1,((#11476,#11477),(#11478,#11479),
(#11480,#11481),(#11482,#11483),(#11484,#11485)),.UNSPECIFIED.,.F.,.F.,
 .F.,(4,1,4),(2,2),(-0.0454117126120816,-0.0262669181050903,0.),(0.,0.1),
 .UNSPECIFIED.);
#593=B_SPLINE_SURFACE_WITH_KNOTS('',3,1,((#11499,#11500),(#11501,#11502),
(#11503,#11504),(#11505,#11506),(#11507,#11508)),.UNSPECIFIED.,.F.,.F.,
 .F.,(4,1,4),(2,2),(-0.0317018397972391,-0.0155530974700173,0.),(0.,0.1),
 .UNSPECIFIED.);
#594=B_SPLINE_SURFACE_WITH_KNOTS('',3,1,((#11522,#11523),(#11524,#11525),
(#11526,#11527),(#11528,#11529),(#11530,#11531)),.UNSPECIFIED.,.F.,.F.,
 .F.,(4,1,4),(2,2),(-0.0357141164378715,-0.0171976584423156,0.),(0.,0.1),
 .UNSPECIFIED.);
#595=B_SPLINE_SURFACE_WITH_KNOTS('',3,1,((#11545,#11546),(#11547,#11548),
(#11549,#11550),(#11551,#11552),(#11553,#11554)),.UNSPECIFIED.,.F.,.F.,
 .F.,(4,1,4),(2,2),(-0.058715076890865,-0.0296502944658812,0.),(0.,0.1),
 .UNSPECIFIED.);
#596=B_SPLINE_SURFACE_WITH_KNOTS('',3,1,((#11568,#11569),(#11570,#11571),
(#11572,#11573),(#11574,#11575),(#11576,#11577)),.UNSPECIFIED.,.F.,.F.,
 .F.,(4,1,4),(2,2),(-0.0806056565132323,-0.0335339702870601,0.),(0.,0.1),
 .UNSPECIFIED.);
#597=B_SPLINE_SURFACE_WITH_KNOTS('',3,1,((#11641,#11642),(#11643,#11644),
(#11645,#11646),(#11647,#11648),(#11649,#11650)),.UNSPECIFIED.,.F.,.F.,
 .F.,(4,1,4),(2,2),(-0.0554176763172739,-0.0295617566833699,0.),(0.,0.1),
 .UNSPECIFIED.);
#598=B_SPLINE_SURFACE_WITH_KNOTS('',3,1,((#11700,#11701),(#11702,#11703),
(#11704,#11705),(#11706,#11707),(#11708,#11709)),.UNSPECIFIED.,.F.,.F.,
 .F.,(4,1,4),(2,2),(-0.0619963553605839,-0.0320446892374077,0.),(0.,0.1),
 .UNSPECIFIED.);
#599=B_SPLINE_SURFACE_WITH_KNOTS('',3,1,((#11748,#11749),(#11750,#11751),
(#11752,#11753),(#11754,#11755),(#11756,#11757)),.UNSPECIFIED.,.F.,.F.,
 .F.,(4,1,4),(2,2),(-0.0374127614578917,-0.0199161953517402,0.),(0.,0.1),
 .UNSPECIFIED.);
#600=B_SPLINE_SURFACE_WITH_KNOTS('',3,1,((#11771,#11772),(#11773,#11774),
(#11775,#11776),(#11777,#11778),(#11779,#11780)),.UNSPECIFIED.,.F.,.F.,
 .F.,(4,1,4),(2,2),(-0.0426678323187299,-0.0238321437364493,0.),(0.,0.1),
 .UNSPECIFIED.);
#601=B_SPLINE_SURFACE_WITH_KNOTS('',3,1,((#11794,#11795),(#11796,#11797),
(#11798,#11799),(#11800,#11801),(#11802,#11803)),.UNSPECIFIED.,.F.,.F.,
 .F.,(4,1,4),(2,2),(-0.0308157791548317,-0.0159170002896444,0.),(0.,0.1),
 .UNSPECIFIED.);
#602=B_SPLINE_SURFACE_WITH_KNOTS('',3,1,((#11817,#11818),(#11819,#11820),
(#11821,#11822),(#11823,#11824),(#11825,#11826)),.UNSPECIFIED.,.F.,.F.,
 .F.,(4,1,4),(2,2),(-0.0584804171686516,-0.0218534804173184,0.),(0.,0.1),
 .UNSPECIFIED.);
#603=B_SPLINE_SURFACE_WITH_KNOTS('',3,1,((#11906,#11907),(#11908,#11909),
(#11910,#11911),(#11912,#11913),(#11914,#11915)),.UNSPECIFIED.,.F.,.F.,
 .F.,(4,1,4),(2,2),(-0.0272162614467352,-0.0172700015721698,0.),(0.,0.1),
 .UNSPECIFIED.);
#604=B_SPLINE_SURFACE_WITH_KNOTS('',3,1,((#11929,#11930),(#11931,#11932),
(#11933,#11934),(#11935,#11936),(#11937,#11938)),.UNSPECIFIED.,.F.,.F.,
 .F.,(4,1,4),(2,2),(-0.0129191217571291,-0.00637739497237261,0.),(0.,0.1),
 .UNSPECIFIED.);
#605=B_SPLINE_SURFACE_WITH_KNOTS('',3,1,((#11952,#11953),(#11954,#11955),
(#11956,#11957),(#11958,#11959),(#11960,#11961)),.UNSPECIFIED.,.F.,.F.,
 .F.,(4,1,4),(2,2),(-0.0173012695379842,-0.00760848248082759,0.),(0.,0.1),
 .UNSPECIFIED.);
#606=B_SPLINE_SURFACE_WITH_KNOTS('',3,1,((#11975,#11976),(#11977,#11978),
(#11979,#11980),(#11981,#11982),(#11983,#11984)),.UNSPECIFIED.,.F.,.F.,
 .F.,(4,1,4),(2,2),(-0.021651883049297,-0.00949368402683321,0.),(0.,0.1),
 .UNSPECIFIED.);
#607=B_SPLINE_SURFACE_WITH_KNOTS('',3,1,((#12042,#12043),(#12044,#12045),
(#12046,#12047),(#12048,#12049),(#12050,#12051)),.UNSPECIFIED.,.F.,.F.,
 .F.,(4,1,4),(2,2),(-0.0515621134332305,-0.03031498421676,0.),(0.,0.1),
 .UNSPECIFIED.);
#608=B_SPLINE_SURFACE_WITH_KNOTS('',3,1,((#12065,#12066),(#12067,#12068),
(#12069,#12070),(#12071,#12072),(#12073,#12074)),.UNSPECIFIED.,.F.,.F.,
 .F.,(4,1,4),(2,2),(-0.0334035813126892,-0.0167481454008164,0.),(0.,0.1),
 .UNSPECIFIED.);
#609=B_SPLINE_SURFACE_WITH_KNOTS('',3,1,((#12088,#12089),(#12090,#12091),
(#12092,#12093),(#12094,#12095),(#12096,#12097)),.UNSPECIFIED.,.F.,.F.,
 .F.,(4,1,4),(2,2),(-0.0534204370521864,-0.0253448873990325,0.),(0.,0.1),
 .UNSPECIFIED.);
#610=B_SPLINE_SURFACE_WITH_KNOTS('',3,1,((#12117,#12118),(#12119,#12120),
(#12121,#12122),(#12123,#12124),(#12125,#12126)),.UNSPECIFIED.,.F.,.F.,
 .F.,(4,1,4),(2,2),(-0.0379010383133733,-0.0196974851026167,0.),(0.,0.1),
 .UNSPECIFIED.);
#611=B_SPLINE_SURFACE_WITH_KNOTS('',3,1,((#12140,#12141),(#12142,#12143),
(#12144,#12145),(#12146,#12147),(#12148,#12149)),.UNSPECIFIED.,.F.,.F.,
 .F.,(4,1,4),(2,2),(-0.0309266191407507,-0.0154704022241236,0.),(0.,0.1),
 .UNSPECIFIED.);
#612=B_SPLINE_SURFACE_WITH_KNOTS('',3,1,((#12163,#12164),(#12165,#12166),
(#12167,#12168),(#12169,#12170),(#12171,#12172)),.UNSPECIFIED.,.F.,.F.,
 .F.,(4,1,4),(2,2),(-0.0329107254535908,-0.0159465369155964,0.),(0.,0.1),
 .UNSPECIFIED.);
#613=B_SPLINE_SURFACE_WITH_KNOTS('',3,1,((#12186,#12187),(#12188,#12189),
(#12190,#12191),(#12192,#12193),(#12194,#12195)),.UNSPECIFIED.,.F.,.F.,
 .F.,(4,1,4),(2,2),(-0.0580475982664316,-0.0281003815000531,0.),(0.,0.1),
 .UNSPECIFIED.);
#614=B_SPLINE_SURFACE_WITH_KNOTS('',3,1,((#12228,#12229),(#12230,#12231),
(#12232,#12233),(#12234,#12235),(#12236,#12237)),.UNSPECIFIED.,.F.,.F.,
 .F.,(4,1,4),(2,2),(-0.0585425641749956,-0.0326015063577126,0.),(0.,0.1),
 .UNSPECIFIED.);
#615=B_SPLINE_SURFACE_WITH_KNOTS('',3,1,((#12251,#12252),(#12253,#12254),
(#12255,#12256),(#12257,#12258),(#12259,#12260)),.UNSPECIFIED.,.F.,.F.,
 .F.,(4,1,4),(2,2),(-0.0689715269437257,-0.0343354819267553,0.),(0.,0.1),
 .UNSPECIFIED.);
#616=B_SPLINE_SURFACE_WITH_KNOTS('',3,1,((#12274,#12275),(#12276,#12277),
(#12278,#12279),(#12280,#12281),(#12282,#12283)),.UNSPECIFIED.,.F.,.F.,
 .F.,(4,1,4),(2,2),(-0.062497202786731,-0.0316496719720626,0.),(0.,0.1),
 .UNSPECIFIED.);
#617=B_SPLINE_SURFACE_WITH_KNOTS('',3,1,((#12297,#12298),(#12299,#12300),
(#12301,#12302),(#12303,#12304),(#12305,#12306)),.UNSPECIFIED.,.F.,.F.,
 .F.,(4,1,4),(2,2),(-0.0668988328909654,-0.0319546495387938,0.),(0.,0.1),
 .UNSPECIFIED.);
#618=B_SPLINE_SURFACE_WITH_KNOTS('',3,1,((#12326,#12327),(#12328,#12329),
(#12330,#12331),(#12332,#12333),(#12334,#12335)),.UNSPECIFIED.,.F.,.F.,
 .F.,(4,1,4),(2,2),(-0.0833031887253784,-0.043046652902269,0.),(0.,0.1),
 .UNSPECIFIED.);
#619=B_SPLINE_SURFACE_WITH_KNOTS('',3,1,((#12349,#12350),(#12351,#12352),
(#12353,#12354),(#12355,#12356),(#12357,#12358)),.UNSPECIFIED.,.F.,.F.,
 .F.,(4,1,4),(2,2),(-0.0876883021082209,-0.0413047815963447,0.),(0.,0.1),
 .UNSPECIFIED.);
#620=B_SPLINE_SURFACE_WITH_KNOTS('',3,1,((#12372,#12373),(#12374,#12375),
(#12376,#12377),(#12378,#12379),(#12380,#12381)),.UNSPECIFIED.,.F.,.F.,
 .F.,(4,1,4),(2,2),(-0.110581615480195,-0.057826309167802,0.),(0.,0.1),
 .UNSPECIFIED.);
#621=B_SPLINE_SURFACE_WITH_KNOTS('',3,1,((#12395,#12396),(#12397,#12398),
(#12399,#12400),(#12401,#12402),(#12403,#12404)),.UNSPECIFIED.,.F.,.F.,
 .F.,(4,1,4),(2,2),(-0.118178780375599,-0.0547022840268915,0.),(0.,0.1),
 .UNSPECIFIED.);
#622=B_SPLINE_SURFACE_WITH_KNOTS('',3,1,((#12418,#12419),(#12420,#12421),
(#12422,#12423),(#12424,#12425),(#12426,#12427)),.UNSPECIFIED.,.F.,.F.,
 .F.,(4,1,4),(2,2),(-0.121798358647021,-0.0656173325747654,0.),(0.,0.1),
 .UNSPECIFIED.);
#623=B_SPLINE_SURFACE_WITH_KNOTS('',3,1,((#12441,#12442),(#12443,#12444),
(#12445,#12446),(#12447,#12448),(#12449,#12450)),.UNSPECIFIED.,.F.,.F.,
 .F.,(4,1,4),(2,2),(-0.108159508240181,-0.0527974245906871,0.),(0.,0.1),
 .UNSPECIFIED.);
#624=B_SPLINE_SURFACE_WITH_KNOTS('',3,1,((#12464,#12465),(#12466,#12467),
(#12468,#12469),(#12470,#12471),(#12472,#12473)),.UNSPECIFIED.,.F.,.F.,
 .F.,(4,1,4),(2,2),(-0.105266673424864,-0.0537152007973912,0.),(0.,0.1),
 .UNSPECIFIED.);
#625=B_SPLINE_SURFACE_WITH_KNOTS('',3,1,((#12487,#12488),(#12489,#12490),
(#12491,#12492),(#12493,#12494),(#12495,#12496)),.UNSPECIFIED.,.F.,.F.,
 .F.,(4,1,4),(2,2),(-0.119419756891875,-0.055046912250524,0.),(0.,0.1),
 .UNSPECIFIED.);
#626=B_SPLINE_SURFACE_WITH_KNOTS('',3,1,((#12510,#12511),(#12512,#12513),
(#12514,#12515),(#12516,#12517),(#12518,#12519)),.UNSPECIFIED.,.F.,.F.,
 .F.,(4,1,4),(2,2),(-0.0131000363715094,-0.00545746964608266,0.),(0.,0.1),
 .UNSPECIFIED.);
#627=B_SPLINE_SURFACE_WITH_KNOTS('',3,1,((#12539,#12540),(#12541,#12542),
(#12543,#12544),(#12545,#12546),(#12547,#12548)),.UNSPECIFIED.,.F.,.F.,
 .F.,(4,1,4),(2,2),(-0.0792076828287813,-0.0429299418037572,0.),(0.,0.1),
 .UNSPECIFIED.);
#628=B_SPLINE_SURFACE_WITH_KNOTS('',3,1,((#12562,#12563),(#12564,#12565),
(#12566,#12567),(#12568,#12569),(#12570,#12571)),.UNSPECIFIED.,.F.,.F.,
 .F.,(4,1,4),(2,2),(-0.067153608255403,-0.0332666971714107,0.),(0.,0.1),
 .UNSPECIFIED.);
#629=B_SPLINE_SURFACE_WITH_KNOTS('',3,1,((#12585,#12586),(#12587,#12588),
(#12589,#12590),(#12591,#12592),(#12593,#12594)),.UNSPECIFIED.,.F.,.F.,
 .F.,(4,1,4),(2,2),(-0.0488957479290602,-0.0252841722921035,0.),(0.,0.1),
 .UNSPECIFIED.);
#630=B_SPLINE_SURFACE_WITH_KNOTS('',3,1,((#12608,#12609),(#12610,#12611),
(#12612,#12613),(#12614,#12615),(#12616,#12617)),.UNSPECIFIED.,.F.,.F.,
 .F.,(4,1,4),(2,2),(-0.0550735704240943,-0.0251464886839383,0.),(0.,0.1),
 .UNSPECIFIED.);
#631=PLANE('',#6529);
#632=PLANE('',#6530);
#633=PLANE('',#6531);
#634=PLANE('',#6532);
#635=PLANE('',#6533);
#636=PLANE('',#6534);
#637=PLANE('',#6535);
#638=PLANE('',#6536);
#639=PLANE('',#6537);
#640=PLANE('',#6538);
#641=PLANE('',#6539);
#642=PLANE('',#6540);
#643=PLANE('',#6541);
#644=PLANE('',#6542);
#645=PLANE('',#6543);
#646=PLANE('',#6544);
#647=PLANE('',#6545);
#648=PLANE('',#6546);
#649=PLANE('',#6547);
#650=PLANE('',#6548);
#651=PLANE('',#6549);
#652=PLANE('',#6550);
#653=PLANE('',#6551);
#654=PLANE('',#6552);
#655=PLANE('',#6553);
#656=PLANE('',#6554);
#657=PLANE('',#6555);
#658=PLANE('',#6556);
#659=PLANE('',#6557);
#660=PLANE('',#6558);
#661=PLANE('',#6559);
#662=PLANE('',#6560);
#663=PLANE('',#6561);
#664=PLANE('',#6562);
#665=PLANE('',#6563);
#666=PLANE('',#6564);
#667=PLANE('',#6565);
#668=PLANE('',#6566);
#669=PLANE('',#6567);
#670=PLANE('',#6568);
#671=PLANE('',#6569);
#672=PLANE('',#6570);
#673=PLANE('',#6571);
#674=PLANE('',#6572);
#675=PLANE('',#6573);
#676=PLANE('',#6574);
#677=PLANE('',#6575);
#678=PLANE('',#6576);
#679=PLANE('',#6577);
#680=PLANE('',#6578);
#681=PLANE('',#6579);
#682=PLANE('',#6580);
#683=PLANE('',#6581);
#684=PLANE('',#6582);
#685=PLANE('',#6583);
#686=PLANE('',#6584);
#687=PLANE('',#6585);
#688=PLANE('',#6586);
#689=PLANE('',#6587);
#690=PLANE('',#6588);
#691=PLANE('',#6589);
#692=PLANE('',#6590);
#693=PLANE('',#6591);
#694=PLANE('',#6592);
#695=PLANE('',#6593);
#696=PLANE('',#6594);
#697=PLANE('',#6595);
#698=PLANE('',#6596);
#699=PLANE('',#6597);
#700=PLANE('',#6598);
#701=PLANE('',#6599);
#702=PLANE('',#6600);
#703=PLANE('',#6601);
#704=PLANE('',#6602);
#705=PLANE('',#6603);
#706=PLANE('',#6604);
#707=PLANE('',#6605);
#708=PLANE('',#6606);
#709=PLANE('',#6607);
#710=PLANE('',#6608);
#711=PLANE('',#6609);
#712=PLANE('',#6610);
#713=PLANE('',#6611);
#714=PLANE('',#6612);
#715=PLANE('',#6613);
#716=PLANE('',#6614);
#717=PLANE('',#6615);
#718=PLANE('',#6616);
#719=PLANE('',#6617);
#720=PLANE('',#6618);
#721=PLANE('',#6619);
#722=PLANE('',#6620);
#723=PLANE('',#6621);
#724=PLANE('',#6622);
#725=PLANE('',#6623);
#726=PLANE('',#6624);
#727=PLANE('',#6625);
#728=PLANE('',#6626);
#729=PLANE('',#6627);
#730=PLANE('',#6628);
#731=PLANE('',#6629);
#732=PLANE('',#6630);
#733=PLANE('',#6631);
#734=PLANE('',#6632);
#735=PLANE('',#6633);
#736=PLANE('',#6634);
#737=PLANE('',#6635);
#738=PLANE('',#6636);
#739=PLANE('',#6637);
#740=PLANE('',#6638);
#741=PLANE('',#6639);
#742=PLANE('',#6640);
#743=PLANE('',#6641);
#744=PLANE('',#6642);
#745=PLANE('',#6643);
#746=PLANE('',#6644);
#747=PLANE('',#6645);
#748=PLANE('',#6646);
#749=PLANE('',#6647);
#750=PLANE('',#6648);
#751=PLANE('',#6649);
#752=PLANE('',#6650);
#753=PLANE('',#6651);
#754=PLANE('',#6655);
#755=PLANE('',#6659);
#756=PLANE('',#6660);
#757=PLANE('',#6662);
#758=PLANE('',#6664);
#759=PLANE('',#6667);
#760=PLANE('',#6682);
#761=PLANE('',#6691);
#762=PLANE('',#6692);
#763=PLANE('',#6695);
#764=PLANE('',#6696);
#765=PLANE('',#6699);
#766=PLANE('',#6700);
#767=PLANE('',#6703);
#768=PLANE('',#6704);
#769=PLANE('',#6711);
#770=PLANE('',#6714);
#771=FACE_OUTER_BOUND('',#1121,.T.);
#772=FACE_OUTER_BOUND('',#1122,.T.);
#773=FACE_OUTER_BOUND('',#1123,.T.);
#774=FACE_OUTER_BOUND('',#1124,.T.);
#775=FACE_OUTER_BOUND('',#1125,.T.);
#776=FACE_OUTER_BOUND('',#1126,.T.);
#777=FACE_OUTER_BOUND('',#1127,.T.);
#778=FACE_OUTER_BOUND('',#1128,.T.);
#779=FACE_OUTER_BOUND('',#1129,.T.);
#780=FACE_OUTER_BOUND('',#1130,.T.);
#781=FACE_OUTER_BOUND('',#1131,.T.);
#782=FACE_OUTER_BOUND('',#1132,.T.);
#783=FACE_OUTER_BOUND('',#1133,.T.);
#784=FACE_OUTER_BOUND('',#1134,.T.);
#785=FACE_OUTER_BOUND('',#1135,.T.);
#786=FACE_OUTER_BOUND('',#1136,.T.);
#787=FACE_OUTER_BOUND('',#1137,.T.);
#788=FACE_OUTER_BOUND('',#1138,.T.);
#789=FACE_OUTER_BOUND('',#1139,.T.);
#790=FACE_OUTER_BOUND('',#1140,.T.);
#791=FACE_OUTER_BOUND('',#1141,.T.);
#792=FACE_OUTER_BOUND('',#1142,.T.);
#793=FACE_OUTER_BOUND('',#1143,.T.);
#794=FACE_OUTER_BOUND('',#1144,.T.);
#795=FACE_OUTER_BOUND('',#1145,.T.);
#796=FACE_OUTER_BOUND('',#1146,.T.);
#797=FACE_OUTER_BOUND('',#1147,.T.);
#798=FACE_OUTER_BOUND('',#1149,.T.);
#799=FACE_OUTER_BOUND('',#1150,.T.);
#800=FACE_OUTER_BOUND('',#1151,.T.);
#801=FACE_OUTER_BOUND('',#1152,.T.);
#802=FACE_OUTER_BOUND('',#1153,.T.);
#803=FACE_OUTER_BOUND('',#1154,.T.);
#804=FACE_OUTER_BOUND('',#1155,.T.);
#805=FACE_OUTER_BOUND('',#1156,.T.);
#806=FACE_OUTER_BOUND('',#1157,.T.);
#807=FACE_OUTER_BOUND('',#1158,.T.);
#808=FACE_OUTER_BOUND('',#1159,.T.);
#809=FACE_OUTER_BOUND('',#1160,.T.);
#810=FACE_OUTER_BOUND('',#1161,.T.);
#811=FACE_OUTER_BOUND('',#1162,.T.);
#812=FACE_OUTER_BOUND('',#1163,.T.);
#813=FACE_OUTER_BOUND('',#1164,.T.);
#814=FACE_OUTER_BOUND('',#1165,.T.);
#815=FACE_OUTER_BOUND('',#1166,.T.);
#816=FACE_OUTER_BOUND('',#1167,.T.);
#817=FACE_OUTER_BOUND('',#1168,.T.);
#818=FACE_OUTER_BOUND('',#1169,.T.);
#819=FACE_OUTER_BOUND('',#1170,.T.);
#820=FACE_OUTER_BOUND('',#1171,.T.);
#821=FACE_OUTER_BOUND('',#1172,.T.);
#822=FACE_OUTER_BOUND('',#1173,.T.);
#823=FACE_OUTER_BOUND('',#1174,.T.);
#824=FACE_OUTER_BOUND('',#1175,.T.);
#825=FACE_OUTER_BOUND('',#1176,.T.);
#826=FACE_OUTER_BOUND('',#1177,.T.);
#827=FACE_OUTER_BOUND('',#1178,.T.);
#828=FACE_OUTER_BOUND('',#1179,.T.);
#829=FACE_OUTER_BOUND('',#1180,.T.);
#830=FACE_OUTER_BOUND('',#1181,.T.);
#831=FACE_OUTER_BOUND('',#1183,.T.);
#832=FACE_OUTER_BOUND('',#1184,.T.);
#833=FACE_OUTER_BOUND('',#1185,.T.);
#834=FACE_OUTER_BOUND('',#1186,.T.);
#835=FACE_OUTER_BOUND('',#1187,.T.);
#836=FACE_OUTER_BOUND('',#1188,.T.);
#837=FACE_OUTER_BOUND('',#1189,.T.);
#838=FACE_OUTER_BOUND('',#1190,.T.);
#839=FACE_OUTER_BOUND('',#1191,.T.);
#840=FACE_OUTER_BOUND('',#1192,.T.);
#841=FACE_OUTER_BOUND('',#1193,.T.);
#842=FACE_OUTER_BOUND('',#1194,.T.);
#843=FACE_OUTER_BOUND('',#1195,.T.);
#844=FACE_OUTER_BOUND('',#1196,.T.);
#845=FACE_OUTER_BOUND('',#1197,.T.);
#846=FACE_OUTER_BOUND('',#1198,.T.);
#847=FACE_OUTER_BOUND('',#1199,.T.);
#848=FACE_OUTER_BOUND('',#1200,.T.);
#849=FACE_OUTER_BOUND('',#1201,.T.);
#850=FACE_OUTER_BOUND('',#1202,.T.);
#851=FACE_OUTER_BOUND('',#1203,.T.);
#852=FACE_OUTER_BOUND('',#1204,.T.);
#853=FACE_OUTER_BOUND('',#1205,.T.);
#854=FACE_OUTER_BOUND('',#1206,.T.);
#855=FACE_OUTER_BOUND('',#1207,.T.);
#856=FACE_OUTER_BOUND('',#1208,.T.);
#857=FACE_OUTER_BOUND('',#1209,.T.);
#858=FACE_OUTER_BOUND('',#1210,.T.);
#859=FACE_OUTER_BOUND('',#1211,.T.);
#860=FACE_OUTER_BOUND('',#1212,.T.);
#861=FACE_OUTER_BOUND('',#1213,.T.);
#862=FACE_OUTER_BOUND('',#1214,.T.);
#863=FACE_OUTER_BOUND('',#1215,.T.);
#864=FACE_OUTER_BOUND('',#1216,.T.);
#865=FACE_OUTER_BOUND('',#1217,.T.);
#866=FACE_OUTER_BOUND('',#1218,.T.);
#867=FACE_OUTER_BOUND('',#1219,.T.);
#868=FACE_OUTER_BOUND('',#1220,.T.);
#869=FACE_OUTER_BOUND('',#1221,.T.);
#870=FACE_OUTER_BOUND('',#1223,.T.);
#871=FACE_OUTER_BOUND('',#1224,.T.);
#872=FACE_OUTER_BOUND('',#1225,.T.);
#873=FACE_OUTER_BOUND('',#1226,.T.);
#874=FACE_OUTER_BOUND('',#1227,.T.);
#875=FACE_OUTER_BOUND('',#1228,.T.);
#876=FACE_OUTER_BOUND('',#1229,.T.);
#877=FACE_OUTER_BOUND('',#1230,.T.);
#878=FACE_OUTER_BOUND('',#1231,.T.);
#879=FACE_OUTER_BOUND('',#1232,.T.);
#880=FACE_OUTER_BOUND('',#1233,.T.);
#881=FACE_OUTER_BOUND('',#1234,.T.);
#882=FACE_OUTER_BOUND('',#1235,.T.);
#883=FACE_OUTER_BOUND('',#1236,.T.);
#884=FACE_OUTER_BOUND('',#1237,.T.);
#885=FACE_OUTER_BOUND('',#1238,.T.);
#886=FACE_OUTER_BOUND('',#1239,.T.);
#887=FACE_OUTER_BOUND('',#1240,.T.);
#888=FACE_OUTER_BOUND('',#1241,.T.);
#889=FACE_OUTER_BOUND('',#1242,.T.);
#890=FACE_OUTER_BOUND('',#1243,.T.);
#891=FACE_OUTER_BOUND('',#1244,.T.);
#892=FACE_OUTER_BOUND('',#1246,.T.);
#893=FACE_OUTER_BOUND('',#1247,.T.);
#894=FACE_OUTER_BOUND('',#1248,.T.);
#895=FACE_OUTER_BOUND('',#1249,.T.);
#896=FACE_OUTER_BOUND('',#1250,.T.);
#897=FACE_OUTER_BOUND('',#1251,.T.);
#898=FACE_OUTER_BOUND('',#1252,.T.);
#899=FACE_OUTER_BOUND('',#1253,.T.);
#900=FACE_OUTER_BOUND('',#1254,.T.);
#901=FACE_OUTER_BOUND('',#1255,.T.);
#902=FACE_OUTER_BOUND('',#1256,.T.);
#903=FACE_OUTER_BOUND('',#1257,.T.);
#904=FACE_OUTER_BOUND('',#1258,.T.);
#905=FACE_OUTER_BOUND('',#1259,.T.);
#906=FACE_OUTER_BOUND('',#1260,.T.);
#907=FACE_OUTER_BOUND('',#1261,.T.);
#908=FACE_OUTER_BOUND('',#1262,.T.);
#909=FACE_OUTER_BOUND('',#1263,.T.);
#910=FACE_OUTER_BOUND('',#1264,.T.);
#911=FACE_OUTER_BOUND('',#1265,.T.);
#912=FACE_OUTER_BOUND('',#1266,.T.);
#913=FACE_OUTER_BOUND('',#1267,.T.);
#914=FACE_OUTER_BOUND('',#1268,.T.);
#915=FACE_OUTER_BOUND('',#1269,.T.);
#916=FACE_OUTER_BOUND('',#1270,.T.);
#917=FACE_OUTER_BOUND('',#1271,.T.);
#918=FACE_OUTER_BOUND('',#1272,.T.);
#919=FACE_OUTER_BOUND('',#1273,.T.);
#920=FACE_OUTER_BOUND('',#1274,.T.);
#921=FACE_OUTER_BOUND('',#1275,.T.);
#922=FACE_OUTER_BOUND('',#1276,.T.);
#923=FACE_OUTER_BOUND('',#1277,.T.);
#924=FACE_OUTER_BOUND('',#1278,.T.);
#925=FACE_OUTER_BOUND('',#1279,.T.);
#926=FACE_OUTER_BOUND('',#1280,.T.);
#927=FACE_OUTER_BOUND('',#1281,.T.);
#928=FACE_OUTER_BOUND('',#1282,.T.);
#929=FACE_OUTER_BOUND('',#1283,.T.);
#930=FACE_OUTER_BOUND('',#1284,.T.);
#931=FACE_OUTER_BOUND('',#1285,.T.);
#932=FACE_OUTER_BOUND('',#1286,.T.);
#933=FACE_OUTER_BOUND('',#1287,.T.);
#934=FACE_OUTER_BOUND('',#1288,.T.);
#935=FACE_OUTER_BOUND('',#1289,.T.);
#936=FACE_OUTER_BOUND('',#1290,.T.);
#937=FACE_OUTER_BOUND('',#1291,.T.);
#938=FACE_OUTER_BOUND('',#1292,.T.);
#939=FACE_OUTER_BOUND('',#1293,.T.);
#940=FACE_OUTER_BOUND('',#1294,.T.);
#941=FACE_OUTER_BOUND('',#1295,.T.);
#942=FACE_OUTER_BOUND('',#1296,.T.);
#943=FACE_OUTER_BOUND('',#1297,.T.);
#944=FACE_OUTER_BOUND('',#1298,.T.);
#945=FACE_OUTER_BOUND('',#1299,.T.);
#946=FACE_OUTER_BOUND('',#1300,.T.);
#947=FACE_OUTER_BOUND('',#1301,.T.);
#948=FACE_OUTER_BOUND('',#1303,.T.);
#949=FACE_OUTER_BOUND('',#1304,.T.);
#950=FACE_OUTER_BOUND('',#1305,.T.);
#951=FACE_OUTER_BOUND('',#1306,.T.);
#952=FACE_OUTER_BOUND('',#1307,.T.);
#953=FACE_OUTER_BOUND('',#1308,.T.);
#954=FACE_OUTER_BOUND('',#1309,.T.);
#955=FACE_OUTER_BOUND('',#1310,.T.);
#956=FACE_OUTER_BOUND('',#1311,.T.);
#957=FACE_OUTER_BOUND('',#1312,.T.);
#958=FACE_OUTER_BOUND('',#1313,.T.);
#959=FACE_OUTER_BOUND('',#1314,.T.);
#960=FACE_OUTER_BOUND('',#1315,.T.);
#961=FACE_OUTER_BOUND('',#1316,.T.);
#962=FACE_OUTER_BOUND('',#1317,.T.);
#963=FACE_OUTER_BOUND('',#1318,.T.);
#964=FACE_OUTER_BOUND('',#1319,.T.);
#965=FACE_OUTER_BOUND('',#1320,.T.);
#966=FACE_OUTER_BOUND('',#1321,.T.);
#967=FACE_OUTER_BOUND('',#1322,.T.);
#968=FACE_OUTER_BOUND('',#1323,.T.);
#969=FACE_OUTER_BOUND('',#1324,.T.);
#970=FACE_OUTER_BOUND('',#1325,.T.);
#971=FACE_OUTER_BOUND('',#1326,.T.);
#972=FACE_OUTER_BOUND('',#1327,.T.);
#973=FACE_OUTER_BOUND('',#1328,.T.);
#974=FACE_OUTER_BOUND('',#1329,.T.);
#975=FACE_OUTER_BOUND('',#1330,.T.);
#976=FACE_OUTER_BOUND('',#1331,.T.);
#977=FACE_OUTER_BOUND('',#1332,.T.);
#978=FACE_OUTER_BOUND('',#1333,.T.);
#979=FACE_OUTER_BOUND('',#1334,.T.);
#980=FACE_OUTER_BOUND('',#1335,.T.);
#981=FACE_OUTER_BOUND('',#1336,.T.);
#982=FACE_OUTER_BOUND('',#1337,.T.);
#983=FACE_OUTER_BOUND('',#1338,.T.);
#984=FACE_OUTER_BOUND('',#1339,.T.);
#985=FACE_OUTER_BOUND('',#1340,.T.);
#986=FACE_OUTER_BOUND('',#1341,.T.);
#987=FACE_OUTER_BOUND('',#1343,.T.);
#988=FACE_OUTER_BOUND('',#1344,.T.);
#989=FACE_OUTER_BOUND('',#1345,.T.);
#990=FACE_OUTER_BOUND('',#1346,.T.);
#991=FACE_OUTER_BOUND('',#1347,.T.);
#992=FACE_OUTER_BOUND('',#1348,.T.);
#993=FACE_OUTER_BOUND('',#1349,.T.);
#994=FACE_OUTER_BOUND('',#1350,.T.);
#995=FACE_OUTER_BOUND('',#1351,.T.);
#996=FACE_OUTER_BOUND('',#1352,.T.);
#997=FACE_OUTER_BOUND('',#1353,.T.);
#998=FACE_OUTER_BOUND('',#1354,.T.);
#999=FACE_OUTER_BOUND('',#1355,.T.);
#1000=FACE_OUTER_BOUND('',#1356,.T.);
#1001=FACE_OUTER_BOUND('',#1357,.T.);
#1002=FACE_OUTER_BOUND('',#1358,.T.);
#1003=FACE_OUTER_BOUND('',#1359,.T.);
#1004=FACE_OUTER_BOUND('',#1360,.T.);
#1005=FACE_OUTER_BOUND('',#1361,.T.);
#1006=FACE_OUTER_BOUND('',#1362,.T.);
#1007=FACE_OUTER_BOUND('',#1363,.T.);
#1008=FACE_OUTER_BOUND('',#1364,.T.);
#1009=FACE_OUTER_BOUND('',#1365,.T.);
#1010=FACE_OUTER_BOUND('',#1366,.T.);
#1011=FACE_OUTER_BOUND('',#1367,.T.);
#1012=FACE_OUTER_BOUND('',#1368,.T.);
#1013=FACE_OUTER_BOUND('',#1369,.T.);
#1014=FACE_OUTER_BOUND('',#1370,.T.);
#1015=FACE_OUTER_BOUND('',#1371,.T.);
#1016=FACE_OUTER_BOUND('',#1372,.T.);
#1017=FACE_OUTER_BOUND('',#1373,.T.);
#1018=FACE_OUTER_BOUND('',#1374,.T.);
#1019=FACE_OUTER_BOUND('',#1375,.T.);
#1020=FACE_OUTER_BOUND('',#1376,.T.);
#1021=FACE_OUTER_BOUND('',#1377,.T.);
#1022=FACE_OUTER_BOUND('',#1378,.T.);
#1023=FACE_OUTER_BOUND('',#1379,.T.);
#1024=FACE_OUTER_BOUND('',#1380,.T.);
#1025=FACE_OUTER_BOUND('',#1381,.T.);
#1026=FACE_OUTER_BOUND('',#1382,.T.);
#1027=FACE_OUTER_BOUND('',#1383,.T.);
#1028=FACE_OUTER_BOUND('',#1384,.T.);
#1029=FACE_OUTER_BOUND('',#1385,.T.);
#1030=FACE_OUTER_BOUND('',#1386,.T.);
#1031=FACE_OUTER_BOUND('',#1387,.T.);
#1032=FACE_OUTER_BOUND('',#1388,.T.);
#1033=FACE_OUTER_BOUND('',#1389,.T.);
#1034=FACE_OUTER_BOUND('',#1390,.T.);
#1035=FACE_OUTER_BOUND('',#1391,.T.);
#1036=FACE_OUTER_BOUND('',#1392,.T.);
#1037=FACE_OUTER_BOUND('',#1393,.T.);
#1038=FACE_OUTER_BOUND('',#1394,.T.);
#1039=FACE_OUTER_BOUND('',#1395,.T.);
#1040=FACE_OUTER_BOUND('',#1396,.T.);
#1041=FACE_OUTER_BOUND('',#1397,.T.);
#1042=FACE_OUTER_BOUND('',#1398,.T.);
#1043=FACE_OUTER_BOUND('',#1399,.T.);
#1044=FACE_OUTER_BOUND('',#1400,.T.);
#1045=FACE_OUTER_BOUND('',#1401,.T.);
#1046=FACE_OUTER_BOUND('',#1402,.T.);
#1047=FACE_OUTER_BOUND('',#1403,.T.);
#1048=FACE_OUTER_BOUND('',#1404,.T.);
#1049=FACE_OUTER_BOUND('',#1405,.T.);
#1050=FACE_OUTER_BOUND('',#1406,.T.);
#1051=FACE_OUTER_BOUND('',#1407,.T.);
#1052=FACE_OUTER_BOUND('',#1408,.T.);
#1053=FACE_OUTER_BOUND('',#1409,.T.);
#1054=FACE_OUTER_BOUND('',#1410,.T.);
#1055=FACE_OUTER_BOUND('',#1411,.T.);
#1056=FACE_OUTER_BOUND('',#1412,.T.);
#1057=FACE_OUTER_BOUND('',#1413,.T.);
#1058=FACE_OUTER_BOUND('',#1414,.T.);
#1059=FACE_OUTER_BOUND('',#1415,.T.);
#1060=FACE_OUTER_BOUND('',#1416,.T.);
#1061=FACE_OUTER_BOUND('',#1417,.T.);
#1062=FACE_OUTER_BOUND('',#1418,.T.);
#1063=FACE_OUTER_BOUND('',#1419,.T.);
#1064=FACE_OUTER_BOUND('',#1420,.T.);
#1065=FACE_OUTER_BOUND('',#1421,.T.);
#1066=FACE_OUTER_BOUND('',#1422,.T.);
#1067=FACE_OUTER_BOUND('',#1423,.T.);
#1068=FACE_OUTER_BOUND('',#1424,.T.);
#1069=FACE_OUTER_BOUND('',#1425,.T.);
#1070=FACE_OUTER_BOUND('',#1426,.T.);
#1071=FACE_OUTER_BOUND('',#1427,.T.);
#1072=FACE_OUTER_BOUND('',#1428,.T.);
#1073=FACE_OUTER_BOUND('',#1429,.T.);
#1074=FACE_OUTER_BOUND('',#1430,.T.);
#1075=FACE_OUTER_BOUND('',#1431,.T.);
#1076=FACE_OUTER_BOUND('',#1432,.T.);
#1077=FACE_OUTER_BOUND('',#1433,.T.);
#1078=FACE_OUTER_BOUND('',#1434,.T.);
#1079=FACE_OUTER_BOUND('',#1435,.T.);
#1080=FACE_OUTER_BOUND('',#1436,.T.);
#1081=FACE_OUTER_BOUND('',#1437,.T.);
#1082=FACE_OUTER_BOUND('',#1438,.T.);
#1083=FACE_OUTER_BOUND('',#1439,.T.);
#1084=FACE_OUTER_BOUND('',#1440,.T.);
#1085=FACE_OUTER_BOUND('',#1441,.T.);
#1086=FACE_OUTER_BOUND('',#1442,.T.);
#1087=FACE_OUTER_BOUND('',#1444,.T.);
#1088=FACE_OUTER_BOUND('',#1445,.T.);
#1089=FACE_OUTER_BOUND('',#1446,.T.);
#1090=FACE_OUTER_BOUND('',#1447,.T.);
#1091=FACE_OUTER_BOUND('',#1448,.T.);
#1092=FACE_OUTER_BOUND('',#1449,.T.);
#1093=FACE_OUTER_BOUND('',#1451,.T.);
#1094=FACE_OUTER_BOUND('',#1453,.T.);
#1095=FACE_OUTER_BOUND('',#1455,.T.);
#1096=FACE_OUTER_BOUND('',#1487,.T.);
#1097=FACE_OUTER_BOUND('',#1488,.T.);
#1098=FACE_OUTER_BOUND('',#1489,.T.);
#1099=FACE_OUTER_BOUND('',#1490,.T.);
#1100=FACE_OUTER_BOUND('',#1491,.T.);
#1101=FACE_OUTER_BOUND('',#1492,.T.);
#1102=FACE_OUTER_BOUND('',#1493,.T.);
#1103=FACE_OUTER_BOUND('',#1494,.T.);
#1104=FACE_OUTER_BOUND('',#1495,.T.);
#1105=FACE_OUTER_BOUND('',#1496,.T.);
#1106=FACE_OUTER_BOUND('',#1497,.T.);
#1107=FACE_OUTER_BOUND('',#1498,.T.);
#1108=FACE_OUTER_BOUND('',#1499,.T.);
#1109=FACE_OUTER_BOUND('',#1500,.T.);
#1110=FACE_OUTER_BOUND('',#1501,.T.);
#1111=FACE_OUTER_BOUND('',#1502,.T.);
#1112=FACE_OUTER_BOUND('',#1503,.T.);
#1113=FACE_OUTER_BOUND('',#1504,.T.);
#1114=FACE_OUTER_BOUND('',#1505,.T.);
#1115=FACE_OUTER_BOUND('',#1506,.T.);
#1116=FACE_OUTER_BOUND('',#1507,.T.);
#1117=FACE_OUTER_BOUND('',#1521,.T.);
#1118=FACE_OUTER_BOUND('',#1522,.T.);
#1119=FACE_OUTER_BOUND('',#1524,.T.);
#1120=FACE_OUTER_BOUND('',#1525,.T.);
#1121=EDGE_LOOP('',(#4219,#4220,#4221,#4222));
#1122=EDGE_LOOP('',(#4223,#4224,#4225,#4226));
#1123=EDGE_LOOP('',(#4227,#4228,#4229,#4230));
#1124=EDGE_LOOP('',(#4231,#4232,#4233,#4234));
#1125=EDGE_LOOP('',(#4235,#4236,#4237,#4238));
#1126=EDGE_LOOP('',(#4239,#4240,#4241,#4242));
#1127=EDGE_LOOP('',(#4243,#4244,#4245,#4246));
#1128=EDGE_LOOP('',(#4247,#4248,#4249,#4250));
#1129=EDGE_LOOP('',(#4251,#4252,#4253,#4254));
#1130=EDGE_LOOP('',(#4255,#4256,#4257,#4258));
#1131=EDGE_LOOP('',(#4259,#4260,#4261,#4262));
#1132=EDGE_LOOP('',(#4263,#4264,#4265,#4266));
#1133=EDGE_LOOP('',(#4267,#4268,#4269,#4270));
#1134=EDGE_LOOP('',(#4271,#4272,#4273,#4274));
#1135=EDGE_LOOP('',(#4275,#4276,#4277,#4278));
#1136=EDGE_LOOP('',(#4279,#4280,#4281,#4282));
#1137=EDGE_LOOP('',(#4283,#4284,#4285,#4286));
#1138=EDGE_LOOP('',(#4287,#4288,#4289,#4290));
#1139=EDGE_LOOP('',(#4291,#4292,#4293,#4294));
#1140=EDGE_LOOP('',(#4295,#4296,#4297,#4298));
#1141=EDGE_LOOP('',(#4299,#4300,#4301,#4302));
#1142=EDGE_LOOP('',(#4303,#4304,#4305,#4306));
#1143=EDGE_LOOP('',(#4307,#4308,#4309,#4310));
#1144=EDGE_LOOP('',(#4311,#4312,#4313,#4314));
#1145=EDGE_LOOP('',(#4315,#4316,#4317,#4318));
#1146=EDGE_LOOP('',(#4319,#4320,#4321,#4322));
#1147=EDGE_LOOP('',(#4323,#4324,#4325,#4326,#4327,#4328,#4329,#4330,#4331,
#4332,#4333));
#1148=EDGE_LOOP('',(#4334,#4335,#4336,#4337,#4338,#4339,#4340,#4341));
#1149=EDGE_LOOP('',(#4342,#4343,#4344,#4345,#4346,#4347,#4348,#4349));
#1150=EDGE_LOOP('',(#4350,#4351,#4352,#4353));
#1151=EDGE_LOOP('',(#4354,#4355,#4356,#4357));
#1152=EDGE_LOOP('',(#4358,#4359,#4360,#4361));
#1153=EDGE_LOOP('',(#4362,#4363,#4364,#4365));
#1154=EDGE_LOOP('',(#4366,#4367,#4368,#4369));
#1155=EDGE_LOOP('',(#4370,#4371,#4372,#4373));
#1156=EDGE_LOOP('',(#4374,#4375,#4376,#4377));
#1157=EDGE_LOOP('',(#4378,#4379,#4380,#4381));
#1158=EDGE_LOOP('',(#4382,#4383,#4384,#4385));
#1159=EDGE_LOOP('',(#4386,#4387,#4388,#4389));
#1160=EDGE_LOOP('',(#4390,#4391,#4392,#4393));
#1161=EDGE_LOOP('',(#4394,#4395,#4396,#4397));
#1162=EDGE_LOOP('',(#4398,#4399,#4400,#4401));
#1163=EDGE_LOOP('',(#4402,#4403,#4404,#4405,#4406,#4407,#4408,#4409,#4410,
#4411,#4412,#4413,#4414));
#1164=EDGE_LOOP('',(#4415,#4416,#4417,#4418));
#1165=EDGE_LOOP('',(#4419,#4420,#4421,#4422));
#1166=EDGE_LOOP('',(#4423,#4424,#4425,#4426));
#1167=EDGE_LOOP('',(#4427,#4428,#4429,#4430));
#1168=EDGE_LOOP('',(#4431,#4432,#4433,#4434));
#1169=EDGE_LOOP('',(#4435,#4436,#4437,#4438));
#1170=EDGE_LOOP('',(#4439,#4440,#4441,#4442));
#1171=EDGE_LOOP('',(#4443,#4444,#4445,#4446));
#1172=EDGE_LOOP('',(#4447,#4448,#4449,#4450));
#1173=EDGE_LOOP('',(#4451,#4452,#4453,#4454));
#1174=EDGE_LOOP('',(#4455,#4456,#4457,#4458));
#1175=EDGE_LOOP('',(#4459,#4460,#4461,#4462));
#1176=EDGE_LOOP('',(#4463,#4464,#4465,#4466));
#1177=EDGE_LOOP('',(#4467,#4468,#4469,#4470));
#1178=EDGE_LOOP('',(#4471,#4472,#4473,#4474));
#1179=EDGE_LOOP('',(#4475,#4476,#4477,#4478));
#1180=EDGE_LOOP('',(#4479,#4480,#4481,#4482));
#1181=EDGE_LOOP('',(#4483,#4484,#4485,#4486,#4487,#4488,#4489,#4490,#4491));
#1182=EDGE_LOOP('',(#4492,#4493,#4494,#4495,#4496,#4497,#4498,#4499));
#1183=EDGE_LOOP('',(#4500,#4501,#4502,#4503,#4504,#4505,#4506,#4507));
#1184=EDGE_LOOP('',(#4508,#4509,#4510,#4511));
#1185=EDGE_LOOP('',(#4512,#4513,#4514,#4515));
#1186=EDGE_LOOP('',(#4516,#4517,#4518,#4519));
#1187=EDGE_LOOP('',(#4520,#4521,#4522,#4523));
#1188=EDGE_LOOP('',(#4524,#4525,#4526,#4527));
#1189=EDGE_LOOP('',(#4528,#4529,#4530,#4531));
#1190=EDGE_LOOP('',(#4532,#4533,#4534,#4535));
#1191=EDGE_LOOP('',(#4536,#4537,#4538,#4539));
#1192=EDGE_LOOP('',(#4540,#4541,#4542,#4543));
#1193=EDGE_LOOP('',(#4544,#4545,#4546,#4547));
#1194=EDGE_LOOP('',(#4548,#4549,#4550,#4551));
#1195=EDGE_LOOP('',(#4552,#4553,#4554,#4555));
#1196=EDGE_LOOP('',(#4556,#4557,#4558,#4559));
#1197=EDGE_LOOP('',(#4560,#4561,#4562,#4563));
#1198=EDGE_LOOP('',(#4564,#4565,#4566,#4567));
#1199=EDGE_LOOP('',(#4568,#4569,#4570,#4571));
#1200=EDGE_LOOP('',(#4572,#4573,#4574,#4575));
#1201=EDGE_LOOP('',(#4576,#4577,#4578,#4579));
#1202=EDGE_LOOP('',(#4580,#4581,#4582,#4583));
#1203=EDGE_LOOP('',(#4584,#4585,#4586,#4587));
#1204=EDGE_LOOP('',(#4588,#4589,#4590,#4591));
#1205=EDGE_LOOP('',(#4592,#4593,#4594,#4595));
#1206=EDGE_LOOP('',(#4596,#4597,#4598,#4599));
#1207=EDGE_LOOP('',(#4600,#4601,#4602,#4603));
#1208=EDGE_LOOP('',(#4604,#4605,#4606,#4607));
#1209=EDGE_LOOP('',(#4608,#4609,#4610,#4611));
#1210=EDGE_LOOP('',(#4612,#4613,#4614,#4615));
#1211=EDGE_LOOP('',(#4616,#4617,#4618,#4619));
#1212=EDGE_LOOP('',(#4620,#4621,#4622,#4623));
#1213=EDGE_LOOP('',(#4624,#4625,#4626,#4627));
#1214=EDGE_LOOP('',(#4628,#4629,#4630,#4631));
#1215=EDGE_LOOP('',(#4632,#4633,#4634,#4635));
#1216=EDGE_LOOP('',(#4636,#4637,#4638,#4639));
#1217=EDGE_LOOP('',(#4640,#4641,#4642,#4643));
#1218=EDGE_LOOP('',(#4644,#4645,#4646,#4647));
#1219=EDGE_LOOP('',(#4648,#4649,#4650,#4651));
#1220=EDGE_LOOP('',(#4652,#4653,#4654,#4655));
#1221=EDGE_LOOP('',(#4656,#4657,#4658,#4659,#4660,#4661,#4662,#4663,#4664,
#4665,#4666,#4667,#4668,#4669,#4670,#4671,#4672,#4673,#4674,#4675,#4676,
#4677,#4678,#4679,#4680,#4681,#4682));
#1222=EDGE_LOOP('',(#4683,#4684,#4685,#4686,#4687,#4688,#4689,#4690,#4691,
#4692));
#1223=EDGE_LOOP('',(#4693,#4694,#4695,#4696,#4697,#4698,#4699,#4700,#4701,
#4702));
#1224=EDGE_LOOP('',(#4703,#4704,#4705,#4706));
#1225=EDGE_LOOP('',(#4707,#4708,#4709,#4710));
#1226=EDGE_LOOP('',(#4711,#4712,#4713,#4714));
#1227=EDGE_LOOP('',(#4715,#4716,#4717,#4718));
#1228=EDGE_LOOP('',(#4719,#4720,#4721,#4722));
#1229=EDGE_LOOP('',(#4723,#4724,#4725,#4726));
#1230=EDGE_LOOP('',(#4727,#4728,#4729,#4730));
#1231=EDGE_LOOP('',(#4731,#4732,#4733,#4734));
#1232=EDGE_LOOP('',(#4735,#4736,#4737,#4738));
#1233=EDGE_LOOP('',(#4739,#4740,#4741,#4742));
#1234=EDGE_LOOP('',(#4743,#4744,#4745,#4746));
#1235=EDGE_LOOP('',(#4747,#4748,#4749,#4750));
#1236=EDGE_LOOP('',(#4751,#4752,#4753,#4754));
#1237=EDGE_LOOP('',(#4755,#4756,#4757,#4758));
#1238=EDGE_LOOP('',(#4759,#4760,#4761,#4762));
#1239=EDGE_LOOP('',(#4763,#4764,#4765,#4766));
#1240=EDGE_LOOP('',(#4767,#4768,#4769,#4770));
#1241=EDGE_LOOP('',(#4771,#4772,#4773,#4774));
#1242=EDGE_LOOP('',(#4775,#4776,#4777,#4778));
#1243=EDGE_LOOP('',(#4779,#4780,#4781,#4782));
#1244=EDGE_LOOP('',(#4783,#4784,#4785,#4786,#4787,#4788,#4789,#4790,#4791,
#4792,#4793,#4794,#4795,#4796,#4797));
#1245=EDGE_LOOP('',(#4798,#4799,#4800,#4801,#4802));
#1246=EDGE_LOOP('',(#4803,#4804,#4805,#4806,#4807));
#1247=EDGE_LOOP('',(#4808,#4809,#4810,#4811));
#1248=EDGE_LOOP('',(#4812,#4813,#4814,#4815));
#1249=EDGE_LOOP('',(#4816,#4817,#4818,#4819));
#1250=EDGE_LOOP('',(#4820,#4821,#4822,#4823));
#1251=EDGE_LOOP('',(#4824,#4825,#4826,#4827));
#1252=EDGE_LOOP('',(#4828,#4829,#4830,#4831));
#1253=EDGE_LOOP('',(#4832,#4833,#4834,#4835,#4836,#4837));
#1254=EDGE_LOOP('',(#4838,#4839,#4840,#4841));
#1255=EDGE_LOOP('',(#4842,#4843,#4844,#4845));
#1256=EDGE_LOOP('',(#4846,#4847,#4848,#4849));
#1257=EDGE_LOOP('',(#4850,#4851,#4852,#4853));
#1258=EDGE_LOOP('',(#4854,#4855,#4856,#4857));
#1259=EDGE_LOOP('',(#4858,#4859,#4860,#4861));
#1260=EDGE_LOOP('',(#4862,#4863,#4864,#4865));
#1261=EDGE_LOOP('',(#4866,#4867,#4868,#4869));
#1262=EDGE_LOOP('',(#4870,#4871,#4872,#4873));
#1263=EDGE_LOOP('',(#4874,#4875,#4876,#4877));
#1264=EDGE_LOOP('',(#4878,#4879,#4880,#4881));
#1265=EDGE_LOOP('',(#4882,#4883,#4884,#4885));
#1266=EDGE_LOOP('',(#4886,#4887,#4888,#4889));
#1267=EDGE_LOOP('',(#4890,#4891,#4892,#4893));
#1268=EDGE_LOOP('',(#4894,#4895,#4896,#4897));
#1269=EDGE_LOOP('',(#4898,#4899,#4900,#4901));
#1270=EDGE_LOOP('',(#4902,#4903,#4904,#4905));
#1271=EDGE_LOOP('',(#4906,#4907,#4908,#4909,#4910,#4911,#4912,#4913,#4914,
#4915,#4916,#4917));
#1272=EDGE_LOOP('',(#4918,#4919,#4920,#4921));
#1273=EDGE_LOOP('',(#4922,#4923,#4924,#4925));
#1274=EDGE_LOOP('',(#4926,#4927,#4928,#4929));
#1275=EDGE_LOOP('',(#4930,#4931,#4932,#4933));
#1276=EDGE_LOOP('',(#4934,#4935,#4936,#4937));
#1277=EDGE_LOOP('',(#4938,#4939,#4940,#4941));
#1278=EDGE_LOOP('',(#4942,#4943,#4944,#4945));
#1279=EDGE_LOOP('',(#4946,#4947,#4948,#4949));
#1280=EDGE_LOOP('',(#4950,#4951,#4952,#4953));
#1281=EDGE_LOOP('',(#4954,#4955,#4956,#4957));
#1282=EDGE_LOOP('',(#4958,#4959,#4960,#4961));
#1283=EDGE_LOOP('',(#4962,#4963,#4964,#4965));
#1284=EDGE_LOOP('',(#4966,#4967,#4968,#4969));
#1285=EDGE_LOOP('',(#4970,#4971,#4972,#4973));
#1286=EDGE_LOOP('',(#4974,#4975,#4976,#4977));
#1287=EDGE_LOOP('',(#4978,#4979,#4980,#4981));
#1288=EDGE_LOOP('',(#4982,#4983,#4984,#4985));
#1289=EDGE_LOOP('',(#4986,#4987,#4988,#4989));
#1290=EDGE_LOOP('',(#4990,#4991,#4992,#4993));
#1291=EDGE_LOOP('',(#4994,#4995,#4996,#4997));
#1292=EDGE_LOOP('',(#4998,#4999,#5000,#5001));
#1293=EDGE_LOOP('',(#5002,#5003,#5004,#5005));
#1294=EDGE_LOOP('',(#5006,#5007,#5008,#5009));
#1295=EDGE_LOOP('',(#5010,#5011,#5012,#5013));
#1296=EDGE_LOOP('',(#5014,#5015,#5016,#5017));
#1297=EDGE_LOOP('',(#5018,#5019,#5020,#5021));
#1298=EDGE_LOOP('',(#5022,#5023,#5024,#5025));
#1299=EDGE_LOOP('',(#5026,#5027,#5028,#5029));
#1300=EDGE_LOOP('',(#5030,#5031,#5032,#5033));
#1301=EDGE_LOOP('',(#5034,#5035,#5036,#5037,#5038,#5039,#5040,#5041,#5042,
#5043,#5044,#5045,#5046,#5047,#5048,#5049,#5050,#5051,#5052,#5053,#5054));
#1302=EDGE_LOOP('',(#5055,#5056,#5057,#5058,#5059,#5060,#5061,#5062));
#1303=EDGE_LOOP('',(#5063,#5064,#5065,#5066,#5067,#5068,#5069,#5070));
#1304=EDGE_LOOP('',(#5071,#5072,#5073,#5074));
#1305=EDGE_LOOP('',(#5075,#5076,#5077,#5078));
#1306=EDGE_LOOP('',(#5079,#5080,#5081,#5082));
#1307=EDGE_LOOP('',(#5083,#5084,#5085,#5086));
#1308=EDGE_LOOP('',(#5087,#5088,#5089,#5090));
#1309=EDGE_LOOP('',(#5091,#5092,#5093,#5094));
#1310=EDGE_LOOP('',(#5095,#5096,#5097,#5098));
#1311=EDGE_LOOP('',(#5099,#5100,#5101,#5102));
#1312=EDGE_LOOP('',(#5103,#5104,#5105,#5106));
#1313=EDGE_LOOP('',(#5107,#5108,#5109,#5110));
#1314=EDGE_LOOP('',(#5111,#5112,#5113,#5114));
#1315=EDGE_LOOP('',(#5115,#5116,#5117,#5118));
#1316=EDGE_LOOP('',(#5119,#5120,#5121,#5122));
#1317=EDGE_LOOP('',(#5123,#5124,#5125,#5126));
#1318=EDGE_LOOP('',(#5127,#5128,#5129,#5130));
#1319=EDGE_LOOP('',(#5131,#5132,#5133,#5134));
#1320=EDGE_LOOP('',(#5135,#5136,#5137,#5138));
#1321=EDGE_LOOP('',(#5139,#5140,#5141,#5142));
#1322=EDGE_LOOP('',(#5143,#5144,#5145,#5146));
#1323=EDGE_LOOP('',(#5147,#5148,#5149,#5150));
#1324=EDGE_LOOP('',(#5151,#5152,#5153,#5154));
#1325=EDGE_LOOP('',(#5155,#5156,#5157,#5158));
#1326=EDGE_LOOP('',(#5159,#5160,#5161,#5162));
#1327=EDGE_LOOP('',(#5163,#5164,#5165,#5166));
#1328=EDGE_LOOP('',(#5167,#5168,#5169,#5170));
#1329=EDGE_LOOP('',(#5171,#5172,#5173,#5174));
#1330=EDGE_LOOP('',(#5175,#5176,#5177,#5178));
#1331=EDGE_LOOP('',(#5179,#5180,#5181,#5182));
#1332=EDGE_LOOP('',(#5183,#5184,#5185,#5186));
#1333=EDGE_LOOP('',(#5187,#5188,#5189,#5190));
#1334=EDGE_LOOP('',(#5191,#5192,#5193,#5194));
#1335=EDGE_LOOP('',(#5195,#5196,#5197,#5198));
#1336=EDGE_LOOP('',(#5199,#5200,#5201,#5202));
#1337=EDGE_LOOP('',(#5203,#5204,#5205,#5206));
#1338=EDGE_LOOP('',(#5207,#5208,#5209,#5210));
#1339=EDGE_LOOP('',(#5211,#5212,#5213,#5214));
#1340=EDGE_LOOP('',(#5215,#5216,#5217,#5218));
#1341=EDGE_LOOP('',(#5219,#5220,#5221,#5222,#5223,#5224,#5225,#5226,#5227,
#5228,#5229,#5230,#5231,#5232,#5233,#5234,#5235,#5236,#5237,#5238,#5239,
#5240,#5241,#5242,#5243,#5244,#5245));
#1342=EDGE_LOOP('',(#5246,#5247,#5248,#5249,#5250,#5251,#5252,#5253,#5254,
#5255));
#1343=EDGE_LOOP('',(#5256,#5257,#5258,#5259,#5260,#5261,#5262,#5263,#5264,
#5265));
#1344=EDGE_LOOP('',(#5266,#5267,#5268,#5269));
#1345=EDGE_LOOP('',(#5270,#5271,#5272,#5273));
#1346=EDGE_LOOP('',(#5274,#5275,#5276,#5277));
#1347=EDGE_LOOP('',(#5278,#5279,#5280,#5281));
#1348=EDGE_LOOP('',(#5282,#5283,#5284,#5285));
#1349=EDGE_LOOP('',(#5286,#5287,#5288,#5289));
#1350=EDGE_LOOP('',(#5290,#5291,#5292,#5293));
#1351=EDGE_LOOP('',(#5294,#5295,#5296,#5297));
#1352=EDGE_LOOP('',(#5298,#5299,#5300,#5301));
#1353=EDGE_LOOP('',(#5302,#5303,#5304,#5305));
#1354=EDGE_LOOP('',(#5306,#5307,#5308,#5309));
#1355=EDGE_LOOP('',(#5310,#5311,#5312,#5313));
#1356=EDGE_LOOP('',(#5314,#5315,#5316,#5317));
#1357=EDGE_LOOP('',(#5318,#5319,#5320,#5321));
#1358=EDGE_LOOP('',(#5322,#5323,#5324,#5325));
#1359=EDGE_LOOP('',(#5326,#5327,#5328,#5329));
#1360=EDGE_LOOP('',(#5330,#5331,#5332,#5333));
#1361=EDGE_LOOP('',(#5334,#5335,#5336,#5337));
#1362=EDGE_LOOP('',(#5338,#5339,#5340,#5341,#5342,#5343,#5344,#5345,#5346,
#5347,#5348,#5349,#5350,#5351,#5352,#5353,#5354,#5355));
#1363=EDGE_LOOP('',(#5356,#5357,#5358,#5359));
#1364=EDGE_LOOP('',(#5360,#5361,#5362,#5363));
#1365=EDGE_LOOP('',(#5364,#5365,#5366,#5367));
#1366=EDGE_LOOP('',(#5368,#5369,#5370,#5371));
#1367=EDGE_LOOP('',(#5372,#5373,#5374,#5375));
#1368=EDGE_LOOP('',(#5376,#5377,#5378,#5379));
#1369=EDGE_LOOP('',(#5380,#5381,#5382,#5383));
#1370=EDGE_LOOP('',(#5384,#5385,#5386,#5387));
#1371=EDGE_LOOP('',(#5388,#5389,#5390,#5391));
#1372=EDGE_LOOP('',(#5392,#5393,#5394,#5395));
#1373=EDGE_LOOP('',(#5396,#5397,#5398,#5399));
#1374=EDGE_LOOP('',(#5400,#5401,#5402,#5403));
#1375=EDGE_LOOP('',(#5404,#5405,#5406,#5407));
#1376=EDGE_LOOP('',(#5408,#5409,#5410,#5411));
#1377=EDGE_LOOP('',(#5412,#5413,#5414,#5415));
#1378=EDGE_LOOP('',(#5416,#5417,#5418,#5419));
#1379=EDGE_LOOP('',(#5420,#5421,#5422,#5423));
#1380=EDGE_LOOP('',(#5424,#5425,#5426,#5427));
#1381=EDGE_LOOP('',(#5428,#5429,#5430,#5431,#5432,#5433,#5434,#5435,#5436,
#5437,#5438,#5439,#5440));
#1382=EDGE_LOOP('',(#5441,#5442,#5443,#5444));
#1383=EDGE_LOOP('',(#5445,#5446,#5447,#5448));
#1384=EDGE_LOOP('',(#5449,#5450,#5451,#5452));
#1385=EDGE_LOOP('',(#5453,#5454,#5455,#5456));
#1386=EDGE_LOOP('',(#5457,#5458,#5459,#5460));
#1387=EDGE_LOOP('',(#5461,#5462,#5463,#5464));
#1388=EDGE_LOOP('',(#5465,#5466,#5467,#5468));
#1389=EDGE_LOOP('',(#5469,#5470,#5471,#5472));
#1390=EDGE_LOOP('',(#5473,#5474,#5475,#5476));
#1391=EDGE_LOOP('',(#5477,#5478,#5479,#5480));
#1392=EDGE_LOOP('',(#5481,#5482,#5483,#5484));
#1393=EDGE_LOOP('',(#5485,#5486,#5487,#5488));
#1394=EDGE_LOOP('',(#5489,#5490,#5491,#5492));
#1395=EDGE_LOOP('',(#5493,#5494,#5495,#5496));
#1396=EDGE_LOOP('',(#5497,#5498,#5499,#5500));
#1397=EDGE_LOOP('',(#5501,#5502,#5503,#5504));
#1398=EDGE_LOOP('',(#5505,#5506,#5507,#5508));
#1399=EDGE_LOOP('',(#5509,#5510,#5511,#5512));
#1400=EDGE_LOOP('',(#5513,#5514,#5515,#5516));
#1401=EDGE_LOOP('',(#5517,#5518,#5519,#5520));
#1402=EDGE_LOOP('',(#5521,#5522,#5523,#5524,#5525,#5526,#5527,#5528,#5529,
#5530,#5531,#5532,#5533,#5534,#5535,#5536,#5537,#5538,#5539,#5540));
#1403=EDGE_LOOP('',(#5541,#5542,#5543,#5544));
#1404=EDGE_LOOP('',(#5545,#5546,#5547,#5548));
#1405=EDGE_LOOP('',(#5549,#5550,#5551,#5552));
#1406=EDGE_LOOP('',(#5553,#5554,#5555,#5556));
#1407=EDGE_LOOP('',(#5557,#5558,#5559,#5560));
#1408=EDGE_LOOP('',(#5561,#5562,#5563,#5564));
#1409=EDGE_LOOP('',(#5565,#5566,#5567,#5568));
#1410=EDGE_LOOP('',(#5569,#5570,#5571,#5572));
#1411=EDGE_LOOP('',(#5573,#5574,#5575,#5576));
#1412=EDGE_LOOP('',(#5577,#5578,#5579,#5580));
#1413=EDGE_LOOP('',(#5581,#5582,#5583,#5584));
#1414=EDGE_LOOP('',(#5585,#5586,#5587,#5588));
#1415=EDGE_LOOP('',(#5589,#5590,#5591,#5592));
#1416=EDGE_LOOP('',(#5593,#5594,#5595,#5596));
#1417=EDGE_LOOP('',(#5597,#5598,#5599,#5600));
#1418=EDGE_LOOP('',(#5601,#5602,#5603,#5604));
#1419=EDGE_LOOP('',(#5605,#5606,#5607,#5608));
#1420=EDGE_LOOP('',(#5609,#5610,#5611,#5612));
#1421=EDGE_LOOP('',(#5613,#5614,#5615,#5616,#5617,#5618,#5619,#5620,#5621,
#5622,#5623,#5624,#5625));
#1422=EDGE_LOOP('',(#5626,#5627,#5628,#5629));
#1423=EDGE_LOOP('',(#5630,#5631,#5632,#5633));
#1424=EDGE_LOOP('',(#5634,#5635,#5636,#5637));
#1425=EDGE_LOOP('',(#5638,#5639,#5640,#5641));
#1426=EDGE_LOOP('',(#5642,#5643,#5644,#5645));
#1427=EDGE_LOOP('',(#5646,#5647,#5648,#5649));
#1428=EDGE_LOOP('',(#5650,#5651,#5652,#5653));
#1429=EDGE_LOOP('',(#5654,#5655,#5656,#5657));
#1430=EDGE_LOOP('',(#5658,#5659,#5660,#5661));
#1431=EDGE_LOOP('',(#5662,#5663,#5664,#5665));
#1432=EDGE_LOOP('',(#5666,#5667,#5668,#5669));
#1433=EDGE_LOOP('',(#5670,#5671,#5672,#5673));
#1434=EDGE_LOOP('',(#5674,#5675,#5676,#5677));
#1435=EDGE_LOOP('',(#5678,#5679,#5680,#5681));
#1436=EDGE_LOOP('',(#5682,#5683,#5684,#5685));
#1437=EDGE_LOOP('',(#5686,#5687,#5688,#5689));
#1438=EDGE_LOOP('',(#5690,#5691,#5692,#5693));
#1439=EDGE_LOOP('',(#5694,#5695,#5696,#5697));
#1440=EDGE_LOOP('',(#5698,#5699,#5700,#5701));
#1441=EDGE_LOOP('',(#5702,#5703,#5704,#5705));
#1442=EDGE_LOOP('',(#5706,#5707,#5708,#5709,#5710,#5711,#5712,#5713,#5714,
#5715,#5716,#5717,#5718,#5719,#5720));
#1443=EDGE_LOOP('',(#5721,#5722,#5723,#5724,#5725));
#1444=EDGE_LOOP('',(#5726,#5727,#5728,#5729,#5730));
#1445=EDGE_LOOP('',(#5731,#5732,#5733,#5734));
#1446=EDGE_LOOP('',(#5735));
#1447=EDGE_LOOP('',(#5736,#5737,#5738,#5739));
#1448=EDGE_LOOP('',(#5740));
#1449=EDGE_LOOP('',(#5741));
#1450=EDGE_LOOP('',(#5742));
#1451=EDGE_LOOP('',(#5743));
#1452=EDGE_LOOP('',(#5744));
#1453=EDGE_LOOP('',(#5745));
#1454=EDGE_LOOP('',(#5746));
#1455=EDGE_LOOP('',(#5747));
#1456=EDGE_LOOP('',(#5748));
#1457=EDGE_LOOP('',(#5749));
#1458=EDGE_LOOP('',(#5750));
#1459=EDGE_LOOP('',(#5751,#5752,#5753,#5754,#5755,#5756,#5757,#5758,#5759,
#5760,#5761));
#1460=EDGE_LOOP('',(#5762,#5763,#5764,#5765,#5766,#5767,#5768,#5769,#5770));
#1461=EDGE_LOOP('',(#5771,#5772,#5773,#5774,#5775,#5776,#5777,#5778,#5779,
#5780,#5781,#5782,#5783,#5784,#5785));
#1462=EDGE_LOOP('',(#5786,#5787,#5788,#5789));
#1463=EDGE_LOOP('',(#5790,#5791,#5792,#5793,#5794,#5795,#5796,#5797,#5798,
#5799,#5800,#5801,#5802,#5803,#5804,#5805,#5806,#5807,#5808,#5809,#5810));
#1464=EDGE_LOOP('',(#5811,#5812,#5813,#5814,#5815,#5816,#5817,#5818,#5819,
#5820,#5821,#5822,#5823,#5824,#5825,#5826,#5827,#5828));
#1465=EDGE_LOOP('',(#5829,#5830,#5831,#5832,#5833,#5834,#5835,#5836,#5837,
#5838,#5839,#5840,#5841));
#1466=EDGE_LOOP('',(#5842,#5843,#5844,#5845));
#1467=EDGE_LOOP('',(#5846,#5847,#5848,#5849,#5850,#5851,#5852,#5853,#5854,
#5855,#5856,#5857,#5858,#5859,#5860));
#1468=EDGE_LOOP('',(#5861));
#1469=EDGE_LOOP('',(#5862,#5863));
#1470=EDGE_LOOP('',(#5864,#5865,#5866));
#1471=EDGE_LOOP('',(#5867,#5868,#5869));
#1472=EDGE_LOOP('',(#5870,#5871,#5872));
#1473=EDGE_LOOP('',(#5873,#5874,#5875,#5876,#5877));
#1474=EDGE_LOOP('',(#5878));
#1475=EDGE_LOOP('',(#5879,#5880,#5881,#5882,#5883,#5884,#5885,#5886,#5887,
#5888,#5889,#5890,#5891));
#1476=EDGE_LOOP('',(#5892,#5893,#5894,#5895,#5896,#5897,#5898,#5899,#5900,
#5901,#5902,#5903,#5904,#5905,#5906,#5907,#5908,#5909,#5910,#5911));
#1477=EDGE_LOOP('',(#5912,#5913,#5914,#5915));
#1478=EDGE_LOOP('',(#5916,#5917,#5918,#5919,#5920,#5921,#5922,#5923,#5924,
#5925,#5926,#5927,#5928,#5929,#5930,#5931,#5932,#5933,#5934,#5935,#5936,
#5937,#5938,#5939,#5940,#5941,#5942));
#1479=EDGE_LOOP('',(#5943,#5944,#5945,#5946,#5947,#5948,#5949,#5950,#5951,
#5952,#5953,#5954));
#1480=EDGE_LOOP('',(#5955,#5956,#5957,#5958,#5959,#5960));
#1481=EDGE_LOOP('',(#5961,#5962,#5963,#5964,#5965,#5966,#5967,#5968,#5969,
#5970,#5971,#5972,#5973,#5974,#5975,#5976,#5977,#5978,#5979,#5980,#5981,
#5982,#5983,#5984,#5985,#5986,#5987));
#1482=EDGE_LOOP('',(#5988,#5989,#5990,#5991,#5992,#5993,#5994,#5995,#5996,
#5997,#5998,#5999,#6000));
#1483=EDGE_LOOP('',(#6001));
#1484=EDGE_LOOP('',(#6002));
#1485=EDGE_LOOP('',(#6003));
#1486=EDGE_LOOP('',(#6004));
#1487=EDGE_LOOP('',(#6005,#6006,#6007,#6008));
#1488=EDGE_LOOP('',(#6009));
#1489=EDGE_LOOP('',(#6010,#6011,#6012,#6013));
#1490=EDGE_LOOP('',(#6014,#6015,#6016,#6017));
#1491=EDGE_LOOP('',(#6018,#6019,#6020,#6021));
#1492=EDGE_LOOP('',(#6022,#6023,#6024,#6025));
#1493=EDGE_LOOP('',(#6026,#6027,#6028,#6029));
#1494=EDGE_LOOP('',(#6030,#6031,#6032,#6033));
#1495=EDGE_LOOP('',(#6034,#6035,#6036,#6037));
#1496=EDGE_LOOP('',(#6038,#6039,#6040,#6041));
#1497=EDGE_LOOP('',(#6042,#6043,#6044,#6045));
#1498=EDGE_LOOP('',(#6046,#6047,#6048,#6049));
#1499=EDGE_LOOP('',(#6050,#6051,#6052,#6053));
#1500=EDGE_LOOP('',(#6054,#6055,#6056,#6057));
#1501=EDGE_LOOP('',(#6058,#6059,#6060,#6061));
#1502=EDGE_LOOP('',(#6062,#6063,#6064,#6065));
#1503=EDGE_LOOP('',(#6066,#6067,#6068,#6069));
#1504=EDGE_LOOP('',(#6070,#6071,#6072,#6073));
#1505=EDGE_LOOP('',(#6074,#6075,#6076,#6077));
#1506=EDGE_LOOP('',(#6078,#6079,#6080,#6081));
#1507=EDGE_LOOP('',(#6082));
#1508=EDGE_LOOP('',(#6083));
#1509=EDGE_LOOP('',(#6084));
#1510=EDGE_LOOP('',(#6085));
#1511=EDGE_LOOP('',(#6086));
#1512=EDGE_LOOP('',(#6087));
#1513=EDGE_LOOP('',(#6088,#6089));
#1514=EDGE_LOOP('',(#6090,#6091,#6092,#6093,#6094));
#1515=EDGE_LOOP('',(#6095,#6096,#6097));
#1516=EDGE_LOOP('',(#6098,#6099,#6100));
#1517=EDGE_LOOP('',(#6101,#6102,#6103));
#1518=EDGE_LOOP('',(#6104));
#1519=EDGE_LOOP('',(#6105));
#1520=EDGE_LOOP('',(#6106));
#1521=EDGE_LOOP('',(#6107,#6108,#6109,#6110));
#1522=EDGE_LOOP('',(#6111));
#1523=EDGE_LOOP('',(#6112));
#1524=EDGE_LOOP('',(#6113,#6114,#6115,#6116));
#1525=EDGE_LOOP('',(#6117,#6118,#6119,#6120));
#1526=LINE('',#7673,#2057);
#1527=LINE('',#7679,#2058);
#1528=LINE('',#7685,#2059);
#1529=LINE('',#7691,#2060);
#1530=LINE('',#7697,#2061);
#1531=LINE('',#7703,#2062);
#1532=LINE('',#7709,#2063);
#1533=LINE('',#7714,#2064);
#1534=LINE('',#7716,#2065);
#1535=LINE('',#7718,#2066);
#1536=LINE('',#7719,#2067);
#1537=LINE('',#7742,#2068);
#1538=LINE('',#7765,#2069);
#1539=LINE('',#7788,#2070);
#1540=LINE('',#7811,#2071);
#1541=LINE('',#7834,#2072);
#1542=LINE('',#7837,#2073);
#1543=LINE('',#7839,#2074);
#1544=LINE('',#7840,#2075);
#1545=LINE('',#7842,#2076);
#1546=LINE('',#7843,#2077);
#1547=LINE('',#7847,#2078);
#1548=LINE('',#7849,#2079);
#1549=LINE('',#7851,#2080);
#1550=LINE('',#7852,#2081);
#1551=LINE('',#7855,#2082);
#1552=LINE('',#7857,#2083);
#1553=LINE('',#7858,#2084);
#1554=LINE('',#7881,#2085);
#1555=LINE('',#7904,#2086);
#1556=LINE('',#7927,#2087);
#1557=LINE('',#7950,#2088);
#1558=LINE('',#7973,#2089);
#1559=LINE('',#7996,#2090);
#1560=LINE('',#7999,#2091);
#1561=LINE('',#8001,#2092);
#1562=LINE('',#8002,#2093);
#1563=LINE('',#8005,#2094);
#1564=LINE('',#8007,#2095);
#1565=LINE('',#8008,#2096);
#1566=LINE('',#8010,#2097);
#1567=LINE('',#8011,#2098);
#1568=LINE('',#8017,#2099);
#1569=LINE('',#8019,#2100);
#1570=LINE('',#8021,#2101);
#1571=LINE('',#8022,#2102);
#1572=LINE('',#8025,#2103);
#1573=LINE('',#8027,#2104);
#1574=LINE('',#8028,#2105);
#1575=LINE('',#8031,#2106);
#1576=LINE('',#8033,#2107);
#1577=LINE('',#8034,#2108);
#1578=LINE('',#8057,#2109);
#1579=LINE('',#8080,#2110);
#1580=LINE('',#8103,#2111);
#1581=LINE('',#8106,#2112);
#1582=LINE('',#8108,#2113);
#1583=LINE('',#8109,#2114);
#1584=LINE('',#8132,#2115);
#1585=LINE('',#8155,#2116);
#1586=LINE('',#8178,#2117);
#1587=LINE('',#8201,#2118);
#1588=LINE('',#8204,#2119);
#1589=LINE('',#8206,#2120);
#1590=LINE('',#8207,#2121);
#1591=LINE('',#8209,#2122);
#1592=LINE('',#8210,#2123);
#1593=LINE('',#8230,#2124);
#1594=LINE('',#8237,#2125);
#1595=LINE('',#8260,#2126);
#1596=LINE('',#8283,#2127);
#1597=LINE('',#8306,#2128);
#1598=LINE('',#8329,#2129);
#1599=LINE('',#8352,#2130);
#1600=LINE('',#8375,#2131);
#1601=LINE('',#8414,#2132);
#1602=LINE('',#8421,#2133);
#1603=LINE('',#8444,#2134);
#1604=LINE('',#8467,#2135);
#1605=LINE('',#8490,#2136);
#1606=LINE('',#8513,#2137);
#1607=LINE('',#8536,#2138);
#1608=LINE('',#8559,#2139);
#1609=LINE('',#8582,#2140);
#1610=LINE('',#8623,#2141);
#1611=LINE('',#8630,#2142);
#1612=LINE('',#8653,#2143);
#1613=LINE('',#8676,#2144);
#1614=LINE('',#8699,#2145);
#1615=LINE('',#8722,#2146);
#1616=LINE('',#8745,#2147);
#1617=LINE('',#8768,#2148);
#1618=LINE('',#8791,#2149);
#1619=LINE('',#8814,#2150);
#1620=LINE('',#8816,#2151);
#1621=LINE('',#8817,#2152);
#1622=LINE('',#8836,#2153);
#1623=LINE('',#8843,#2154);
#1624=LINE('',#8866,#2155);
#1625=LINE('',#8889,#2156);
#1626=LINE('',#8912,#2157);
#1627=LINE('',#8935,#2158);
#1628=LINE('',#8958,#2159);
#1629=LINE('',#8981,#2160);
#1630=LINE('',#9004,#2161);
#1631=LINE('',#9027,#2162);
#1632=LINE('',#9050,#2163);
#1633=LINE('',#9073,#2164);
#1634=LINE('',#9096,#2165);
#1635=LINE('',#9119,#2166);
#1636=LINE('',#9142,#2167);
#1637=LINE('',#9145,#2168);
#1638=LINE('',#9147,#2169);
#1639=LINE('',#9148,#2170);
#1640=LINE('',#9171,#2171);
#1641=LINE('',#9194,#2172);
#1642=LINE('',#9217,#2173);
#1643=LINE('',#9240,#2174);
#1644=LINE('',#9263,#2175);
#1645=LINE('',#9286,#2176);
#1646=LINE('',#9309,#2177);
#1647=LINE('',#9312,#2178);
#1648=LINE('',#9314,#2179);
#1649=LINE('',#9315,#2180);
#1650=LINE('',#9338,#2181);
#1651=LINE('',#9361,#2182);
#1652=LINE('',#9364,#2183);
#1653=LINE('',#9366,#2184);
#1654=LINE('',#9367,#2185);
#1655=LINE('',#9393,#2186);
#1656=LINE('',#9395,#2187);
#1657=LINE('',#9397,#2188);
#1658=LINE('',#9398,#2189);
#1659=LINE('',#9421,#2190);
#1660=LINE('',#9444,#2191);
#1661=LINE('',#9467,#2192);
#1662=LINE('',#9491,#2193);
#1663=LINE('',#9493,#2194);
#1664=LINE('',#9495,#2195);
#1665=LINE('',#9496,#2196);
#1666=LINE('',#9519,#2197);
#1667=LINE('',#9542,#2198);
#1668=LINE('',#9565,#2199);
#1669=LINE('',#9588,#2200);
#1670=LINE('',#9611,#2201);
#1671=LINE('',#9634,#2202);
#1672=LINE('',#9657,#2203);
#1673=LINE('',#9680,#2204);
#1674=LINE('',#9703,#2205);
#1675=LINE('',#9706,#2206);
#1676=LINE('',#9708,#2207);
#1677=LINE('',#9709,#2208);
#1678=LINE('',#9732,#2209);
#1679=LINE('',#9755,#2210);
#1680=LINE('',#9778,#2211);
#1681=LINE('',#9804,#2212);
#1682=LINE('',#9806,#2213);
#1683=LINE('',#9808,#2214);
#1684=LINE('',#9809,#2215);
#1685=LINE('',#9812,#2216);
#1686=LINE('',#9814,#2217);
#1687=LINE('',#9815,#2218);
#1688=LINE('',#9818,#2219);
#1689=LINE('',#9820,#2220);
#1690=LINE('',#9821,#2221);
#1691=LINE('',#9824,#2222);
#1692=LINE('',#9826,#2223);
#1693=LINE('',#9827,#2224);
#1694=LINE('',#9830,#2225);
#1695=LINE('',#9832,#2226);
#1696=LINE('',#9833,#2227);
#1697=LINE('',#9835,#2228);
#1698=LINE('',#9836,#2229);
#1699=LINE('',#9841,#2230);
#1700=LINE('',#9843,#2231);
#1701=LINE('',#9845,#2232);
#1702=LINE('',#9846,#2233);
#1703=LINE('',#9849,#2234);
#1704=LINE('',#9851,#2235);
#1705=LINE('',#9852,#2236);
#1706=LINE('',#9855,#2237);
#1707=LINE('',#9857,#2238);
#1708=LINE('',#9858,#2239);
#1709=LINE('',#9860,#2240);
#1710=LINE('',#9861,#2241);
#1711=LINE('',#9866,#2242);
#1712=LINE('',#9868,#2243);
#1713=LINE('',#9870,#2244);
#1714=LINE('',#9871,#2245);
#1715=LINE('',#9874,#2246);
#1716=LINE('',#9876,#2247);
#1717=LINE('',#9877,#2248);
#1718=LINE('',#9880,#2249);
#1719=LINE('',#9882,#2250);
#1720=LINE('',#9883,#2251);
#1721=LINE('',#9886,#2252);
#1722=LINE('',#9888,#2253);
#1723=LINE('',#9889,#2254);
#1724=LINE('',#9892,#2255);
#1725=LINE('',#9894,#2256);
#1726=LINE('',#9895,#2257);
#1727=LINE('',#9898,#2258);
#1728=LINE('',#9900,#2259);
#1729=LINE('',#9901,#2260);
#1730=LINE('',#9904,#2261);
#1731=LINE('',#9906,#2262);
#1732=LINE('',#9907,#2263);
#1733=LINE('',#9910,#2264);
#1734=LINE('',#9912,#2265);
#1735=LINE('',#9913,#2266);
#1736=LINE('',#9916,#2267);
#1737=LINE('',#9918,#2268);
#1738=LINE('',#9919,#2269);
#1739=LINE('',#9922,#2270);
#1740=LINE('',#9924,#2271);
#1741=LINE('',#9925,#2272);
#1742=LINE('',#9928,#2273);
#1743=LINE('',#9930,#2274);
#1744=LINE('',#9931,#2275);
#1745=LINE('',#9933,#2276);
#1746=LINE('',#9934,#2277);
#1747=LINE('',#9954,#2278);
#1748=LINE('',#9961,#2279);
#1749=LINE('',#9984,#2280);
#1750=LINE('',#10007,#2281);
#1751=LINE('',#10030,#2282);
#1752=LINE('',#10053,#2283);
#1753=LINE('',#10076,#2284);
#1754=LINE('',#10099,#2285);
#1755=LINE('',#10123,#2286);
#1756=LINE('',#10125,#2287);
#1757=LINE('',#10127,#2288);
#1758=LINE('',#10128,#2289);
#1759=LINE('',#10151,#2290);
#1760=LINE('',#10174,#2291);
#1761=LINE('',#10197,#2292);
#1762=LINE('',#10220,#2293);
#1763=LINE('',#10243,#2294);
#1764=LINE('',#10266,#2295);
#1765=LINE('',#10289,#2296);
#1766=LINE('',#10312,#2297);
#1767=LINE('',#10335,#2298);
#1768=LINE('',#10358,#2299);
#1769=LINE('',#10381,#2300);
#1770=LINE('',#10404,#2301);
#1771=LINE('',#10407,#2302);
#1772=LINE('',#10409,#2303);
#1773=LINE('',#10410,#2304);
#1774=LINE('',#10413,#2305);
#1775=LINE('',#10415,#2306);
#1776=LINE('',#10416,#2307);
#1777=LINE('',#10419,#2308);
#1778=LINE('',#10421,#2309);
#1779=LINE('',#10422,#2310);
#1780=LINE('',#10445,#2311);
#1781=LINE('',#10468,#2312);
#1782=LINE('',#10491,#2313);
#1783=LINE('',#10514,#2314);
#1784=LINE('',#10555,#2315);
#1785=LINE('',#10562,#2316);
#1786=LINE('',#10585,#2317);
#1787=LINE('',#10608,#2318);
#1788=LINE('',#10631,#2319);
#1789=LINE('',#10654,#2320);
#1790=LINE('',#10677,#2321);
#1791=LINE('',#10700,#2322);
#1792=LINE('',#10723,#2323);
#1793=LINE('',#10746,#2324);
#1794=LINE('',#10748,#2325);
#1795=LINE('',#10749,#2326);
#1796=LINE('',#10768,#2327);
#1797=LINE('',#10775,#2328);
#1798=LINE('',#10798,#2329);
#1799=LINE('',#10821,#2330);
#1800=LINE('',#10844,#2331);
#1801=LINE('',#10867,#2332);
#1802=LINE('',#10890,#2333);
#1803=LINE('',#10913,#2334);
#1804=LINE('',#10936,#2335);
#1805=LINE('',#10959,#2336);
#1806=LINE('',#10982,#2337);
#1807=LINE('',#11005,#2338);
#1808=LINE('',#11028,#2339);
#1809=LINE('',#11051,#2340);
#1810=LINE('',#11074,#2341);
#1811=LINE('',#11077,#2342);
#1812=LINE('',#11079,#2343);
#1813=LINE('',#11080,#2344);
#1814=LINE('',#11103,#2345);
#1815=LINE('',#11126,#2346);
#1816=LINE('',#11149,#2347);
#1817=LINE('',#11172,#2348);
#1818=LINE('',#11195,#2349);
#1819=LINE('',#11218,#2350);
#1820=LINE('',#11241,#2351);
#1821=LINE('',#11244,#2352);
#1822=LINE('',#11246,#2353);
#1823=LINE('',#11247,#2354);
#1824=LINE('',#11270,#2355);
#1825=LINE('',#11293,#2356);
#1826=LINE('',#11296,#2357);
#1827=LINE('',#11298,#2358);
#1828=LINE('',#11299,#2359);
#1829=LINE('',#11325,#2360);
#1830=LINE('',#11327,#2361);
#1831=LINE('',#11329,#2362);
#1832=LINE('',#11330,#2363);
#1833=LINE('',#11333,#2364);
#1834=LINE('',#11335,#2365);
#1835=LINE('',#11336,#2366);
#1836=LINE('',#11339,#2367);
#1837=LINE('',#11341,#2368);
#1838=LINE('',#11342,#2369);
#1839=LINE('',#11365,#2370);
#1840=LINE('',#11388,#2371);
#1841=LINE('',#11411,#2372);
#1842=LINE('',#11434,#2373);
#1843=LINE('',#11457,#2374);
#1844=LINE('',#11460,#2375);
#1845=LINE('',#11462,#2376);
#1846=LINE('',#11463,#2377);
#1847=LINE('',#11466,#2378);
#1848=LINE('',#11468,#2379);
#1849=LINE('',#11469,#2380);
#1850=LINE('',#11472,#2381);
#1851=LINE('',#11474,#2382);
#1852=LINE('',#11475,#2383);
#1853=LINE('',#11498,#2384);
#1854=LINE('',#11521,#2385);
#1855=LINE('',#11544,#2386);
#1856=LINE('',#11567,#2387);
#1857=LINE('',#11590,#2388);
#1858=LINE('',#11593,#2389);
#1859=LINE('',#11595,#2390);
#1860=LINE('',#11596,#2391);
#1861=LINE('',#11598,#2392);
#1862=LINE('',#11599,#2393);
#1863=LINE('',#11604,#2394);
#1864=LINE('',#11606,#2395);
#1865=LINE('',#11608,#2396);
#1866=LINE('',#11609,#2397);
#1867=LINE('',#11612,#2398);
#1868=LINE('',#11614,#2399);
#1869=LINE('',#11615,#2400);
#1870=LINE('',#11618,#2401);
#1871=LINE('',#11620,#2402);
#1872=LINE('',#11621,#2403);
#1873=LINE('',#11623,#2404);
#1874=LINE('',#11624,#2405);
#1875=LINE('',#11629,#2406);
#1876=LINE('',#11631,#2407);
#1877=LINE('',#11633,#2408);
#1878=LINE('',#11634,#2409);
#1879=LINE('',#11637,#2410);
#1880=LINE('',#11639,#2411);
#1881=LINE('',#11640,#2412);
#1882=LINE('',#11663,#2413);
#1883=LINE('',#11666,#2414);
#1884=LINE('',#11668,#2415);
#1885=LINE('',#11669,#2416);
#1886=LINE('',#11672,#2417);
#1887=LINE('',#11674,#2418);
#1888=LINE('',#11675,#2419);
#1889=LINE('',#11678,#2420);
#1890=LINE('',#11680,#2421);
#1891=LINE('',#11681,#2422);
#1892=LINE('',#11684,#2423);
#1893=LINE('',#11686,#2424);
#1894=LINE('',#11687,#2425);
#1895=LINE('',#11690,#2426);
#1896=LINE('',#11692,#2427);
#1897=LINE('',#11693,#2428);
#1898=LINE('',#11696,#2429);
#1899=LINE('',#11698,#2430);
#1900=LINE('',#11699,#2431);
#1901=LINE('',#11722,#2432);
#1902=LINE('',#11725,#2433);
#1903=LINE('',#11727,#2434);
#1904=LINE('',#11728,#2435);
#1905=LINE('',#11731,#2436);
#1906=LINE('',#11733,#2437);
#1907=LINE('',#11734,#2438);
#1908=LINE('',#11736,#2439);
#1909=LINE('',#11737,#2440);
#1910=LINE('',#11742,#2441);
#1911=LINE('',#11744,#2442);
#1912=LINE('',#11746,#2443);
#1913=LINE('',#11747,#2444);
#1914=LINE('',#11770,#2445);
#1915=LINE('',#11793,#2446);
#1916=LINE('',#11816,#2447);
#1917=LINE('',#11839,#2448);
#1918=LINE('',#11842,#2449);
#1919=LINE('',#11844,#2450);
#1920=LINE('',#11845,#2451);
#1921=LINE('',#11848,#2452);
#1922=LINE('',#11850,#2453);
#1923=LINE('',#11851,#2454);
#1924=LINE('',#11854,#2455);
#1925=LINE('',#11856,#2456);
#1926=LINE('',#11857,#2457);
#1927=LINE('',#11860,#2458);
#1928=LINE('',#11862,#2459);
#1929=LINE('',#11863,#2460);
#1930=LINE('',#11866,#2461);
#1931=LINE('',#11868,#2462);
#1932=LINE('',#11869,#2463);
#1933=LINE('',#11872,#2464);
#1934=LINE('',#11874,#2465);
#1935=LINE('',#11875,#2466);
#1936=LINE('',#11878,#2467);
#1937=LINE('',#11880,#2468);
#1938=LINE('',#11881,#2469);
#1939=LINE('',#11884,#2470);
#1940=LINE('',#11886,#2471);
#1941=LINE('',#11887,#2472);
#1942=LINE('',#11890,#2473);
#1943=LINE('',#11892,#2474);
#1944=LINE('',#11893,#2475);
#1945=LINE('',#11896,#2476);
#1946=LINE('',#11898,#2477);
#1947=LINE('',#11899,#2478);
#1948=LINE('',#11902,#2479);
#1949=LINE('',#11904,#2480);
#1950=LINE('',#11905,#2481);
#1951=LINE('',#11928,#2482);
#1952=LINE('',#11951,#2483);
#1953=LINE('',#11974,#2484);
#1954=LINE('',#11999,#2485);
#1955=LINE('',#12001,#2486);
#1956=LINE('',#12003,#2487);
#1957=LINE('',#12004,#2488);
#1958=LINE('',#12007,#2489);
#1959=LINE('',#12009,#2490);
#1960=LINE('',#12010,#2491);
#1961=LINE('',#12013,#2492);
#1962=LINE('',#12015,#2493);
#1963=LINE('',#12016,#2494);
#1964=LINE('',#12018,#2495);
#1965=LINE('',#12019,#2496);
#1966=LINE('',#12024,#2497);
#1967=LINE('',#12026,#2498);
#1968=LINE('',#12028,#2499);
#1969=LINE('',#12029,#2500);
#1970=LINE('',#12032,#2501);
#1971=LINE('',#12034,#2502);
#1972=LINE('',#12035,#2503);
#1973=LINE('',#12038,#2504);
#1974=LINE('',#12040,#2505);
#1975=LINE('',#12041,#2506);
#1976=LINE('',#12064,#2507);
#1977=LINE('',#12087,#2508);
#1978=LINE('',#12110,#2509);
#1979=LINE('',#12113,#2510);
#1980=LINE('',#12115,#2511);
#1981=LINE('',#12116,#2512);
#1982=LINE('',#12139,#2513);
#1983=LINE('',#12162,#2514);
#1984=LINE('',#12185,#2515);
#1985=LINE('',#12208,#2516);
#1986=LINE('',#12211,#2517);
#1987=LINE('',#12213,#2518);
#1988=LINE('',#12214,#2519);
#1989=LINE('',#12216,#2520);
#1990=LINE('',#12217,#2521);
#1991=LINE('',#12222,#2522);
#1992=LINE('',#12224,#2523);
#1993=LINE('',#12226,#2524);
#1994=LINE('',#12227,#2525);
#1995=LINE('',#12250,#2526);
#1996=LINE('',#12273,#2527);
#1997=LINE('',#12296,#2528);
#1998=LINE('',#12320,#2529);
#1999=LINE('',#12322,#2530);
#2000=LINE('',#12324,#2531);
#2001=LINE('',#12325,#2532);
#2002=LINE('',#12348,#2533);
#2003=LINE('',#12371,#2534);
#2004=LINE('',#12394,#2535);
#2005=LINE('',#12417,#2536);
#2006=LINE('',#12440,#2537);
#2007=LINE('',#12463,#2538);
#2008=LINE('',#12486,#2539);
#2009=LINE('',#12509,#2540);
#2010=LINE('',#12532,#2541);
#2011=LINE('',#12535,#2542);
#2012=LINE('',#12537,#2543);
#2013=LINE('',#12538,#2544);
#2014=LINE('',#12561,#2545);
#2015=LINE('',#12584,#2546);
#2016=LINE('',#12607,#2547);
#2017=LINE('',#12634,#2548);
#2018=LINE('',#12641,#2549);
#2019=LINE('',#12666,#2550);
#2020=LINE('',#12669,#2551);
#2021=LINE('',#12674,#2552);
#2022=LINE('',#12675,#2553);
#2023=LINE('',#12680,#2554);
#2024=LINE('',#12681,#2555);
#2025=LINE('',#12686,#2556);
#2026=LINE('',#12688,#2557);
#2027=LINE('',#12698,#2558);
#2028=LINE('',#12705,#2559);
#2029=LINE('',#12706,#2560);
#2030=LINE('',#12709,#2561);
#2031=LINE('',#12712,#2562);
#2032=LINE('',#12715,#2563);
#2033=LINE('',#12717,#2564);
#2034=LINE('',#12724,#2565);
#2035=LINE('',#12725,#2566);
#2036=LINE('',#12726,#2567);
#2037=LINE('',#12729,#2568);
#2038=LINE('',#12730,#2569);
#2039=LINE('',#12734,#2570);
#2040=LINE('',#12737,#2571);
#2041=LINE('',#12738,#2572);
#2042=LINE('',#12744,#2573);
#2043=LINE('',#12745,#2574);
#2044=LINE('',#12746,#2575);
#2045=LINE('',#12749,#2576);
#2046=LINE('',#12750,#2577);
#2047=LINE('',#12756,#2578);
#2048=LINE('',#12757,#2579);
#2049=LINE('',#12758,#2580);
#2050=LINE('',#12761,#2581);
#2051=LINE('',#12762,#2582);
#2052=LINE('',#12767,#2583);
#2053=LINE('',#12771,#2584);
#2054=LINE('',#12777,#2585);
#2055=LINE('',#12780,#2586);
#2056=LINE('',#12782,#2587);
#2057=VECTOR('',#6723,3.);
#2058=VECTOR('',#6730,3.);
#2059=VECTOR('',#6737,3.);
#2060=VECTOR('',#6744,3.);
#2061=VECTOR('',#6751,3.);
#2062=VECTOR('',#6758,3.);
#2063=VECTOR('',#6765,3.);
#2064=VECTOR('',#6770,10.);
#2065=VECTOR('',#6771,10.);
#2066=VECTOR('',#6772,10.);
#2067=VECTOR('',#6773,10.);
#2068=VECTOR('',#6774,10.);
#2069=VECTOR('',#6775,10.);
#2070=VECTOR('',#6776,10.);
#2071=VECTOR('',#6777,10.);
#2072=VECTOR('',#6778,10.);
#2073=VECTOR('',#6781,10.);
#2074=VECTOR('',#6782,10.);
#2075=VECTOR('',#6783,10.);
#2076=VECTOR('',#6786,10.);
#2077=VECTOR('',#6787,10.);
#2078=VECTOR('',#6790,10.);
#2079=VECTOR('',#6791,10.);
#2080=VECTOR('',#6792,10.);
#2081=VECTOR('',#6793,10.);
#2082=VECTOR('',#6796,10.);
#2083=VECTOR('',#6797,10.);
#2084=VECTOR('',#6798,10.);
#2085=VECTOR('',#6799,10.);
#2086=VECTOR('',#6800,10.);
#2087=VECTOR('',#6801,10.);
#2088=VECTOR('',#6802,10.);
#2089=VECTOR('',#6803,10.);
#2090=VECTOR('',#6804,10.);
#2091=VECTOR('',#6807,10.);
#2092=VECTOR('',#6808,10.);
#2093=VECTOR('',#6809,10.);
#2094=VECTOR('',#6812,10.);
#2095=VECTOR('',#6813,10.);
#2096=VECTOR('',#6814,10.);
#2097=VECTOR('',#6817,10.);
#2098=VECTOR('',#6818,10.);
#2099=VECTOR('',#6825,10.);
#2100=VECTOR('',#6826,10.);
#2101=VECTOR('',#6827,10.);
#2102=VECTOR('',#6828,10.);
#2103=VECTOR('',#6831,10.);
#2104=VECTOR('',#6832,10.);
#2105=VECTOR('',#6833,10.);
#2106=VECTOR('',#6836,10.);
#2107=VECTOR('',#6837,10.);
#2108=VECTOR('',#6838,10.);
#2109=VECTOR('',#6839,10.);
#2110=VECTOR('',#6840,10.);
#2111=VECTOR('',#6841,10.);
#2112=VECTOR('',#6844,10.);
#2113=VECTOR('',#6845,10.);
#2114=VECTOR('',#6846,10.);
#2115=VECTOR('',#6847,10.);
#2116=VECTOR('',#6848,10.);
#2117=VECTOR('',#6849,10.);
#2118=VECTOR('',#6850,10.);
#2119=VECTOR('',#6853,10.);
#2120=VECTOR('',#6854,10.);
#2121=VECTOR('',#6855,10.);
#2122=VECTOR('',#6858,10.);
#2123=VECTOR('',#6859,10.);
#2124=VECTOR('',#6862,10.);
#2125=VECTOR('',#6863,10.);
#2126=VECTOR('',#6864,10.);
#2127=VECTOR('',#6865,10.);
#2128=VECTOR('',#6866,10.);
#2129=VECTOR('',#6867,10.);
#2130=VECTOR('',#6868,10.);
#2131=VECTOR('',#6869,10.);
#2132=VECTOR('',#6870,10.);
#2133=VECTOR('',#6871,10.);
#2134=VECTOR('',#6872,10.);
#2135=VECTOR('',#6873,10.);
#2136=VECTOR('',#6874,10.);
#2137=VECTOR('',#6875,10.);
#2138=VECTOR('',#6876,10.);
#2139=VECTOR('',#6877,10.);
#2140=VECTOR('',#6878,10.);
#2141=VECTOR('',#6883,10.);
#2142=VECTOR('',#6884,10.);
#2143=VECTOR('',#6885,10.);
#2144=VECTOR('',#6886,10.);
#2145=VECTOR('',#6887,10.);
#2146=VECTOR('',#6888,10.);
#2147=VECTOR('',#6889,10.);
#2148=VECTOR('',#6890,10.);
#2149=VECTOR('',#6891,10.);
#2150=VECTOR('',#6892,10.);
#2151=VECTOR('',#6895,10.);
#2152=VECTOR('',#6896,10.);
#2153=VECTOR('',#6897,10.);
#2154=VECTOR('',#6898,10.);
#2155=VECTOR('',#6899,10.);
#2156=VECTOR('',#6900,10.);
#2157=VECTOR('',#6901,10.);
#2158=VECTOR('',#6902,10.);
#2159=VECTOR('',#6903,10.);
#2160=VECTOR('',#6904,10.);
#2161=VECTOR('',#6905,10.);
#2162=VECTOR('',#6906,10.);
#2163=VECTOR('',#6907,10.);
#2164=VECTOR('',#6908,10.);
#2165=VECTOR('',#6909,10.);
#2166=VECTOR('',#6910,10.);
#2167=VECTOR('',#6911,10.);
#2168=VECTOR('',#6914,10.);
#2169=VECTOR('',#6915,10.);
#2170=VECTOR('',#6916,10.);
#2171=VECTOR('',#6917,10.);
#2172=VECTOR('',#6918,10.);
#2173=VECTOR('',#6919,10.);
#2174=VECTOR('',#6920,10.);
#2175=VECTOR('',#6921,10.);
#2176=VECTOR('',#6922,10.);
#2177=VECTOR('',#6923,10.);
#2178=VECTOR('',#6926,10.);
#2179=VECTOR('',#6927,10.);
#2180=VECTOR('',#6928,10.);
#2181=VECTOR('',#6929,10.);
#2182=VECTOR('',#6930,10.);
#2183=VECTOR('',#6933,10.);
#2184=VECTOR('',#6934,10.);
#2185=VECTOR('',#6935,10.);
#2186=VECTOR('',#6942,10.);
#2187=VECTOR('',#6943,10.);
#2188=VECTOR('',#6944,10.);
#2189=VECTOR('',#6945,10.);
#2190=VECTOR('',#6946,10.);
#2191=VECTOR('',#6947,10.);
#2192=VECTOR('',#6948,10.);
#2193=VECTOR('',#6951,10.);
#2194=VECTOR('',#6952,10.);
#2195=VECTOR('',#6953,10.);
#2196=VECTOR('',#6954,10.);
#2197=VECTOR('',#6955,10.);
#2198=VECTOR('',#6956,10.);
#2199=VECTOR('',#6957,10.);
#2200=VECTOR('',#6958,10.);
#2201=VECTOR('',#6959,10.);
#2202=VECTOR('',#6960,10.);
#2203=VECTOR('',#6961,10.);
#2204=VECTOR('',#6962,10.);
#2205=VECTOR('',#6963,10.);
#2206=VECTOR('',#6966,10.);
#2207=VECTOR('',#6967,10.);
#2208=VECTOR('',#6968,10.);
#2209=VECTOR('',#6969,10.);
#2210=VECTOR('',#6970,10.);
#2211=VECTOR('',#6971,10.);
#2212=VECTOR('',#6978,10.);
#2213=VECTOR('',#6979,10.);
#2214=VECTOR('',#6980,10.);
#2215=VECTOR('',#6981,10.);
#2216=VECTOR('',#6984,10.);
#2217=VECTOR('',#6985,10.);
#2218=VECTOR('',#6986,10.);
#2219=VECTOR('',#6989,10.);
#2220=VECTOR('',#6990,10.);
#2221=VECTOR('',#6991,10.);
#2222=VECTOR('',#6994,10.);
#2223=VECTOR('',#6995,10.);
#2224=VECTOR('',#6996,10.);
#2225=VECTOR('',#6999,10.);
#2226=VECTOR('',#7000,10.);
#2227=VECTOR('',#7001,10.);
#2228=VECTOR('',#7004,10.);
#2229=VECTOR('',#7005,10.);
#2230=VECTOR('',#7010,10.);
#2231=VECTOR('',#7011,10.);
#2232=VECTOR('',#7012,10.);
#2233=VECTOR('',#7013,10.);
#2234=VECTOR('',#7016,10.);
#2235=VECTOR('',#7017,10.);
#2236=VECTOR('',#7018,10.);
#2237=VECTOR('',#7021,10.);
#2238=VECTOR('',#7022,10.);
#2239=VECTOR('',#7023,10.);
#2240=VECTOR('',#7026,10.);
#2241=VECTOR('',#7027,10.);
#2242=VECTOR('',#7032,10.);
#2243=VECTOR('',#7033,10.);
#2244=VECTOR('',#7034,10.);
#2245=VECTOR('',#7035,10.);
#2246=VECTOR('',#7038,10.);
#2247=VECTOR('',#7039,10.);
#2248=VECTOR('',#7040,10.);
#2249=VECTOR('',#7043,10.);
#2250=VECTOR('',#7044,10.);
#2251=VECTOR('',#7045,10.);
#2252=VECTOR('',#7048,10.);
#2253=VECTOR('',#7049,10.);
#2254=VECTOR('',#7050,10.);
#2255=VECTOR('',#7053,10.);
#2256=VECTOR('',#7054,10.);
#2257=VECTOR('',#7055,10.);
#2258=VECTOR('',#7058,10.);
#2259=VECTOR('',#7059,10.);
#2260=VECTOR('',#7060,10.);
#2261=VECTOR('',#7063,10.);
#2262=VECTOR('',#7064,10.);
#2263=VECTOR('',#7065,10.);
#2264=VECTOR('',#7068,10.);
#2265=VECTOR('',#7069,10.);
#2266=VECTOR('',#7070,10.);
#2267=VECTOR('',#7073,10.);
#2268=VECTOR('',#7074,10.);
#2269=VECTOR('',#7075,10.);
#2270=VECTOR('',#7078,10.);
#2271=VECTOR('',#7079,10.);
#2272=VECTOR('',#7080,10.);
#2273=VECTOR('',#7083,10.);
#2274=VECTOR('',#7084,10.);
#2275=VECTOR('',#7085,10.);
#2276=VECTOR('',#7088,10.);
#2277=VECTOR('',#7089,10.);
#2278=VECTOR('',#7092,10.);
#2279=VECTOR('',#7093,10.);
#2280=VECTOR('',#7094,10.);
#2281=VECTOR('',#7095,10.);
#2282=VECTOR('',#7096,10.);
#2283=VECTOR('',#7097,10.);
#2284=VECTOR('',#7098,10.);
#2285=VECTOR('',#7099,10.);
#2286=VECTOR('',#7102,10.);
#2287=VECTOR('',#7103,10.);
#2288=VECTOR('',#7104,10.);
#2289=VECTOR('',#7105,10.);
#2290=VECTOR('',#7106,10.);
#2291=VECTOR('',#7107,10.);
#2292=VECTOR('',#7108,10.);
#2293=VECTOR('',#7109,10.);
#2294=VECTOR('',#7110,10.);
#2295=VECTOR('',#7111,10.);
#2296=VECTOR('',#7112,10.);
#2297=VECTOR('',#7113,10.);
#2298=VECTOR('',#7114,10.);
#2299=VECTOR('',#7115,10.);
#2300=VECTOR('',#7116,10.);
#2301=VECTOR('',#7117,10.);
#2302=VECTOR('',#7120,10.);
#2303=VECTOR('',#7121,10.);
#2304=VECTOR('',#7122,10.);
#2305=VECTOR('',#7125,10.);
#2306=VECTOR('',#7126,10.);
#2307=VECTOR('',#7127,10.);
#2308=VECTOR('',#7130,10.);
#2309=VECTOR('',#7131,10.);
#2310=VECTOR('',#7132,10.);
#2311=VECTOR('',#7133,10.);
#2312=VECTOR('',#7134,10.);
#2313=VECTOR('',#7135,10.);
#2314=VECTOR('',#7136,10.);
#2315=VECTOR('',#7141,10.);
#2316=VECTOR('',#7142,10.);
#2317=VECTOR('',#7143,10.);
#2318=VECTOR('',#7144,10.);
#2319=VECTOR('',#7145,10.);
#2320=VECTOR('',#7146,10.);
#2321=VECTOR('',#7147,10.);
#2322=VECTOR('',#7148,10.);
#2323=VECTOR('',#7149,10.);
#2324=VECTOR('',#7150,10.);
#2325=VECTOR('',#7153,10.);
#2326=VECTOR('',#7154,10.);
#2327=VECTOR('',#7155,10.);
#2328=VECTOR('',#7156,10.);
#2329=VECTOR('',#7157,10.);
#2330=VECTOR('',#7158,10.);
#2331=VECTOR('',#7159,10.);
#2332=VECTOR('',#7160,10.);
#2333=VECTOR('',#7161,10.);
#2334=VECTOR('',#7162,10.);
#2335=VECTOR('',#7163,10.);
#2336=VECTOR('',#7164,10.);
#2337=VECTOR('',#7165,10.);
#2338=VECTOR('',#7166,10.);
#2339=VECTOR('',#7167,10.);
#2340=VECTOR('',#7168,10.);
#2341=VECTOR('',#7169,10.);
#2342=VECTOR('',#7172,10.);
#2343=VECTOR('',#7173,10.);
#2344=VECTOR('',#7174,10.);
#2345=VECTOR('',#7175,10.);
#2346=VECTOR('',#7176,10.);
#2347=VECTOR('',#7177,10.);
#2348=VECTOR('',#7178,10.);
#2349=VECTOR('',#7179,10.);
#2350=VECTOR('',#7180,10.);
#2351=VECTOR('',#7181,10.);
#2352=VECTOR('',#7184,10.);
#2353=VECTOR('',#7185,10.);
#2354=VECTOR('',#7186,10.);
#2355=VECTOR('',#7187,10.);
#2356=VECTOR('',#7188,10.);
#2357=VECTOR('',#7191,10.);
#2358=VECTOR('',#7192,10.);
#2359=VECTOR('',#7193,10.);
#2360=VECTOR('',#7200,10.);
#2361=VECTOR('',#7201,10.);
#2362=VECTOR('',#7202,10.);
#2363=VECTOR('',#7203,10.);
#2364=VECTOR('',#7206,10.);
#2365=VECTOR('',#7207,10.);
#2366=VECTOR('',#7208,10.);
#2367=VECTOR('',#7211,10.);
#2368=VECTOR('',#7212,10.);
#2369=VECTOR('',#7213,10.);
#2370=VECTOR('',#7214,10.);
#2371=VECTOR('',#7215,10.);
#2372=VECTOR('',#7216,10.);
#2373=VECTOR('',#7217,10.);
#2374=VECTOR('',#7218,10.);
#2375=VECTOR('',#7221,10.);
#2376=VECTOR('',#7222,10.);
#2377=VECTOR('',#7223,10.);
#2378=VECTOR('',#7226,10.);
#2379=VECTOR('',#7227,10.);
#2380=VECTOR('',#7228,10.);
#2381=VECTOR('',#7231,10.);
#2382=VECTOR('',#7232,10.);
#2383=VECTOR('',#7233,10.);
#2384=VECTOR('',#7234,10.);
#2385=VECTOR('',#7235,10.);
#2386=VECTOR('',#7236,10.);
#2387=VECTOR('',#7237,10.);
#2388=VECTOR('',#7238,10.);
#2389=VECTOR('',#7241,10.);
#2390=VECTOR('',#7242,10.);
#2391=VECTOR('',#7243,10.);
#2392=VECTOR('',#7246,10.);
#2393=VECTOR('',#7247,10.);
#2394=VECTOR('',#7252,10.);
#2395=VECTOR('',#7253,10.);
#2396=VECTOR('',#7254,10.);
#2397=VECTOR('',#7255,10.);
#2398=VECTOR('',#7258,10.);
#2399=VECTOR('',#7259,10.);
#2400=VECTOR('',#7260,10.);
#2401=VECTOR('',#7263,10.);
#2402=VECTOR('',#7264,10.);
#2403=VECTOR('',#7265,10.);
#2404=VECTOR('',#7268,10.);
#2405=VECTOR('',#7269,10.);
#2406=VECTOR('',#7274,10.);
#2407=VECTOR('',#7275,10.);
#2408=VECTOR('',#7276,10.);
#2409=VECTOR('',#7277,10.);
#2410=VECTOR('',#7280,10.);
#2411=VECTOR('',#7281,10.);
#2412=VECTOR('',#7282,10.);
#2413=VECTOR('',#7283,10.);
#2414=VECTOR('',#7286,10.);
#2415=VECTOR('',#7287,10.);
#2416=VECTOR('',#7288,10.);
#2417=VECTOR('',#7291,10.);
#2418=VECTOR('',#7292,10.);
#2419=VECTOR('',#7293,10.);
#2420=VECTOR('',#7296,10.);
#2421=VECTOR('',#7297,10.);
#2422=VECTOR('',#7298,10.);
#2423=VECTOR('',#7301,10.);
#2424=VECTOR('',#7302,10.);
#2425=VECTOR('',#7303,10.);
#2426=VECTOR('',#7306,10.);
#2427=VECTOR('',#7307,10.);
#2428=VECTOR('',#7308,10.);
#2429=VECTOR('',#7311,10.);
#2430=VECTOR('',#7312,10.);
#2431=VECTOR('',#7313,10.);
#2432=VECTOR('',#7314,10.);
#2433=VECTOR('',#7317,10.);
#2434=VECTOR('',#7318,10.);
#2435=VECTOR('',#7319,10.);
#2436=VECTOR('',#7322,10.);
#2437=VECTOR('',#7323,10.);
#2438=VECTOR('',#7324,10.);
#2439=VECTOR('',#7327,10.);
#2440=VECTOR('',#7328,10.);
#2441=VECTOR('',#7333,10.);
#2442=VECTOR('',#7334,10.);
#2443=VECTOR('',#7335,10.);
#2444=VECTOR('',#7336,10.);
#2445=VECTOR('',#7337,10.);
#2446=VECTOR('',#7338,10.);
#2447=VECTOR('',#7339,10.);
#2448=VECTOR('',#7340,10.);
#2449=VECTOR('',#7343,10.);
#2450=VECTOR('',#7344,10.);
#2451=VECTOR('',#7345,10.);
#2452=VECTOR('',#7348,10.);
#2453=VECTOR('',#7349,10.);
#2454=VECTOR('',#7350,10.);
#2455=VECTOR('',#7353,10.);
#2456=VECTOR('',#7354,10.);
#2457=VECTOR('',#7355,10.);
#2458=VECTOR('',#7358,10.);
#2459=VECTOR('',#7359,10.);
#2460=VECTOR('',#7360,10.);
#2461=VECTOR('',#7363,10.);
#2462=VECTOR('',#7364,10.);
#2463=VECTOR('',#7365,10.);
#2464=VECTOR('',#7368,10.);
#2465=VECTOR('',#7369,10.);
#2466=VECTOR('',#7370,10.);
#2467=VECTOR('',#7373,10.);
#2468=VECTOR('',#7374,10.);
#2469=VECTOR('',#7375,10.);
#2470=VECTOR('',#7378,10.);
#2471=VECTOR('',#7379,10.);
#2472=VECTOR('',#7380,10.);
#2473=VECTOR('',#7383,10.);
#2474=VECTOR('',#7384,10.);
#2475=VECTOR('',#7385,10.);
#2476=VECTOR('',#7388,10.);
#2477=VECTOR('',#7389,10.);
#2478=VECTOR('',#7390,10.);
#2479=VECTOR('',#7393,10.);
#2480=VECTOR('',#7394,10.);
#2481=VECTOR('',#7395,10.);
#2482=VECTOR('',#7396,10.);
#2483=VECTOR('',#7397,10.);
#2484=VECTOR('',#7398,10.);
#2485=VECTOR('',#7403,10.);
#2486=VECTOR('',#7404,10.);
#2487=VECTOR('',#7405,10.);
#2488=VECTOR('',#7406,10.);
#2489=VECTOR('',#7409,10.);
#2490=VECTOR('',#7410,10.);
#2491=VECTOR('',#7411,10.);
#2492=VECTOR('',#7414,10.);
#2493=VECTOR('',#7415,10.);
#2494=VECTOR('',#7416,10.);
#2495=VECTOR('',#7419,10.);
#2496=VECTOR('',#7420,10.);
#2497=VECTOR('',#7425,10.);
#2498=VECTOR('',#7426,10.);
#2499=VECTOR('',#7427,10.);
#2500=VECTOR('',#7428,10.);
#2501=VECTOR('',#7431,10.);
#2502=VECTOR('',#7432,10.);
#2503=VECTOR('',#7433,10.);
#2504=VECTOR('',#7436,10.);
#2505=VECTOR('',#7437,10.);
#2506=VECTOR('',#7438,10.);
#2507=VECTOR('',#7439,10.);
#2508=VECTOR('',#7440,10.);
#2509=VECTOR('',#7441,10.);
#2510=VECTOR('',#7444,10.);
#2511=VECTOR('',#7445,10.);
#2512=VECTOR('',#7446,10.);
#2513=VECTOR('',#7447,10.);
#2514=VECTOR('',#7448,10.);
#2515=VECTOR('',#7449,10.);
#2516=VECTOR('',#7450,10.);
#2517=VECTOR('',#7453,10.);
#2518=VECTOR('',#7454,10.);
#2519=VECTOR('',#7455,10.);
#2520=VECTOR('',#7458,10.);
#2521=VECTOR('',#7459,10.);
#2522=VECTOR('',#7464,10.);
#2523=VECTOR('',#7465,10.);
#2524=VECTOR('',#7466,10.);
#2525=VECTOR('',#7467,10.);
#2526=VECTOR('',#7468,10.);
#2527=VECTOR('',#7469,10.);
#2528=VECTOR('',#7470,10.);
#2529=VECTOR('',#7473,10.);
#2530=VECTOR('',#7474,10.);
#2531=VECTOR('',#7475,10.);
#2532=VECTOR('',#7476,10.);
#2533=VECTOR('',#7477,10.);
#2534=VECTOR('',#7478,10.);
#2535=VECTOR('',#7479,10.);
#2536=VECTOR('',#7480,10.);
#2537=VECTOR('',#7481,10.);
#2538=VECTOR('',#7482,10.);
#2539=VECTOR('',#7483,10.);
#2540=VECTOR('',#7484,10.);
#2541=VECTOR('',#7485,10.);
#2542=VECTOR('',#7488,10.);
#2543=VECTOR('',#7489,10.);
#2544=VECTOR('',#7490,10.);
#2545=VECTOR('',#7491,10.);
#2546=VECTOR('',#7492,10.);
#2547=VECTOR('',#7493,10.);
#2548=VECTOR('',#7502,1.5);
#2549=VECTOR('',#7511,1.5);
#2550=VECTOR('',#7540,10.);
#2551=VECTOR('',#7543,10.);
#2552=VECTOR('',#7546,10.);
#2553=VECTOR('',#7547,10.);
#2554=VECTOR('',#7550,10.);
#2555=VECTOR('',#7551,10.);
#2556=VECTOR('',#7554,10.);
#2557=VECTOR('',#7555,10.);
#2558=VECTOR('',#7566,6.);
#2559=VECTOR('',#7575,10.);
#2560=VECTOR('',#7576,10.);
#2561=VECTOR('',#7579,10.);
#2562=VECTOR('',#7582,10.);
#2563=VECTOR('',#7585,10.);
#2564=VECTOR('',#7586,10.);
#2565=VECTOR('',#7595,10.);
#2566=VECTOR('',#7596,10.);
#2567=VECTOR('',#7597,10.);
#2568=VECTOR('',#7600,10.);
#2569=VECTOR('',#7601,10.);
#2570=VECTOR('',#7608,10.);
#2571=VECTOR('',#7611,10.);
#2572=VECTOR('',#7612,10.);
#2573=VECTOR('',#7619,10.);
#2574=VECTOR('',#7620,10.);
#2575=VECTOR('',#7621,10.);
#2576=VECTOR('',#7624,10.);
#2577=VECTOR('',#7625,10.);
#2578=VECTOR('',#7632,10.);
#2579=VECTOR('',#7633,10.);
#2580=VECTOR('',#7634,10.);
#2581=VECTOR('',#7637,10.);
#2582=VECTOR('',#7638,10.);
#2583=VECTOR('',#7645,71.082035);
#2584=VECTOR('',#7650,3.975);
#2585=VECTOR('',#7659,3.97500000000001);
#2586=VECTOR('',#7664,4.);
#2587=VECTOR('',#7667,6.);
#2588=CIRCLE('',#6509,3.);
#2589=CIRCLE('',#6510,3.);
#2590=CIRCLE('',#6512,3.);
#2591=CIRCLE('',#6513,3.);
#2592=CIRCLE('',#6515,3.);
#2593=CIRCLE('',#6516,3.);
#2594=CIRCLE('',#6518,3.);
#2595=CIRCLE('',#6519,3.);
#2596=CIRCLE('',#6521,3.);
#2597=CIRCLE('',#6522,3.);
#2598=CIRCLE('',#6524,3.);
#2599=CIRCLE('',#6525,3.);
#2600=CIRCLE('',#6527,3.);
#2601=CIRCLE('',#6528,3.);
#2602=CIRCLE('',#6653,1.5);
#2603=CIRCLE('',#6654,1.5);
#2604=CIRCLE('',#6657,1.5);
#2605=CIRCLE('',#6658,1.5);
#2606=CIRCLE('',#6661,4.);
#2607=CIRCLE('',#6663,3.975);
#2608=CIRCLE('',#6665,6.);
#2609=CIRCLE('',#6666,4.);
#2610=CIRCLE('',#6668,74.082035);
#2611=CIRCLE('',#6669,5.97500000000001);
#2612=CIRCLE('',#6670,23.);
#2613=CIRCLE('',#6671,46.082035);
#2614=CIRCLE('',#6672,60.082035);
#2615=CIRCLE('',#6673,60.082035);
#2616=CIRCLE('',#6674,60.082035);
#2617=CIRCLE('',#6675,60.082035);
#2618=CIRCLE('',#6676,60.082035);
#2619=CIRCLE('',#6677,37.);
#2620=CIRCLE('',#6678,6.);
#2621=CIRCLE('',#6680,6.);
#2622=CIRCLE('',#6681,6.);
#2623=CIRCLE('',#6684,23.);
#2624=CIRCLE('',#6686,60.082035);
#2625=CIRCLE('',#6688,60.082035);
#2626=CIRCLE('',#6690,37.);
#2627=CIRCLE('',#6694,46.082035);
#2628=CIRCLE('',#6698,60.082035);
#2629=CIRCLE('',#6702,60.082035);
#2630=CIRCLE('',#6706,60.082035);
#2631=CIRCLE('',#6708,74.082035);
#2632=CIRCLE('',#6710,3.975);
#2633=CIRCLE('',#6713,5.97500000000001);
#2634=VERTEX_POINT('',#7670);
#2635=VERTEX_POINT('',#7672);
#2636=VERTEX_POINT('',#7676);
#2637=VERTEX_POINT('',#7678);
#2638=VERTEX_POINT('',#7682);
#2639=VERTEX_POINT('',#7684);
#2640=VERTEX_POINT('',#7688);
#2641=VERTEX_POINT('',#7690);
#2642=VERTEX_POINT('',#7694);
#2643=VERTEX_POINT('',#7696);
#2644=VERTEX_POINT('',#7700);
#2645=VERTEX_POINT('',#7702);
#2646=VERTEX_POINT('',#7706);
#2647=VERTEX_POINT('',#7708);
#2648=VERTEX_POINT('',#7712);
#2649=VERTEX_POINT('',#7713);
#2650=VERTEX_POINT('',#7715);
#2651=VERTEX_POINT('',#7717);
#2652=VERTEX_POINT('',#7730);
#2653=VERTEX_POINT('',#7736);
#2654=VERTEX_POINT('',#7753);
#2655=VERTEX_POINT('',#7759);
#2656=VERTEX_POINT('',#7776);
#2657=VERTEX_POINT('',#7782);
#2658=VERTEX_POINT('',#7799);
#2659=VERTEX_POINT('',#7805);
#2660=VERTEX_POINT('',#7822);
#2661=VERTEX_POINT('',#7828);
#2662=VERTEX_POINT('',#7836);
#2663=VERTEX_POINT('',#7838);
#2664=VERTEX_POINT('',#7845);
#2665=VERTEX_POINT('',#7846);
#2666=VERTEX_POINT('',#7848);
#2667=VERTEX_POINT('',#7850);
#2668=VERTEX_POINT('',#7854);
#2669=VERTEX_POINT('',#7856);
#2670=VERTEX_POINT('',#7869);
#2671=VERTEX_POINT('',#7875);
#2672=VERTEX_POINT('',#7892);
#2673=VERTEX_POINT('',#7898);
#2674=VERTEX_POINT('',#7915);
#2675=VERTEX_POINT('',#7921);
#2676=VERTEX_POINT('',#7938);
#2677=VERTEX_POINT('',#7944);
#2678=VERTEX_POINT('',#7961);
#2679=VERTEX_POINT('',#7967);
#2680=VERTEX_POINT('',#7984);
#2681=VERTEX_POINT('',#7990);
#2682=VERTEX_POINT('',#7998);
#2683=VERTEX_POINT('',#8000);
#2684=VERTEX_POINT('',#8004);
#2685=VERTEX_POINT('',#8006);
#2686=VERTEX_POINT('',#8015);
#2687=VERTEX_POINT('',#8016);
#2688=VERTEX_POINT('',#8018);
#2689=VERTEX_POINT('',#8020);
#2690=VERTEX_POINT('',#8024);
#2691=VERTEX_POINT('',#8026);
#2692=VERTEX_POINT('',#8030);
#2693=VERTEX_POINT('',#8032);
#2694=VERTEX_POINT('',#8045);
#2695=VERTEX_POINT('',#8051);
#2696=VERTEX_POINT('',#8068);
#2697=VERTEX_POINT('',#8074);
#2698=VERTEX_POINT('',#8091);
#2699=VERTEX_POINT('',#8097);
#2700=VERTEX_POINT('',#8105);
#2701=VERTEX_POINT('',#8107);
#2702=VERTEX_POINT('',#8120);
#2703=VERTEX_POINT('',#8126);
#2704=VERTEX_POINT('',#8143);
#2705=VERTEX_POINT('',#8149);
#2706=VERTEX_POINT('',#8166);
#2707=VERTEX_POINT('',#8172);
#2708=VERTEX_POINT('',#8189);
#2709=VERTEX_POINT('',#8195);
#2710=VERTEX_POINT('',#8203);
#2711=VERTEX_POINT('',#8205);
#2712=VERTEX_POINT('',#8222);
#2713=VERTEX_POINT('',#8223);
#2714=VERTEX_POINT('',#8229);
#2715=VERTEX_POINT('',#8231);
#2716=VERTEX_POINT('',#8248);
#2717=VERTEX_POINT('',#8254);
#2718=VERTEX_POINT('',#8271);
#2719=VERTEX_POINT('',#8277);
#2720=VERTEX_POINT('',#8294);
#2721=VERTEX_POINT('',#8300);
#2722=VERTEX_POINT('',#8317);
#2723=VERTEX_POINT('',#8323);
#2724=VERTEX_POINT('',#8340);
#2725=VERTEX_POINT('',#8346);
#2726=VERTEX_POINT('',#8363);
#2727=VERTEX_POINT('',#8369);
#2728=VERTEX_POINT('',#8406);
#2729=VERTEX_POINT('',#8407);
#2730=VERTEX_POINT('',#8413);
#2731=VERTEX_POINT('',#8415);
#2732=VERTEX_POINT('',#8432);
#2733=VERTEX_POINT('',#8438);
#2734=VERTEX_POINT('',#8455);
#2735=VERTEX_POINT('',#8461);
#2736=VERTEX_POINT('',#8478);
#2737=VERTEX_POINT('',#8484);
#2738=VERTEX_POINT('',#8501);
#2739=VERTEX_POINT('',#8507);
#2740=VERTEX_POINT('',#8524);
#2741=VERTEX_POINT('',#8530);
#2742=VERTEX_POINT('',#8547);
#2743=VERTEX_POINT('',#8553);
#2744=VERTEX_POINT('',#8570);
#2745=VERTEX_POINT('',#8576);
#2746=VERTEX_POINT('',#8615);
#2747=VERTEX_POINT('',#8616);
#2748=VERTEX_POINT('',#8622);
#2749=VERTEX_POINT('',#8624);
#2750=VERTEX_POINT('',#8641);
#2751=VERTEX_POINT('',#8647);
#2752=VERTEX_POINT('',#8664);
#2753=VERTEX_POINT('',#8670);
#2754=VERTEX_POINT('',#8687);
#2755=VERTEX_POINT('',#8693);
#2756=VERTEX_POINT('',#8710);
#2757=VERTEX_POINT('',#8716);
#2758=VERTEX_POINT('',#8733);
#2759=VERTEX_POINT('',#8739);
#2760=VERTEX_POINT('',#8756);
#2761=VERTEX_POINT('',#8762);
#2762=VERTEX_POINT('',#8779);
#2763=VERTEX_POINT('',#8785);
#2764=VERTEX_POINT('',#8802);
#2765=VERTEX_POINT('',#8808);
#2766=VERTEX_POINT('',#8828);
#2767=VERTEX_POINT('',#8829);
#2768=VERTEX_POINT('',#8835);
#2769=VERTEX_POINT('',#8837);
#2770=VERTEX_POINT('',#8854);
#2771=VERTEX_POINT('',#8860);
#2772=VERTEX_POINT('',#8877);
#2773=VERTEX_POINT('',#8883);
#2774=VERTEX_POINT('',#8900);
#2775=VERTEX_POINT('',#8906);
#2776=VERTEX_POINT('',#8923);
#2777=VERTEX_POINT('',#8929);
#2778=VERTEX_POINT('',#8946);
#2779=VERTEX_POINT('',#8952);
#2780=VERTEX_POINT('',#8969);
#2781=VERTEX_POINT('',#8975);
#2782=VERTEX_POINT('',#8992);
#2783=VERTEX_POINT('',#8998);
#2784=VERTEX_POINT('',#9015);
#2785=VERTEX_POINT('',#9021);
#2786=VERTEX_POINT('',#9038);
#2787=VERTEX_POINT('',#9044);
#2788=VERTEX_POINT('',#9061);
#2789=VERTEX_POINT('',#9067);
#2790=VERTEX_POINT('',#9084);
#2791=VERTEX_POINT('',#9090);
#2792=VERTEX_POINT('',#9107);
#2793=VERTEX_POINT('',#9113);
#2794=VERTEX_POINT('',#9130);
#2795=VERTEX_POINT('',#9136);
#2796=VERTEX_POINT('',#9144);
#2797=VERTEX_POINT('',#9146);
#2798=VERTEX_POINT('',#9159);
#2799=VERTEX_POINT('',#9165);
#2800=VERTEX_POINT('',#9182);
#2801=VERTEX_POINT('',#9188);
#2802=VERTEX_POINT('',#9205);
#2803=VERTEX_POINT('',#9211);
#2804=VERTEX_POINT('',#9228);
#2805=VERTEX_POINT('',#9234);
#2806=VERTEX_POINT('',#9251);
#2807=VERTEX_POINT('',#9257);
#2808=VERTEX_POINT('',#9274);
#2809=VERTEX_POINT('',#9280);
#2810=VERTEX_POINT('',#9297);
#2811=VERTEX_POINT('',#9303);
#2812=VERTEX_POINT('',#9311);
#2813=VERTEX_POINT('',#9313);
#2814=VERTEX_POINT('',#9326);
#2815=VERTEX_POINT('',#9332);
#2816=VERTEX_POINT('',#9349);
#2817=VERTEX_POINT('',#9355);
#2818=VERTEX_POINT('',#9363);
#2819=VERTEX_POINT('',#9365);
#2820=VERTEX_POINT('',#9391);
#2821=VERTEX_POINT('',#9392);
#2822=VERTEX_POINT('',#9394);
#2823=VERTEX_POINT('',#9396);
#2824=VERTEX_POINT('',#9409);
#2825=VERTEX_POINT('',#9415);
#2826=VERTEX_POINT('',#9432);
#2827=VERTEX_POINT('',#9438);
#2828=VERTEX_POINT('',#9455);
#2829=VERTEX_POINT('',#9461);
#2830=VERTEX_POINT('',#9489);
#2831=VERTEX_POINT('',#9490);
#2832=VERTEX_POINT('',#9492);
#2833=VERTEX_POINT('',#9494);
#2834=VERTEX_POINT('',#9507);
#2835=VERTEX_POINT('',#9513);
#2836=VERTEX_POINT('',#9530);
#2837=VERTEX_POINT('',#9536);
#2838=VERTEX_POINT('',#9553);
#2839=VERTEX_POINT('',#9559);
#2840=VERTEX_POINT('',#9576);
#2841=VERTEX_POINT('',#9582);
#2842=VERTEX_POINT('',#9599);
#2843=VERTEX_POINT('',#9605);
#2844=VERTEX_POINT('',#9622);
#2845=VERTEX_POINT('',#9628);
#2846=VERTEX_POINT('',#9645);
#2847=VERTEX_POINT('',#9651);
#2848=VERTEX_POINT('',#9668);
#2849=VERTEX_POINT('',#9674);
#2850=VERTEX_POINT('',#9691);
#2851=VERTEX_POINT('',#9697);
#2852=VERTEX_POINT('',#9705);
#2853=VERTEX_POINT('',#9707);
#2854=VERTEX_POINT('',#9720);
#2855=VERTEX_POINT('',#9726);
#2856=VERTEX_POINT('',#9743);
#2857=VERTEX_POINT('',#9749);
#2858=VERTEX_POINT('',#9766);
#2859=VERTEX_POINT('',#9772);
#2860=VERTEX_POINT('',#9802);
#2861=VERTEX_POINT('',#9803);
#2862=VERTEX_POINT('',#9805);
#2863=VERTEX_POINT('',#9807);
#2864=VERTEX_POINT('',#9811);
#2865=VERTEX_POINT('',#9813);
#2866=VERTEX_POINT('',#9817);
#2867=VERTEX_POINT('',#9819);
#2868=VERTEX_POINT('',#9823);
#2869=VERTEX_POINT('',#9825);
#2870=VERTEX_POINT('',#9829);
#2871=VERTEX_POINT('',#9831);
#2872=VERTEX_POINT('',#9839);
#2873=VERTEX_POINT('',#9840);
#2874=VERTEX_POINT('',#9842);
#2875=VERTEX_POINT('',#9844);
#2876=VERTEX_POINT('',#9848);
#2877=VERTEX_POINT('',#9850);
#2878=VERTEX_POINT('',#9854);
#2879=VERTEX_POINT('',#9856);
#2880=VERTEX_POINT('',#9864);
#2881=VERTEX_POINT('',#9865);
#2882=VERTEX_POINT('',#9867);
#2883=VERTEX_POINT('',#9869);
#2884=VERTEX_POINT('',#9873);
#2885=VERTEX_POINT('',#9875);
#2886=VERTEX_POINT('',#9879);
#2887=VERTEX_POINT('',#9881);
#2888=VERTEX_POINT('',#9885);
#2889=VERTEX_POINT('',#9887);
#2890=VERTEX_POINT('',#9891);
#2891=VERTEX_POINT('',#9893);
#2892=VERTEX_POINT('',#9897);
#2893=VERTEX_POINT('',#9899);
#2894=VERTEX_POINT('',#9903);
#2895=VERTEX_POINT('',#9905);
#2896=VERTEX_POINT('',#9909);
#2897=VERTEX_POINT('',#9911);
#2898=VERTEX_POINT('',#9915);
#2899=VERTEX_POINT('',#9917);
#2900=VERTEX_POINT('',#9921);
#2901=VERTEX_POINT('',#9923);
#2902=VERTEX_POINT('',#9927);
#2903=VERTEX_POINT('',#9929);
#2904=VERTEX_POINT('',#9946);
#2905=VERTEX_POINT('',#9947);
#2906=VERTEX_POINT('',#9953);
#2907=VERTEX_POINT('',#9955);
#2908=VERTEX_POINT('',#9972);
#2909=VERTEX_POINT('',#9978);
#2910=VERTEX_POINT('',#9995);
#2911=VERTEX_POINT('',#10001);
#2912=VERTEX_POINT('',#10018);
#2913=VERTEX_POINT('',#10024);
#2914=VERTEX_POINT('',#10041);
#2915=VERTEX_POINT('',#10047);
#2916=VERTEX_POINT('',#10064);
#2917=VERTEX_POINT('',#10070);
#2918=VERTEX_POINT('',#10087);
#2919=VERTEX_POINT('',#10093);
#2920=VERTEX_POINT('',#10121);
#2921=VERTEX_POINT('',#10122);
#2922=VERTEX_POINT('',#10124);
#2923=VERTEX_POINT('',#10126);
#2924=VERTEX_POINT('',#10139);
#2925=VERTEX_POINT('',#10145);
#2926=VERTEX_POINT('',#10162);
#2927=VERTEX_POINT('',#10168);
#2928=VERTEX_POINT('',#10185);
#2929=VERTEX_POINT('',#10191);
#2930=VERTEX_POINT('',#10208);
#2931=VERTEX_POINT('',#10214);
#2932=VERTEX_POINT('',#10231);
#2933=VERTEX_POINT('',#10237);
#2934=VERTEX_POINT('',#10254);
#2935=VERTEX_POINT('',#10260);
#2936=VERTEX_POINT('',#10277);
#2937=VERTEX_POINT('',#10283);
#2938=VERTEX_POINT('',#10300);
#2939=VERTEX_POINT('',#10306);
#2940=VERTEX_POINT('',#10323);
#2941=VERTEX_POINT('',#10329);
#2942=VERTEX_POINT('',#10346);
#2943=VERTEX_POINT('',#10352);
#2944=VERTEX_POINT('',#10369);
#2945=VERTEX_POINT('',#10375);
#2946=VERTEX_POINT('',#10392);
#2947=VERTEX_POINT('',#10398);
#2948=VERTEX_POINT('',#10406);
#2949=VERTEX_POINT('',#10408);
#2950=VERTEX_POINT('',#10412);
#2951=VERTEX_POINT('',#10414);
#2952=VERTEX_POINT('',#10418);
#2953=VERTEX_POINT('',#10420);
#2954=VERTEX_POINT('',#10433);
#2955=VERTEX_POINT('',#10439);
#2956=VERTEX_POINT('',#10456);
#2957=VERTEX_POINT('',#10462);
#2958=VERTEX_POINT('',#10479);
#2959=VERTEX_POINT('',#10485);
#2960=VERTEX_POINT('',#10502);
#2961=VERTEX_POINT('',#10508);
#2962=VERTEX_POINT('',#10547);
#2963=VERTEX_POINT('',#10548);
#2964=VERTEX_POINT('',#10554);
#2965=VERTEX_POINT('',#10556);
#2966=VERTEX_POINT('',#10573);
#2967=VERTEX_POINT('',#10579);
#2968=VERTEX_POINT('',#10596);
#2969=VERTEX_POINT('',#10602);
#2970=VERTEX_POINT('',#10619);
#2971=VERTEX_POINT('',#10625);
#2972=VERTEX_POINT('',#10642);
#2973=VERTEX_POINT('',#10648);
#2974=VERTEX_POINT('',#10665);
#2975=VERTEX_POINT('',#10671);
#2976=VERTEX_POINT('',#10688);
#2977=VERTEX_POINT('',#10694);
#2978=VERTEX_POINT('',#10711);
#2979=VERTEX_POINT('',#10717);
#2980=VERTEX_POINT('',#10734);
#2981=VERTEX_POINT('',#10740);
#2982=VERTEX_POINT('',#10760);
#2983=VERTEX_POINT('',#10761);
#2984=VERTEX_POINT('',#10767);
#2985=VERTEX_POINT('',#10769);
#2986=VERTEX_POINT('',#10786);
#2987=VERTEX_POINT('',#10792);
#2988=VERTEX_POINT('',#10809);
#2989=VERTEX_POINT('',#10815);
#2990=VERTEX_POINT('',#10832);
#2991=VERTEX_POINT('',#10838);
#2992=VERTEX_POINT('',#10855);
#2993=VERTEX_POINT('',#10861);
#2994=VERTEX_POINT('',#10878);
#2995=VERTEX_POINT('',#10884);
#2996=VERTEX_POINT('',#10901);
#2997=VERTEX_POINT('',#10907);
#2998=VERTEX_POINT('',#10924);
#2999=VERTEX_POINT('',#10930);
#3000=VERTEX_POINT('',#10947);
#3001=VERTEX_POINT('',#10953);
#3002=VERTEX_POINT('',#10970);
#3003=VERTEX_POINT('',#10976);
#3004=VERTEX_POINT('',#10993);
#3005=VERTEX_POINT('',#10999);
#3006=VERTEX_POINT('',#11016);
#3007=VERTEX_POINT('',#11022);
#3008=VERTEX_POINT('',#11039);
#3009=VERTEX_POINT('',#11045);
#3010=VERTEX_POINT('',#11062);
#3011=VERTEX_POINT('',#11068);
#3012=VERTEX_POINT('',#11076);
#3013=VERTEX_POINT('',#11078);
#3014=VERTEX_POINT('',#11091);
#3015=VERTEX_POINT('',#11097);
#3016=VERTEX_POINT('',#11114);
#3017=VERTEX_POINT('',#11120);
#3018=VERTEX_POINT('',#11137);
#3019=VERTEX_POINT('',#11143);
#3020=VERTEX_POINT('',#11160);
#3021=VERTEX_POINT('',#11166);
#3022=VERTEX_POINT('',#11183);
#3023=VERTEX_POINT('',#11189);
#3024=VERTEX_POINT('',#11206);
#3025=VERTEX_POINT('',#11212);
#3026=VERTEX_POINT('',#11229);
#3027=VERTEX_POINT('',#11235);
#3028=VERTEX_POINT('',#11243);
#3029=VERTEX_POINT('',#11245);
#3030=VERTEX_POINT('',#11258);
#3031=VERTEX_POINT('',#11264);
#3032=VERTEX_POINT('',#11281);
#3033=VERTEX_POINT('',#11287);
#3034=VERTEX_POINT('',#11295);
#3035=VERTEX_POINT('',#11297);
#3036=VERTEX_POINT('',#11323);
#3037=VERTEX_POINT('',#11324);
#3038=VERTEX_POINT('',#11326);
#3039=VERTEX_POINT('',#11328);
#3040=VERTEX_POINT('',#11332);
#3041=VERTEX_POINT('',#11334);
#3042=VERTEX_POINT('',#11338);
#3043=VERTEX_POINT('',#11340);
#3044=VERTEX_POINT('',#11353);
#3045=VERTEX_POINT('',#11359);
#3046=VERTEX_POINT('',#11376);
#3047=VERTEX_POINT('',#11382);
#3048=VERTEX_POINT('',#11399);
#3049=VERTEX_POINT('',#11405);
#3050=VERTEX_POINT('',#11422);
#3051=VERTEX_POINT('',#11428);
#3052=VERTEX_POINT('',#11445);
#3053=VERTEX_POINT('',#11451);
#3054=VERTEX_POINT('',#11459);
#3055=VERTEX_POINT('',#11461);
#3056=VERTEX_POINT('',#11465);
#3057=VERTEX_POINT('',#11467);
#3058=VERTEX_POINT('',#11471);
#3059=VERTEX_POINT('',#11473);
#3060=VERTEX_POINT('',#11486);
#3061=VERTEX_POINT('',#11492);
#3062=VERTEX_POINT('',#11509);
#3063=VERTEX_POINT('',#11515);
#3064=VERTEX_POINT('',#11532);
#3065=VERTEX_POINT('',#11538);
#3066=VERTEX_POINT('',#11555);
#3067=VERTEX_POINT('',#11561);
#3068=VERTEX_POINT('',#11578);
#3069=VERTEX_POINT('',#11584);
#3070=VERTEX_POINT('',#11592);
#3071=VERTEX_POINT('',#11594);
#3072=VERTEX_POINT('',#11602);
#3073=VERTEX_POINT('',#11603);
#3074=VERTEX_POINT('',#11605);
#3075=VERTEX_POINT('',#11607);
#3076=VERTEX_POINT('',#11611);
#3077=VERTEX_POINT('',#11613);
#3078=VERTEX_POINT('',#11617);
#3079=VERTEX_POINT('',#11619);
#3080=VERTEX_POINT('',#11627);
#3081=VERTEX_POINT('',#11628);
#3082=VERTEX_POINT('',#11630);
#3083=VERTEX_POINT('',#11632);
#3084=VERTEX_POINT('',#11636);
#3085=VERTEX_POINT('',#11638);
#3086=VERTEX_POINT('',#11651);
#3087=VERTEX_POINT('',#11657);
#3088=VERTEX_POINT('',#11665);
#3089=VERTEX_POINT('',#11667);
#3090=VERTEX_POINT('',#11671);
#3091=VERTEX_POINT('',#11673);
#3092=VERTEX_POINT('',#11677);
#3093=VERTEX_POINT('',#11679);
#3094=VERTEX_POINT('',#11683);
#3095=VERTEX_POINT('',#11685);
#3096=VERTEX_POINT('',#11689);
#3097=VERTEX_POINT('',#11691);
#3098=VERTEX_POINT('',#11695);
#3099=VERTEX_POINT('',#11697);
#3100=VERTEX_POINT('',#11710);
#3101=VERTEX_POINT('',#11716);
#3102=VERTEX_POINT('',#11724);
#3103=VERTEX_POINT('',#11726);
#3104=VERTEX_POINT('',#11730);
#3105=VERTEX_POINT('',#11732);
#3106=VERTEX_POINT('',#11740);
#3107=VERTEX_POINT('',#11741);
#3108=VERTEX_POINT('',#11743);
#3109=VERTEX_POINT('',#11745);
#3110=VERTEX_POINT('',#11758);
#3111=VERTEX_POINT('',#11764);
#3112=VERTEX_POINT('',#11781);
#3113=VERTEX_POINT('',#11787);
#3114=VERTEX_POINT('',#11804);
#3115=VERTEX_POINT('',#11810);
#3116=VERTEX_POINT('',#11827);
#3117=VERTEX_POINT('',#11833);
#3118=VERTEX_POINT('',#11841);
#3119=VERTEX_POINT('',#11843);
#3120=VERTEX_POINT('',#11847);
#3121=VERTEX_POINT('',#11849);
#3122=VERTEX_POINT('',#11853);
#3123=VERTEX_POINT('',#11855);
#3124=VERTEX_POINT('',#11859);
#3125=VERTEX_POINT('',#11861);
#3126=VERTEX_POINT('',#11865);
#3127=VERTEX_POINT('',#11867);
#3128=VERTEX_POINT('',#11871);
#3129=VERTEX_POINT('',#11873);
#3130=VERTEX_POINT('',#11877);
#3131=VERTEX_POINT('',#11879);
#3132=VERTEX_POINT('',#11883);
#3133=VERTEX_POINT('',#11885);
#3134=VERTEX_POINT('',#11889);
#3135=VERTEX_POINT('',#11891);
#3136=VERTEX_POINT('',#11895);
#3137=VERTEX_POINT('',#11897);
#3138=VERTEX_POINT('',#11901);
#3139=VERTEX_POINT('',#11903);
#3140=VERTEX_POINT('',#11916);
#3141=VERTEX_POINT('',#11922);
#3142=VERTEX_POINT('',#11939);
#3143=VERTEX_POINT('',#11945);
#3144=VERTEX_POINT('',#11962);
#3145=VERTEX_POINT('',#11968);
#3146=VERTEX_POINT('',#11997);
#3147=VERTEX_POINT('',#11998);
#3148=VERTEX_POINT('',#12000);
#3149=VERTEX_POINT('',#12002);
#3150=VERTEX_POINT('',#12006);
#3151=VERTEX_POINT('',#12008);
#3152=VERTEX_POINT('',#12012);
#3153=VERTEX_POINT('',#12014);
#3154=VERTEX_POINT('',#12022);
#3155=VERTEX_POINT('',#12023);
#3156=VERTEX_POINT('',#12025);
#3157=VERTEX_POINT('',#12027);
#3158=VERTEX_POINT('',#12031);
#3159=VERTEX_POINT('',#12033);
#3160=VERTEX_POINT('',#12037);
#3161=VERTEX_POINT('',#12039);
#3162=VERTEX_POINT('',#12052);
#3163=VERTEX_POINT('',#12058);
#3164=VERTEX_POINT('',#12075);
#3165=VERTEX_POINT('',#12081);
#3166=VERTEX_POINT('',#12098);
#3167=VERTEX_POINT('',#12104);
#3168=VERTEX_POINT('',#12112);
#3169=VERTEX_POINT('',#12114);
#3170=VERTEX_POINT('',#12127);
#3171=VERTEX_POINT('',#12133);
#3172=VERTEX_POINT('',#12150);
#3173=VERTEX_POINT('',#12156);
#3174=VERTEX_POINT('',#12173);
#3175=VERTEX_POINT('',#12179);
#3176=VERTEX_POINT('',#12196);
#3177=VERTEX_POINT('',#12202);
#3178=VERTEX_POINT('',#12210);
#3179=VERTEX_POINT('',#12212);
#3180=VERTEX_POINT('',#12220);
#3181=VERTEX_POINT('',#12221);
#3182=VERTEX_POINT('',#12223);
#3183=VERTEX_POINT('',#12225);
#3184=VERTEX_POINT('',#12238);
#3185=VERTEX_POINT('',#12244);
#3186=VERTEX_POINT('',#12261);
#3187=VERTEX_POINT('',#12267);
#3188=VERTEX_POINT('',#12284);
#3189=VERTEX_POINT('',#12290);
#3190=VERTEX_POINT('',#12318);
#3191=VERTEX_POINT('',#12319);
#3192=VERTEX_POINT('',#12321);
#3193=VERTEX_POINT('',#12323);
#3194=VERTEX_POINT('',#12336);
#3195=VERTEX_POINT('',#12342);
#3196=VERTEX_POINT('',#12359);
#3197=VERTEX_POINT('',#12365);
#3198=VERTEX_POINT('',#12382);
#3199=VERTEX_POINT('',#12388);
#3200=VERTEX_POINT('',#12405);
#3201=VERTEX_POINT('',#12411);
#3202=VERTEX_POINT('',#12428);
#3203=VERTEX_POINT('',#12434);
#3204=VERTEX_POINT('',#12451);
#3205=VERTEX_POINT('',#12457);
#3206=VERTEX_POINT('',#12474);
#3207=VERTEX_POINT('',#12480);
#3208=VERTEX_POINT('',#12497);
#3209=VERTEX_POINT('',#12503);
#3210=VERTEX_POINT('',#12520);
#3211=VERTEX_POINT('',#12526);
#3212=VERTEX_POINT('',#12534);
#3213=VERTEX_POINT('',#12536);
#3214=VERTEX_POINT('',#12549);
#3215=VERTEX_POINT('',#12555);
#3216=VERTEX_POINT('',#12572);
#3217=VERTEX_POINT('',#12578);
#3218=VERTEX_POINT('',#12595);
#3219=VERTEX_POINT('',#12601);
#3220=VERTEX_POINT('',#12631);
#3221=VERTEX_POINT('',#12633);
#3222=VERTEX_POINT('',#12638);
#3223=VERTEX_POINT('',#12640);
#3224=VERTEX_POINT('',#12645);
#3225=VERTEX_POINT('',#12648);
#3226=VERTEX_POINT('',#12651);
#3227=VERTEX_POINT('',#12653);
#3228=VERTEX_POINT('',#12656);
#3229=VERTEX_POINT('',#12658);
#3230=VERTEX_POINT('',#12660);
#3231=VERTEX_POINT('',#12661);
#3232=VERTEX_POINT('',#12664);
#3233=VERTEX_POINT('',#12665);
#3234=VERTEX_POINT('',#12667);
#3235=VERTEX_POINT('',#12670);
#3236=VERTEX_POINT('',#12671);
#3237=VERTEX_POINT('',#12673);
#3238=VERTEX_POINT('',#12676);
#3239=VERTEX_POINT('',#12677);
#3240=VERTEX_POINT('',#12679);
#3241=VERTEX_POINT('',#12682);
#3242=VERTEX_POINT('',#12683);
#3243=VERTEX_POINT('',#12685);
#3244=VERTEX_POINT('',#12687);
#3245=VERTEX_POINT('',#12689);
#3246=VERTEX_POINT('',#12692);
#3247=VERTEX_POINT('',#12695);
#3248=VERTEX_POINT('',#12697);
#3249=VERTEX_POINT('',#12702);
#3250=VERTEX_POINT('',#12703);
#3251=VERTEX_POINT('',#12708);
#3252=VERTEX_POINT('',#12710);
#3253=VERTEX_POINT('',#12714);
#3254=VERTEX_POINT('',#12716);
#3255=VERTEX_POINT('',#12722);
#3256=VERTEX_POINT('',#12723);
#3257=VERTEX_POINT('',#12728);
#3258=VERTEX_POINT('',#12736);
#3259=VERTEX_POINT('',#12742);
#3260=VERTEX_POINT('',#12743);
#3261=VERTEX_POINT('',#12748);
#3262=VERTEX_POINT('',#12754);
#3263=VERTEX_POINT('',#12755);
#3264=VERTEX_POINT('',#12760);
#3265=VERTEX_POINT('',#12766);
#3266=VERTEX_POINT('',#12770);
#3267=VERTEX_POINT('',#12775);
#3268=EDGE_CURVE('',#2634,#2634,#2588,.T.);
#3269=EDGE_CURVE('',#2634,#2635,#1526,.T.);
#3270=EDGE_CURVE('',#2635,#2635,#2589,.T.);
#3271=EDGE_CURVE('',#2636,#2636,#2590,.T.);
#3272=EDGE_CURVE('',#2636,#2637,#1527,.T.);
#3273=EDGE_CURVE('',#2637,#2637,#2591,.T.);
#3274=EDGE_CURVE('',#2638,#2638,#2592,.T.);
#3275=EDGE_CURVE('',#2638,#2639,#1528,.T.);
#3276=EDGE_CURVE('',#2639,#2639,#2593,.T.);
#3277=EDGE_CURVE('',#2640,#2640,#2594,.T.);
#3278=EDGE_CURVE('',#2640,#2641,#1529,.T.);
#3279=EDGE_CURVE('',#2641,#2641,#2595,.T.);
#3280=EDGE_CURVE('',#2642,#2642,#2596,.T.);
#3281=EDGE_CURVE('',#2642,#2643,#1530,.T.);
#3282=EDGE_CURVE('',#2643,#2643,#2597,.T.);
#3283=EDGE_CURVE('',#2644,#2644,#2598,.T.);
#3284=EDGE_CURVE('',#2644,#2645,#1531,.T.);
#3285=EDGE_CURVE('',#2645,#2645,#2599,.T.);
#3286=EDGE_CURVE('',#2646,#2646,#2600,.T.);
#3287=EDGE_CURVE('',#2646,#2647,#1532,.T.);
#3288=EDGE_CURVE('',#2647,#2647,#2601,.T.);
#3289=EDGE_CURVE('',#2648,#2649,#1533,.T.);
#3290=EDGE_CURVE('',#2648,#2650,#1534,.T.);
#3291=EDGE_CURVE('',#2651,#2650,#1535,.T.);
#3292=EDGE_CURVE('',#2649,#2651,#1536,.T.);
#3293=EDGE_CURVE('',#2649,#2652,#70,.T.);
#3294=EDGE_CURVE('',#2653,#2651,#71,.T.);
#3295=EDGE_CURVE('',#2652,#2653,#1537,.T.);
#3296=EDGE_CURVE('',#2652,#2654,#72,.T.);
#3297=EDGE_CURVE('',#2655,#2653,#73,.T.);
#3298=EDGE_CURVE('',#2654,#2655,#1538,.T.);
#3299=EDGE_CURVE('',#2654,#2656,#74,.T.);
#3300=EDGE_CURVE('',#2657,#2655,#75,.T.);
#3301=EDGE_CURVE('',#2656,#2657,#1539,.T.);
#3302=EDGE_CURVE('',#2656,#2658,#76,.T.);
#3303=EDGE_CURVE('',#2659,#2657,#77,.T.);
#3304=EDGE_CURVE('',#2658,#2659,#1540,.T.);
#3305=EDGE_CURVE('',#2658,#2660,#78,.T.);
#3306=EDGE_CURVE('',#2661,#2659,#79,.T.);
#3307=EDGE_CURVE('',#2660,#2661,#1541,.T.);
#3308=EDGE_CURVE('',#2660,#2662,#1542,.T.);
#3309=EDGE_CURVE('',#2663,#2661,#1543,.T.);
#3310=EDGE_CURVE('',#2662,#2663,#1544,.T.);
#3311=EDGE_CURVE('',#2662,#2648,#1545,.T.);
#3312=EDGE_CURVE('',#2650,#2663,#1546,.T.);
#3313=EDGE_CURVE('',#2664,#2665,#1547,.T.);
#3314=EDGE_CURVE('',#2664,#2666,#1548,.T.);
#3315=EDGE_CURVE('',#2667,#2666,#1549,.T.);
#3316=EDGE_CURVE('',#2665,#2667,#1550,.T.);
#3317=EDGE_CURVE('',#2665,#2668,#1551,.T.);
#3318=EDGE_CURVE('',#2669,#2667,#1552,.T.);
#3319=EDGE_CURVE('',#2668,#2669,#1553,.T.);
#3320=EDGE_CURVE('',#2668,#2670,#80,.T.);
#3321=EDGE_CURVE('',#2671,#2669,#81,.T.);
#3322=EDGE_CURVE('',#2670,#2671,#1554,.T.);
#3323=EDGE_CURVE('',#2670,#2672,#82,.T.);
#3324=EDGE_CURVE('',#2673,#2671,#83,.T.);
#3325=EDGE_CURVE('',#2672,#2673,#1555,.T.);
#3326=EDGE_CURVE('',#2672,#2674,#84,.T.);
#3327=EDGE_CURVE('',#2675,#2673,#85,.T.);
#3328=EDGE_CURVE('',#2674,#2675,#1556,.T.);
#3329=EDGE_CURVE('',#2674,#2676,#86,.T.);
#3330=EDGE_CURVE('',#2677,#2675,#87,.T.);
#3331=EDGE_CURVE('',#2676,#2677,#1557,.T.);
#3332=EDGE_CURVE('',#2676,#2678,#88,.T.);
#3333=EDGE_CURVE('',#2679,#2677,#89,.T.);
#3334=EDGE_CURVE('',#2678,#2679,#1558,.T.);
#3335=EDGE_CURVE('',#2678,#2680,#90,.T.);
#3336=EDGE_CURVE('',#2681,#2679,#91,.T.);
#3337=EDGE_CURVE('',#2680,#2681,#1559,.T.);
#3338=EDGE_CURVE('',#2680,#2682,#1560,.T.);
#3339=EDGE_CURVE('',#2683,#2681,#1561,.T.);
#3340=EDGE_CURVE('',#2682,#2683,#1562,.T.);
#3341=EDGE_CURVE('',#2682,#2684,#1563,.T.);
#3342=EDGE_CURVE('',#2685,#2683,#1564,.T.);
#3343=EDGE_CURVE('',#2684,#2685,#1565,.T.);
#3344=EDGE_CURVE('',#2684,#2664,#1566,.T.);
#3345=EDGE_CURVE('',#2666,#2685,#1567,.T.);
#3346=EDGE_CURVE('',#2686,#2687,#1568,.T.);
#3347=EDGE_CURVE('',#2686,#2688,#1569,.T.);
#3348=EDGE_CURVE('',#2689,#2688,#1570,.T.);
#3349=EDGE_CURVE('',#2687,#2689,#1571,.T.);
#3350=EDGE_CURVE('',#2687,#2690,#1572,.T.);
#3351=EDGE_CURVE('',#2691,#2689,#1573,.T.);
#3352=EDGE_CURVE('',#2690,#2691,#1574,.T.);
#3353=EDGE_CURVE('',#2690,#2692,#1575,.T.);
#3354=EDGE_CURVE('',#2693,#2691,#1576,.T.);
#3355=EDGE_CURVE('',#2692,#2693,#1577,.T.);
#3356=EDGE_CURVE('',#2692,#2694,#92,.T.);
#3357=EDGE_CURVE('',#2695,#2693,#93,.T.);
#3358=EDGE_CURVE('',#2694,#2695,#1578,.T.);
#3359=EDGE_CURVE('',#2694,#2696,#94,.T.);
#3360=EDGE_CURVE('',#2697,#2695,#95,.T.);
#3361=EDGE_CURVE('',#2696,#2697,#1579,.T.);
#3362=EDGE_CURVE('',#2696,#2698,#96,.T.);
#3363=EDGE_CURVE('',#2699,#2697,#97,.T.);
#3364=EDGE_CURVE('',#2698,#2699,#1580,.T.);
#3365=EDGE_CURVE('',#2698,#2700,#1581,.T.);
#3366=EDGE_CURVE('',#2701,#2699,#1582,.T.);
#3367=EDGE_CURVE('',#2700,#2701,#1583,.T.);
#3368=EDGE_CURVE('',#2700,#2702,#98,.T.);
#3369=EDGE_CURVE('',#2703,#2701,#99,.T.);
#3370=EDGE_CURVE('',#2702,#2703,#1584,.T.);
#3371=EDGE_CURVE('',#2702,#2704,#100,.T.);
#3372=EDGE_CURVE('',#2705,#2703,#101,.T.);
#3373=EDGE_CURVE('',#2704,#2705,#1585,.T.);
#3374=EDGE_CURVE('',#2704,#2706,#102,.T.);
#3375=EDGE_CURVE('',#2707,#2705,#103,.T.);
#3376=EDGE_CURVE('',#2706,#2707,#1586,.T.);
#3377=EDGE_CURVE('',#2706,#2708,#104,.T.);
#3378=EDGE_CURVE('',#2709,#2707,#105,.T.);
#3379=EDGE_CURVE('',#2708,#2709,#1587,.T.);
#3380=EDGE_CURVE('',#2708,#2710,#1588,.T.);
#3381=EDGE_CURVE('',#2711,#2709,#1589,.T.);
#3382=EDGE_CURVE('',#2710,#2711,#1590,.T.);
#3383=EDGE_CURVE('',#2710,#2686,#1591,.T.);
#3384=EDGE_CURVE('',#2688,#2711,#1592,.T.);
#3385=EDGE_CURVE('',#2712,#2713,#106,.T.);
#3386=EDGE_CURVE('',#2712,#2714,#1593,.T.);
#3387=EDGE_CURVE('',#2715,#2714,#107,.T.);
#3388=EDGE_CURVE('',#2713,#2715,#1594,.T.);
#3389=EDGE_CURVE('',#2713,#2716,#108,.T.);
#3390=EDGE_CURVE('',#2717,#2715,#109,.T.);
#3391=EDGE_CURVE('',#2716,#2717,#1595,.T.);
#3392=EDGE_CURVE('',#2716,#2718,#110,.T.);
#3393=EDGE_CURVE('',#2719,#2717,#111,.T.);
#3394=EDGE_CURVE('',#2718,#2719,#1596,.T.);
#3395=EDGE_CURVE('',#2718,#2720,#112,.T.);
#3396=EDGE_CURVE('',#2721,#2719,#113,.T.);
#3397=EDGE_CURVE('',#2720,#2721,#1597,.T.);
#3398=EDGE_CURVE('',#2720,#2722,#114,.T.);
#3399=EDGE_CURVE('',#2723,#2721,#115,.T.);
#3400=EDGE_CURVE('',#2722,#2723,#1598,.T.);
#3401=EDGE_CURVE('',#2722,#2724,#116,.T.);
#3402=EDGE_CURVE('',#2725,#2723,#117,.T.);
#3403=EDGE_CURVE('',#2724,#2725,#1599,.T.);
#3404=EDGE_CURVE('',#2724,#2726,#118,.T.);
#3405=EDGE_CURVE('',#2727,#2725,#119,.T.);
#3406=EDGE_CURVE('',#2726,#2727,#1600,.T.);
#3407=EDGE_CURVE('',#2726,#2712,#120,.T.);
#3408=EDGE_CURVE('',#2714,#2727,#121,.T.);
#3409=EDGE_CURVE('',#2728,#2729,#122,.T.);
#3410=EDGE_CURVE('',#2728,#2730,#1601,.T.);
#3411=EDGE_CURVE('',#2731,#2730,#123,.T.);
#3412=EDGE_CURVE('',#2729,#2731,#1602,.T.);
#3413=EDGE_CURVE('',#2729,#2732,#124,.T.);
#3414=EDGE_CURVE('',#2733,#2731,#125,.T.);
#3415=EDGE_CURVE('',#2732,#2733,#1603,.T.);
#3416=EDGE_CURVE('',#2732,#2734,#126,.T.);
#3417=EDGE_CURVE('',#2735,#2733,#127,.T.);
#3418=EDGE_CURVE('',#2734,#2735,#1604,.T.);
#3419=EDGE_CURVE('',#2734,#2736,#128,.T.);
#3420=EDGE_CURVE('',#2737,#2735,#129,.T.);
#3421=EDGE_CURVE('',#2736,#2737,#1605,.T.);
#3422=EDGE_CURVE('',#2736,#2738,#130,.T.);
#3423=EDGE_CURVE('',#2739,#2737,#131,.T.);
#3424=EDGE_CURVE('',#2738,#2739,#1606,.T.);
#3425=EDGE_CURVE('',#2738,#2740,#132,.T.);
#3426=EDGE_CURVE('',#2741,#2739,#133,.T.);
#3427=EDGE_CURVE('',#2740,#2741,#1607,.T.);
#3428=EDGE_CURVE('',#2740,#2742,#134,.T.);
#3429=EDGE_CURVE('',#2743,#2741,#135,.T.);
#3430=EDGE_CURVE('',#2742,#2743,#1608,.T.);
#3431=EDGE_CURVE('',#2742,#2744,#136,.T.);
#3432=EDGE_CURVE('',#2745,#2743,#137,.T.);
#3433=EDGE_CURVE('',#2744,#2745,#1609,.T.);
#3434=EDGE_CURVE('',#2744,#2728,#138,.T.);
#3435=EDGE_CURVE('',#2730,#2745,#139,.T.);
#3436=EDGE_CURVE('',#2746,#2747,#140,.T.);
#3437=EDGE_CURVE('',#2746,#2748,#1610,.T.);
#3438=EDGE_CURVE('',#2749,#2748,#141,.T.);
#3439=EDGE_CURVE('',#2747,#2749,#1611,.T.);
#3440=EDGE_CURVE('',#2747,#2750,#142,.T.);
#3441=EDGE_CURVE('',#2751,#2749,#143,.T.);
#3442=EDGE_CURVE('',#2750,#2751,#1612,.T.);
#3443=EDGE_CURVE('',#2750,#2752,#144,.T.);
#3444=EDGE_CURVE('',#2753,#2751,#145,.T.);
#3445=EDGE_CURVE('',#2752,#2753,#1613,.T.);
#3446=EDGE_CURVE('',#2752,#2754,#146,.T.);
#3447=EDGE_CURVE('',#2755,#2753,#147,.T.);
#3448=EDGE_CURVE('',#2754,#2755,#1614,.T.);
#3449=EDGE_CURVE('',#2754,#2756,#148,.T.);
#3450=EDGE_CURVE('',#2757,#2755,#149,.T.);
#3451=EDGE_CURVE('',#2756,#2757,#1615,.T.);
#3452=EDGE_CURVE('',#2756,#2758,#150,.T.);
#3453=EDGE_CURVE('',#2759,#2757,#151,.T.);
#3454=EDGE_CURVE('',#2758,#2759,#1616,.T.);
#3455=EDGE_CURVE('',#2758,#2760,#152,.T.);
#3456=EDGE_CURVE('',#2761,#2759,#153,.T.);
#3457=EDGE_CURVE('',#2760,#2761,#1617,.T.);
#3458=EDGE_CURVE('',#2760,#2762,#154,.T.);
#3459=EDGE_CURVE('',#2763,#2761,#155,.T.);
#3460=EDGE_CURVE('',#2762,#2763,#1618,.T.);
#3461=EDGE_CURVE('',#2762,#2764,#156,.T.);
#3462=EDGE_CURVE('',#2765,#2763,#157,.T.);
#3463=EDGE_CURVE('',#2764,#2765,#1619,.T.);
#3464=EDGE_CURVE('',#2764,#2746,#1620,.T.);
#3465=EDGE_CURVE('',#2748,#2765,#1621,.T.);
#3466=EDGE_CURVE('',#2766,#2767,#158,.T.);
#3467=EDGE_CURVE('',#2766,#2768,#1622,.T.);
#3468=EDGE_CURVE('',#2769,#2768,#159,.T.);
#3469=EDGE_CURVE('',#2767,#2769,#1623,.T.);
#3470=EDGE_CURVE('',#2767,#2770,#160,.T.);
#3471=EDGE_CURVE('',#2771,#2769,#161,.T.);
#3472=EDGE_CURVE('',#2770,#2771,#1624,.T.);
#3473=EDGE_CURVE('',#2770,#2772,#162,.T.);
#3474=EDGE_CURVE('',#2773,#2771,#163,.T.);
#3475=EDGE_CURVE('',#2772,#2773,#1625,.T.);
#3476=EDGE_CURVE('',#2772,#2774,#164,.T.);
#3477=EDGE_CURVE('',#2775,#2773,#165,.T.);
#3478=EDGE_CURVE('',#2774,#2775,#1626,.T.);
#3479=EDGE_CURVE('',#2774,#2776,#166,.T.);
#3480=EDGE_CURVE('',#2777,#2775,#167,.T.);
#3481=EDGE_CURVE('',#2776,#2777,#1627,.T.);
#3482=EDGE_CURVE('',#2776,#2778,#168,.T.);
#3483=EDGE_CURVE('',#2779,#2777,#169,.T.);
#3484=EDGE_CURVE('',#2778,#2779,#1628,.T.);
#3485=EDGE_CURVE('',#2778,#2780,#170,.T.);
#3486=EDGE_CURVE('',#2781,#2779,#171,.T.);
#3487=EDGE_CURVE('',#2780,#2781,#1629,.T.);
#3488=EDGE_CURVE('',#2780,#2782,#172,.T.);
#3489=EDGE_CURVE('',#2783,#2781,#173,.T.);
#3490=EDGE_CURVE('',#2782,#2783,#1630,.T.);
#3491=EDGE_CURVE('',#2782,#2784,#174,.T.);
#3492=EDGE_CURVE('',#2785,#2783,#175,.T.);
#3493=EDGE_CURVE('',#2784,#2785,#1631,.T.);
#3494=EDGE_CURVE('',#2784,#2786,#176,.T.);
#3495=EDGE_CURVE('',#2787,#2785,#177,.T.);
#3496=EDGE_CURVE('',#2786,#2787,#1632,.T.);
#3497=EDGE_CURVE('',#2786,#2788,#178,.T.);
#3498=EDGE_CURVE('',#2789,#2787,#179,.T.);
#3499=EDGE_CURVE('',#2788,#2789,#1633,.T.);
#3500=EDGE_CURVE('',#2788,#2790,#180,.T.);
#3501=EDGE_CURVE('',#2791,#2789,#181,.T.);
#3502=EDGE_CURVE('',#2790,#2791,#1634,.T.);
#3503=EDGE_CURVE('',#2790,#2792,#182,.T.);
#3504=EDGE_CURVE('',#2793,#2791,#183,.T.);
#3505=EDGE_CURVE('',#2792,#2793,#1635,.T.);
#3506=EDGE_CURVE('',#2792,#2794,#184,.T.);
#3507=EDGE_CURVE('',#2795,#2793,#185,.T.);
#3508=EDGE_CURVE('',#2794,#2795,#1636,.T.);
#3509=EDGE_CURVE('',#2794,#2796,#1637,.T.);
#3510=EDGE_CURVE('',#2797,#2795,#1638,.T.);
#3511=EDGE_CURVE('',#2796,#2797,#1639,.T.);
#3512=EDGE_CURVE('',#2796,#2798,#186,.T.);
#3513=EDGE_CURVE('',#2799,#2797,#187,.T.);
#3514=EDGE_CURVE('',#2798,#2799,#1640,.T.);
#3515=EDGE_CURVE('',#2798,#2800,#188,.T.);
#3516=EDGE_CURVE('',#2801,#2799,#189,.T.);
#3517=EDGE_CURVE('',#2800,#2801,#1641,.T.);
#3518=EDGE_CURVE('',#2800,#2802,#190,.T.);
#3519=EDGE_CURVE('',#2803,#2801,#191,.T.);
#3520=EDGE_CURVE('',#2802,#2803,#1642,.T.);
#3521=EDGE_CURVE('',#2802,#2804,#192,.T.);
#3522=EDGE_CURVE('',#2805,#2803,#193,.T.);
#3523=EDGE_CURVE('',#2804,#2805,#1643,.T.);
#3524=EDGE_CURVE('',#2804,#2806,#194,.T.);
#3525=EDGE_CURVE('',#2807,#2805,#195,.T.);
#3526=EDGE_CURVE('',#2806,#2807,#1644,.T.);
#3527=EDGE_CURVE('',#2806,#2808,#196,.T.);
#3528=EDGE_CURVE('',#2809,#2807,#197,.T.);
#3529=EDGE_CURVE('',#2808,#2809,#1645,.T.);
#3530=EDGE_CURVE('',#2808,#2810,#198,.T.);
#3531=EDGE_CURVE('',#2811,#2809,#199,.T.);
#3532=EDGE_CURVE('',#2810,#2811,#1646,.T.);
#3533=EDGE_CURVE('',#2810,#2812,#1647,.T.);
#3534=EDGE_CURVE('',#2813,#2811,#1648,.T.);
#3535=EDGE_CURVE('',#2812,#2813,#1649,.T.);
#3536=EDGE_CURVE('',#2812,#2814,#200,.T.);
#3537=EDGE_CURVE('',#2815,#2813,#201,.T.);
#3538=EDGE_CURVE('',#2814,#2815,#1650,.T.);
#3539=EDGE_CURVE('',#2814,#2816,#202,.T.);
#3540=EDGE_CURVE('',#2817,#2815,#203,.T.);
#3541=EDGE_CURVE('',#2816,#2817,#1651,.T.);
#3542=EDGE_CURVE('',#2816,#2818,#1652,.T.);
#3543=EDGE_CURVE('',#2819,#2817,#1653,.T.);
#3544=EDGE_CURVE('',#2818,#2819,#1654,.T.);
#3545=EDGE_CURVE('',#2818,#2766,#204,.T.);
#3546=EDGE_CURVE('',#2768,#2819,#205,.T.);
#3547=EDGE_CURVE('',#2820,#2821,#1655,.T.);
#3548=EDGE_CURVE('',#2820,#2822,#1656,.T.);
#3549=EDGE_CURVE('',#2823,#2822,#1657,.T.);
#3550=EDGE_CURVE('',#2821,#2823,#1658,.T.);
#3551=EDGE_CURVE('',#2821,#2824,#206,.T.);
#3552=EDGE_CURVE('',#2825,#2823,#207,.T.);
#3553=EDGE_CURVE('',#2824,#2825,#1659,.T.);
#3554=EDGE_CURVE('',#2824,#2826,#208,.T.);
#3555=EDGE_CURVE('',#2827,#2825,#209,.T.);
#3556=EDGE_CURVE('',#2826,#2827,#1660,.T.);
#3557=EDGE_CURVE('',#2826,#2828,#210,.T.);
#3558=EDGE_CURVE('',#2829,#2827,#211,.T.);
#3559=EDGE_CURVE('',#2828,#2829,#1661,.T.);
#3560=EDGE_CURVE('',#2828,#2820,#212,.T.);
#3561=EDGE_CURVE('',#2822,#2829,#213,.T.);
#3562=EDGE_CURVE('',#2830,#2831,#1662,.T.);
#3563=EDGE_CURVE('',#2830,#2832,#1663,.T.);
#3564=EDGE_CURVE('',#2833,#2832,#1664,.T.);
#3565=EDGE_CURVE('',#2831,#2833,#1665,.T.);
#3566=EDGE_CURVE('',#2831,#2834,#214,.T.);
#3567=EDGE_CURVE('',#2835,#2833,#215,.T.);
#3568=EDGE_CURVE('',#2834,#2835,#1666,.T.);
#3569=EDGE_CURVE('',#2834,#2836,#216,.T.);
#3570=EDGE_CURVE('',#2837,#2835,#217,.T.);
#3571=EDGE_CURVE('',#2836,#2837,#1667,.T.);
#3572=EDGE_CURVE('',#2836,#2838,#218,.T.);
#3573=EDGE_CURVE('',#2839,#2837,#219,.T.);
#3574=EDGE_CURVE('',#2838,#2839,#1668,.T.);
#3575=EDGE_CURVE('',#2838,#2840,#220,.T.);
#3576=EDGE_CURVE('',#2841,#2839,#221,.T.);
#3577=EDGE_CURVE('',#2840,#2841,#1669,.T.);
#3578=EDGE_CURVE('',#2840,#2842,#222,.T.);
#3579=EDGE_CURVE('',#2843,#2841,#223,.T.);
#3580=EDGE_CURVE('',#2842,#2843,#1670,.T.);
#3581=EDGE_CURVE('',#2842,#2844,#224,.T.);
#3582=EDGE_CURVE('',#2845,#2843,#225,.T.);
#3583=EDGE_CURVE('',#2844,#2845,#1671,.T.);
#3584=EDGE_CURVE('',#2844,#2846,#226,.T.);
#3585=EDGE_CURVE('',#2847,#2845,#227,.T.);
#3586=EDGE_CURVE('',#2846,#2847,#1672,.T.);
#3587=EDGE_CURVE('',#2846,#2848,#228,.T.);
#3588=EDGE_CURVE('',#2849,#2847,#229,.T.);
#3589=EDGE_CURVE('',#2848,#2849,#1673,.T.);
#3590=EDGE_CURVE('',#2848,#2850,#230,.T.);
#3591=EDGE_CURVE('',#2851,#2849,#231,.T.);
#3592=EDGE_CURVE('',#2850,#2851,#1674,.T.);
#3593=EDGE_CURVE('',#2850,#2852,#1675,.T.);
#3594=EDGE_CURVE('',#2853,#2851,#1676,.T.);
#3595=EDGE_CURVE('',#2852,#2853,#1677,.T.);
#3596=EDGE_CURVE('',#2852,#2854,#232,.T.);
#3597=EDGE_CURVE('',#2855,#2853,#233,.T.);
#3598=EDGE_CURVE('',#2854,#2855,#1678,.T.);
#3599=EDGE_CURVE('',#2854,#2856,#234,.T.);
#3600=EDGE_CURVE('',#2857,#2855,#235,.T.);
#3601=EDGE_CURVE('',#2856,#2857,#1679,.T.);
#3602=EDGE_CURVE('',#2856,#2858,#236,.T.);
#3603=EDGE_CURVE('',#2859,#2857,#237,.T.);
#3604=EDGE_CURVE('',#2858,#2859,#1680,.T.);
#3605=EDGE_CURVE('',#2858,#2830,#238,.T.);
#3606=EDGE_CURVE('',#2832,#2859,#239,.T.);
#3607=EDGE_CURVE('',#2860,#2861,#1681,.T.);
#3608=EDGE_CURVE('',#2860,#2862,#1682,.T.);
#3609=EDGE_CURVE('',#2863,#2862,#1683,.T.);
#3610=EDGE_CURVE('',#2861,#2863,#1684,.T.);
#3611=EDGE_CURVE('',#2861,#2864,#1685,.T.);
#3612=EDGE_CURVE('',#2865,#2863,#1686,.T.);
#3613=EDGE_CURVE('',#2864,#2865,#1687,.T.);
#3614=EDGE_CURVE('',#2864,#2866,#1688,.T.);
#3615=EDGE_CURVE('',#2867,#2865,#1689,.T.);
#3616=EDGE_CURVE('',#2866,#2867,#1690,.T.);
#3617=EDGE_CURVE('',#2866,#2868,#1691,.T.);
#3618=EDGE_CURVE('',#2869,#2867,#1692,.T.);
#3619=EDGE_CURVE('',#2868,#2869,#1693,.T.);
#3620=EDGE_CURVE('',#2868,#2870,#1694,.T.);
#3621=EDGE_CURVE('',#2871,#2869,#1695,.T.);
#3622=EDGE_CURVE('',#2870,#2871,#1696,.T.);
#3623=EDGE_CURVE('',#2870,#2860,#1697,.T.);
#3624=EDGE_CURVE('',#2862,#2871,#1698,.T.);
#3625=EDGE_CURVE('',#2872,#2873,#1699,.T.);
#3626=EDGE_CURVE('',#2872,#2874,#1700,.T.);
#3627=EDGE_CURVE('',#2875,#2874,#1701,.T.);
#3628=EDGE_CURVE('',#2873,#2875,#1702,.T.);
#3629=EDGE_CURVE('',#2873,#2876,#1703,.T.);
#3630=EDGE_CURVE('',#2877,#2875,#1704,.T.);
#3631=EDGE_CURVE('',#2876,#2877,#1705,.T.);
#3632=EDGE_CURVE('',#2876,#2878,#1706,.T.);
#3633=EDGE_CURVE('',#2879,#2877,#1707,.T.);
#3634=EDGE_CURVE('',#2878,#2879,#1708,.T.);
#3635=EDGE_CURVE('',#2878,#2872,#1709,.T.);
#3636=EDGE_CURVE('',#2874,#2879,#1710,.T.);
#3637=EDGE_CURVE('',#2880,#2881,#1711,.T.);
#3638=EDGE_CURVE('',#2880,#2882,#1712,.T.);
#3639=EDGE_CURVE('',#2883,#2882,#1713,.T.);
#3640=EDGE_CURVE('',#2881,#2883,#1714,.T.);
#3641=EDGE_CURVE('',#2881,#2884,#1715,.T.);
#3642=EDGE_CURVE('',#2885,#2883,#1716,.T.);
#3643=EDGE_CURVE('',#2884,#2885,#1717,.T.);
#3644=EDGE_CURVE('',#2884,#2886,#1718,.T.);
#3645=EDGE_CURVE('',#2887,#2885,#1719,.T.);
#3646=EDGE_CURVE('',#2886,#2887,#1720,.T.);
#3647=EDGE_CURVE('',#2886,#2888,#1721,.T.);
#3648=EDGE_CURVE('',#2889,#2887,#1722,.T.);
#3649=EDGE_CURVE('',#2888,#2889,#1723,.T.);
#3650=EDGE_CURVE('',#2888,#2890,#1724,.T.);
#3651=EDGE_CURVE('',#2891,#2889,#1725,.T.);
#3652=EDGE_CURVE('',#2890,#2891,#1726,.T.);
#3653=EDGE_CURVE('',#2890,#2892,#1727,.T.);
#3654=EDGE_CURVE('',#2893,#2891,#1728,.T.);
#3655=EDGE_CURVE('',#2892,#2893,#1729,.T.);
#3656=EDGE_CURVE('',#2892,#2894,#1730,.T.);
#3657=EDGE_CURVE('',#2895,#2893,#1731,.T.);
#3658=EDGE_CURVE('',#2894,#2895,#1732,.T.);
#3659=EDGE_CURVE('',#2894,#2896,#1733,.T.);
#3660=EDGE_CURVE('',#2897,#2895,#1734,.T.);
#3661=EDGE_CURVE('',#2896,#2897,#1735,.T.);
#3662=EDGE_CURVE('',#2896,#2898,#1736,.T.);
#3663=EDGE_CURVE('',#2899,#2897,#1737,.T.);
#3664=EDGE_CURVE('',#2898,#2899,#1738,.T.);
#3665=EDGE_CURVE('',#2898,#2900,#1739,.T.);
#3666=EDGE_CURVE('',#2901,#2899,#1740,.T.);
#3667=EDGE_CURVE('',#2900,#2901,#1741,.T.);
#3668=EDGE_CURVE('',#2900,#2902,#1742,.T.);
#3669=EDGE_CURVE('',#2903,#2901,#1743,.T.);
#3670=EDGE_CURVE('',#2902,#2903,#1744,.T.);
#3671=EDGE_CURVE('',#2902,#2880,#1745,.T.);
#3672=EDGE_CURVE('',#2882,#2903,#1746,.T.);
#3673=EDGE_CURVE('',#2904,#2905,#240,.T.);
#3674=EDGE_CURVE('',#2904,#2906,#1747,.T.);
#3675=EDGE_CURVE('',#2907,#2906,#241,.T.);
#3676=EDGE_CURVE('',#2905,#2907,#1748,.T.);
#3677=EDGE_CURVE('',#2905,#2908,#242,.T.);
#3678=EDGE_CURVE('',#2909,#2907,#243,.T.);
#3679=EDGE_CURVE('',#2908,#2909,#1749,.T.);
#3680=EDGE_CURVE('',#2908,#2910,#244,.T.);
#3681=EDGE_CURVE('',#2911,#2909,#245,.T.);
#3682=EDGE_CURVE('',#2910,#2911,#1750,.T.);
#3683=EDGE_CURVE('',#2910,#2912,#246,.T.);
#3684=EDGE_CURVE('',#2913,#2911,#247,.T.);
#3685=EDGE_CURVE('',#2912,#2913,#1751,.T.);
#3686=EDGE_CURVE('',#2912,#2914,#248,.T.);
#3687=EDGE_CURVE('',#2915,#2913,#249,.T.);
#3688=EDGE_CURVE('',#2914,#2915,#1752,.T.);
#3689=EDGE_CURVE('',#2914,#2916,#250,.T.);
#3690=EDGE_CURVE('',#2917,#2915,#251,.T.);
#3691=EDGE_CURVE('',#2916,#2917,#1753,.T.);
#3692=EDGE_CURVE('',#2916,#2918,#252,.T.);
#3693=EDGE_CURVE('',#2919,#2917,#253,.T.);
#3694=EDGE_CURVE('',#2918,#2919,#1754,.T.);
#3695=EDGE_CURVE('',#2918,#2904,#254,.T.);
#3696=EDGE_CURVE('',#2906,#2919,#255,.T.);
#3697=EDGE_CURVE('',#2920,#2921,#1755,.T.);
#3698=EDGE_CURVE('',#2920,#2922,#1756,.T.);
#3699=EDGE_CURVE('',#2923,#2922,#1757,.T.);
#3700=EDGE_CURVE('',#2921,#2923,#1758,.T.);
#3701=EDGE_CURVE('',#2921,#2924,#256,.T.);
#3702=EDGE_CURVE('',#2925,#2923,#257,.T.);
#3703=EDGE_CURVE('',#2924,#2925,#1759,.T.);
#3704=EDGE_CURVE('',#2924,#2926,#258,.T.);
#3705=EDGE_CURVE('',#2927,#2925,#259,.T.);
#3706=EDGE_CURVE('',#2926,#2927,#1760,.T.);
#3707=EDGE_CURVE('',#2926,#2928,#260,.T.);
#3708=EDGE_CURVE('',#2929,#2927,#261,.T.);
#3709=EDGE_CURVE('',#2928,#2929,#1761,.T.);
#3710=EDGE_CURVE('',#2928,#2930,#262,.T.);
#3711=EDGE_CURVE('',#2931,#2929,#263,.T.);
#3712=EDGE_CURVE('',#2930,#2931,#1762,.T.);
#3713=EDGE_CURVE('',#2930,#2932,#264,.T.);
#3714=EDGE_CURVE('',#2933,#2931,#265,.T.);
#3715=EDGE_CURVE('',#2932,#2933,#1763,.T.);
#3716=EDGE_CURVE('',#2932,#2934,#266,.T.);
#3717=EDGE_CURVE('',#2935,#2933,#267,.T.);
#3718=EDGE_CURVE('',#2934,#2935,#1764,.T.);
#3719=EDGE_CURVE('',#2934,#2936,#268,.T.);
#3720=EDGE_CURVE('',#2937,#2935,#269,.T.);
#3721=EDGE_CURVE('',#2936,#2937,#1765,.T.);
#3722=EDGE_CURVE('',#2936,#2938,#270,.T.);
#3723=EDGE_CURVE('',#2939,#2937,#271,.T.);
#3724=EDGE_CURVE('',#2938,#2939,#1766,.T.);
#3725=EDGE_CURVE('',#2938,#2940,#272,.T.);
#3726=EDGE_CURVE('',#2941,#2939,#273,.T.);
#3727=EDGE_CURVE('',#2940,#2941,#1767,.T.);
#3728=EDGE_CURVE('',#2940,#2942,#274,.T.);
#3729=EDGE_CURVE('',#2943,#2941,#275,.T.);
#3730=EDGE_CURVE('',#2942,#2943,#1768,.T.);
#3731=EDGE_CURVE('',#2942,#2944,#276,.T.);
#3732=EDGE_CURVE('',#2945,#2943,#277,.T.);
#3733=EDGE_CURVE('',#2944,#2945,#1769,.T.);
#3734=EDGE_CURVE('',#2944,#2946,#278,.T.);
#3735=EDGE_CURVE('',#2947,#2945,#279,.T.);
#3736=EDGE_CURVE('',#2946,#2947,#1770,.T.);
#3737=EDGE_CURVE('',#2946,#2948,#1771,.T.);
#3738=EDGE_CURVE('',#2949,#2947,#1772,.T.);
#3739=EDGE_CURVE('',#2948,#2949,#1773,.T.);
#3740=EDGE_CURVE('',#2948,#2950,#1774,.T.);
#3741=EDGE_CURVE('',#2951,#2949,#1775,.T.);
#3742=EDGE_CURVE('',#2950,#2951,#1776,.T.);
#3743=EDGE_CURVE('',#2950,#2952,#1777,.T.);
#3744=EDGE_CURVE('',#2953,#2951,#1778,.T.);
#3745=EDGE_CURVE('',#2952,#2953,#1779,.T.);
#3746=EDGE_CURVE('',#2952,#2954,#280,.T.);
#3747=EDGE_CURVE('',#2955,#2953,#281,.T.);
#3748=EDGE_CURVE('',#2954,#2955,#1780,.T.);
#3749=EDGE_CURVE('',#2954,#2956,#282,.T.);
#3750=EDGE_CURVE('',#2957,#2955,#283,.T.);
#3751=EDGE_CURVE('',#2956,#2957,#1781,.T.);
#3752=EDGE_CURVE('',#2956,#2958,#284,.T.);
#3753=EDGE_CURVE('',#2959,#2957,#285,.T.);
#3754=EDGE_CURVE('',#2958,#2959,#1782,.T.);
#3755=EDGE_CURVE('',#2958,#2960,#286,.T.);
#3756=EDGE_CURVE('',#2961,#2959,#287,.T.);
#3757=EDGE_CURVE('',#2960,#2961,#1783,.T.);
#3758=EDGE_CURVE('',#2960,#2920,#288,.T.);
#3759=EDGE_CURVE('',#2922,#2961,#289,.T.);
#3760=EDGE_CURVE('',#2962,#2963,#290,.T.);
#3761=EDGE_CURVE('',#2962,#2964,#1784,.T.);
#3762=EDGE_CURVE('',#2965,#2964,#291,.T.);
#3763=EDGE_CURVE('',#2963,#2965,#1785,.T.);
#3764=EDGE_CURVE('',#2963,#2966,#292,.T.);
#3765=EDGE_CURVE('',#2967,#2965,#293,.T.);
#3766=EDGE_CURVE('',#2966,#2967,#1786,.T.);
#3767=EDGE_CURVE('',#2966,#2968,#294,.T.);
#3768=EDGE_CURVE('',#2969,#2967,#295,.T.);
#3769=EDGE_CURVE('',#2968,#2969,#1787,.T.);
#3770=EDGE_CURVE('',#2968,#2970,#296,.T.);
#3771=EDGE_CURVE('',#2971,#2969,#297,.T.);
#3772=EDGE_CURVE('',#2970,#2971,#1788,.T.);
#3773=EDGE_CURVE('',#2970,#2972,#298,.T.);
#3774=EDGE_CURVE('',#2973,#2971,#299,.T.);
#3775=EDGE_CURVE('',#2972,#2973,#1789,.T.);
#3776=EDGE_CURVE('',#2972,#2974,#300,.T.);
#3777=EDGE_CURVE('',#2975,#2973,#301,.T.);
#3778=EDGE_CURVE('',#2974,#2975,#1790,.T.);
#3779=EDGE_CURVE('',#2974,#2976,#302,.T.);
#3780=EDGE_CURVE('',#2977,#2975,#303,.T.);
#3781=EDGE_CURVE('',#2976,#2977,#1791,.T.);
#3782=EDGE_CURVE('',#2976,#2978,#304,.T.);
#3783=EDGE_CURVE('',#2979,#2977,#305,.T.);
#3784=EDGE_CURVE('',#2978,#2979,#1792,.T.);
#3785=EDGE_CURVE('',#2978,#2980,#306,.T.);
#3786=EDGE_CURVE('',#2981,#2979,#307,.T.);
#3787=EDGE_CURVE('',#2980,#2981,#1793,.T.);
#3788=EDGE_CURVE('',#2980,#2962,#1794,.T.);
#3789=EDGE_CURVE('',#2964,#2981,#1795,.T.);
#3790=EDGE_CURVE('',#2982,#2983,#308,.T.);
#3791=EDGE_CURVE('',#2982,#2984,#1796,.T.);
#3792=EDGE_CURVE('',#2985,#2984,#309,.T.);
#3793=EDGE_CURVE('',#2983,#2985,#1797,.T.);
#3794=EDGE_CURVE('',#2983,#2986,#310,.T.);
#3795=EDGE_CURVE('',#2987,#2985,#311,.T.);
#3796=EDGE_CURVE('',#2986,#2987,#1798,.T.);
#3797=EDGE_CURVE('',#2986,#2988,#312,.T.);
#3798=EDGE_CURVE('',#2989,#2987,#313,.T.);
#3799=EDGE_CURVE('',#2988,#2989,#1799,.T.);
#3800=EDGE_CURVE('',#2988,#2990,#314,.T.);
#3801=EDGE_CURVE('',#2991,#2989,#315,.T.);
#3802=EDGE_CURVE('',#2990,#2991,#1800,.T.);
#3803=EDGE_CURVE('',#2990,#2992,#316,.T.);
#3804=EDGE_CURVE('',#2993,#2991,#317,.T.);
#3805=EDGE_CURVE('',#2992,#2993,#1801,.T.);
#3806=EDGE_CURVE('',#2992,#2994,#318,.T.);
#3807=EDGE_CURVE('',#2995,#2993,#319,.T.);
#3808=EDGE_CURVE('',#2994,#2995,#1802,.T.);
#3809=EDGE_CURVE('',#2994,#2996,#320,.T.);
#3810=EDGE_CURVE('',#2997,#2995,#321,.T.);
#3811=EDGE_CURVE('',#2996,#2997,#1803,.T.);
#3812=EDGE_CURVE('',#2996,#2998,#322,.T.);
#3813=EDGE_CURVE('',#2999,#2997,#323,.T.);
#3814=EDGE_CURVE('',#2998,#2999,#1804,.T.);
#3815=EDGE_CURVE('',#2998,#3000,#324,.T.);
#3816=EDGE_CURVE('',#3001,#2999,#325,.T.);
#3817=EDGE_CURVE('',#3000,#3001,#1805,.T.);
#3818=EDGE_CURVE('',#3000,#3002,#326,.T.);
#3819=EDGE_CURVE('',#3003,#3001,#327,.T.);
#3820=EDGE_CURVE('',#3002,#3003,#1806,.T.);
#3821=EDGE_CURVE('',#3002,#3004,#328,.T.);
#3822=EDGE_CURVE('',#3005,#3003,#329,.T.);
#3823=EDGE_CURVE('',#3004,#3005,#1807,.T.);
#3824=EDGE_CURVE('',#3004,#3006,#330,.T.);
#3825=EDGE_CURVE('',#3007,#3005,#331,.T.);
#3826=EDGE_CURVE('',#3006,#3007,#1808,.T.);
#3827=EDGE_CURVE('',#3006,#3008,#332,.T.);
#3828=EDGE_CURVE('',#3009,#3007,#333,.T.);
#3829=EDGE_CURVE('',#3008,#3009,#1809,.T.);
#3830=EDGE_CURVE('',#3008,#3010,#334,.T.);
#3831=EDGE_CURVE('',#3011,#3009,#335,.T.);
#3832=EDGE_CURVE('',#3010,#3011,#1810,.T.);
#3833=EDGE_CURVE('',#3010,#3012,#1811,.T.);
#3834=EDGE_CURVE('',#3013,#3011,#1812,.T.);
#3835=EDGE_CURVE('',#3012,#3013,#1813,.T.);
#3836=EDGE_CURVE('',#3012,#3014,#336,.T.);
#3837=EDGE_CURVE('',#3015,#3013,#337,.T.);
#3838=EDGE_CURVE('',#3014,#3015,#1814,.T.);
#3839=EDGE_CURVE('',#3014,#3016,#338,.T.);
#3840=EDGE_CURVE('',#3017,#3015,#339,.T.);
#3841=EDGE_CURVE('',#3016,#3017,#1815,.T.);
#3842=EDGE_CURVE('',#3016,#3018,#340,.T.);
#3843=EDGE_CURVE('',#3019,#3017,#341,.T.);
#3844=EDGE_CURVE('',#3018,#3019,#1816,.T.);
#3845=EDGE_CURVE('',#3018,#3020,#342,.T.);
#3846=EDGE_CURVE('',#3021,#3019,#343,.T.);
#3847=EDGE_CURVE('',#3020,#3021,#1817,.T.);
#3848=EDGE_CURVE('',#3020,#3022,#344,.T.);
#3849=EDGE_CURVE('',#3023,#3021,#345,.T.);
#3850=EDGE_CURVE('',#3022,#3023,#1818,.T.);
#3851=EDGE_CURVE('',#3022,#3024,#346,.T.);
#3852=EDGE_CURVE('',#3025,#3023,#347,.T.);
#3853=EDGE_CURVE('',#3024,#3025,#1819,.T.);
#3854=EDGE_CURVE('',#3024,#3026,#348,.T.);
#3855=EDGE_CURVE('',#3027,#3025,#349,.T.);
#3856=EDGE_CURVE('',#3026,#3027,#1820,.T.);
#3857=EDGE_CURVE('',#3026,#3028,#1821,.T.);
#3858=EDGE_CURVE('',#3029,#3027,#1822,.T.);
#3859=EDGE_CURVE('',#3028,#3029,#1823,.T.);
#3860=EDGE_CURVE('',#3028,#3030,#350,.T.);
#3861=EDGE_CURVE('',#3031,#3029,#351,.T.);
#3862=EDGE_CURVE('',#3030,#3031,#1824,.T.);
#3863=EDGE_CURVE('',#3030,#3032,#352,.T.);
#3864=EDGE_CURVE('',#3033,#3031,#353,.T.);
#3865=EDGE_CURVE('',#3032,#3033,#1825,.T.);
#3866=EDGE_CURVE('',#3032,#3034,#1826,.T.);
#3867=EDGE_CURVE('',#3035,#3033,#1827,.T.);
#3868=EDGE_CURVE('',#3034,#3035,#1828,.T.);
#3869=EDGE_CURVE('',#3034,#2982,#354,.T.);
#3870=EDGE_CURVE('',#2984,#3035,#355,.T.);
#3871=EDGE_CURVE('',#3036,#3037,#1829,.T.);
#3872=EDGE_CURVE('',#3036,#3038,#1830,.T.);
#3873=EDGE_CURVE('',#3039,#3038,#1831,.T.);
#3874=EDGE_CURVE('',#3037,#3039,#1832,.T.);
#3875=EDGE_CURVE('',#3037,#3040,#1833,.T.);
#3876=EDGE_CURVE('',#3041,#3039,#1834,.T.);
#3877=EDGE_CURVE('',#3040,#3041,#1835,.T.);
#3878=EDGE_CURVE('',#3040,#3042,#1836,.T.);
#3879=EDGE_CURVE('',#3043,#3041,#1837,.T.);
#3880=EDGE_CURVE('',#3042,#3043,#1838,.T.);
#3881=EDGE_CURVE('',#3042,#3044,#356,.T.);
#3882=EDGE_CURVE('',#3045,#3043,#357,.T.);
#3883=EDGE_CURVE('',#3044,#3045,#1839,.T.);
#3884=EDGE_CURVE('',#3044,#3046,#358,.T.);
#3885=EDGE_CURVE('',#3047,#3045,#359,.T.);
#3886=EDGE_CURVE('',#3046,#3047,#1840,.T.);
#3887=EDGE_CURVE('',#3046,#3048,#360,.T.);
#3888=EDGE_CURVE('',#3049,#3047,#361,.T.);
#3889=EDGE_CURVE('',#3048,#3049,#1841,.T.);
#3890=EDGE_CURVE('',#3048,#3050,#362,.T.);
#3891=EDGE_CURVE('',#3051,#3049,#363,.T.);
#3892=EDGE_CURVE('',#3050,#3051,#1842,.T.);
#3893=EDGE_CURVE('',#3050,#3052,#364,.T.);
#3894=EDGE_CURVE('',#3053,#3051,#365,.T.);
#3895=EDGE_CURVE('',#3052,#3053,#1843,.T.);
#3896=EDGE_CURVE('',#3052,#3054,#1844,.T.);
#3897=EDGE_CURVE('',#3055,#3053,#1845,.T.);
#3898=EDGE_CURVE('',#3054,#3055,#1846,.T.);
#3899=EDGE_CURVE('',#3054,#3056,#1847,.T.);
#3900=EDGE_CURVE('',#3057,#3055,#1848,.T.);
#3901=EDGE_CURVE('',#3056,#3057,#1849,.T.);
#3902=EDGE_CURVE('',#3056,#3058,#1850,.T.);
#3903=EDGE_CURVE('',#3059,#3057,#1851,.T.);
#3904=EDGE_CURVE('',#3058,#3059,#1852,.T.);
#3905=EDGE_CURVE('',#3058,#3060,#366,.T.);
#3906=EDGE_CURVE('',#3061,#3059,#367,.T.);
#3907=EDGE_CURVE('',#3060,#3061,#1853,.T.);
#3908=EDGE_CURVE('',#3060,#3062,#368,.T.);
#3909=EDGE_CURVE('',#3063,#3061,#369,.T.);
#3910=EDGE_CURVE('',#3062,#3063,#1854,.T.);
#3911=EDGE_CURVE('',#3062,#3064,#370,.T.);
#3912=EDGE_CURVE('',#3065,#3063,#371,.T.);
#3913=EDGE_CURVE('',#3064,#3065,#1855,.T.);
#3914=EDGE_CURVE('',#3064,#3066,#372,.T.);
#3915=EDGE_CURVE('',#3067,#3065,#373,.T.);
#3916=EDGE_CURVE('',#3066,#3067,#1856,.T.);
#3917=EDGE_CURVE('',#3066,#3068,#374,.T.);
#3918=EDGE_CURVE('',#3069,#3067,#375,.T.);
#3919=EDGE_CURVE('',#3068,#3069,#1857,.T.);
#3920=EDGE_CURVE('',#3068,#3070,#1858,.T.);
#3921=EDGE_CURVE('',#3071,#3069,#1859,.T.);
#3922=EDGE_CURVE('',#3070,#3071,#1860,.T.);
#3923=EDGE_CURVE('',#3070,#3036,#1861,.T.);
#3924=EDGE_CURVE('',#3038,#3071,#1862,.T.);
#3925=EDGE_CURVE('',#3072,#3073,#1863,.T.);
#3926=EDGE_CURVE('',#3072,#3074,#1864,.T.);
#3927=EDGE_CURVE('',#3075,#3074,#1865,.T.);
#3928=EDGE_CURVE('',#3073,#3075,#1866,.T.);
#3929=EDGE_CURVE('',#3073,#3076,#1867,.T.);
#3930=EDGE_CURVE('',#3077,#3075,#1868,.T.);
#3931=EDGE_CURVE('',#3076,#3077,#1869,.T.);
#3932=EDGE_CURVE('',#3076,#3078,#1870,.T.);
#3933=EDGE_CURVE('',#3079,#3077,#1871,.T.);
#3934=EDGE_CURVE('',#3078,#3079,#1872,.T.);
#3935=EDGE_CURVE('',#3078,#3072,#1873,.T.);
#3936=EDGE_CURVE('',#3074,#3079,#1874,.T.);
#3937=EDGE_CURVE('',#3080,#3081,#1875,.T.);
#3938=EDGE_CURVE('',#3080,#3082,#1876,.T.);
#3939=EDGE_CURVE('',#3083,#3082,#1877,.T.);
#3940=EDGE_CURVE('',#3081,#3083,#1878,.T.);
#3941=EDGE_CURVE('',#3081,#3084,#1879,.T.);
#3942=EDGE_CURVE('',#3085,#3083,#1880,.T.);
#3943=EDGE_CURVE('',#3084,#3085,#1881,.T.);
#3944=EDGE_CURVE('',#3084,#3086,#376,.T.);
#3945=EDGE_CURVE('',#3087,#3085,#377,.T.);
#3946=EDGE_CURVE('',#3086,#3087,#1882,.T.);
#3947=EDGE_CURVE('',#3086,#3088,#1883,.T.);
#3948=EDGE_CURVE('',#3089,#3087,#1884,.T.);
#3949=EDGE_CURVE('',#3088,#3089,#1885,.T.);
#3950=EDGE_CURVE('',#3088,#3090,#1886,.T.);
#3951=EDGE_CURVE('',#3091,#3089,#1887,.T.);
#3952=EDGE_CURVE('',#3090,#3091,#1888,.T.);
#3953=EDGE_CURVE('',#3090,#3092,#1889,.T.);
#3954=EDGE_CURVE('',#3093,#3091,#1890,.T.);
#3955=EDGE_CURVE('',#3092,#3093,#1891,.T.);
#3956=EDGE_CURVE('',#3092,#3094,#1892,.T.);
#3957=EDGE_CURVE('',#3095,#3093,#1893,.T.);
#3958=EDGE_CURVE('',#3094,#3095,#1894,.T.);
#3959=EDGE_CURVE('',#3094,#3096,#1895,.T.);
#3960=EDGE_CURVE('',#3097,#3095,#1896,.T.);
#3961=EDGE_CURVE('',#3096,#3097,#1897,.T.);
#3962=EDGE_CURVE('',#3096,#3098,#1898,.T.);
#3963=EDGE_CURVE('',#3099,#3097,#1899,.T.);
#3964=EDGE_CURVE('',#3098,#3099,#1900,.T.);
#3965=EDGE_CURVE('',#3098,#3100,#378,.T.);
#3966=EDGE_CURVE('',#3101,#3099,#379,.T.);
#3967=EDGE_CURVE('',#3100,#3101,#1901,.T.);
#3968=EDGE_CURVE('',#3100,#3102,#1902,.T.);
#3969=EDGE_CURVE('',#3103,#3101,#1903,.T.);
#3970=EDGE_CURVE('',#3102,#3103,#1904,.T.);
#3971=EDGE_CURVE('',#3102,#3104,#1905,.T.);
#3972=EDGE_CURVE('',#3105,#3103,#1906,.T.);
#3973=EDGE_CURVE('',#3104,#3105,#1907,.T.);
#3974=EDGE_CURVE('',#3104,#3080,#1908,.T.);
#3975=EDGE_CURVE('',#3082,#3105,#1909,.T.);
#3976=EDGE_CURVE('',#3106,#3107,#1910,.T.);
#3977=EDGE_CURVE('',#3106,#3108,#1911,.T.);
#3978=EDGE_CURVE('',#3109,#3108,#1912,.T.);
#3979=EDGE_CURVE('',#3107,#3109,#1913,.T.);
#3980=EDGE_CURVE('',#3107,#3110,#380,.T.);
#3981=EDGE_CURVE('',#3111,#3109,#381,.T.);
#3982=EDGE_CURVE('',#3110,#3111,#1914,.T.);
#3983=EDGE_CURVE('',#3110,#3112,#382,.T.);
#3984=EDGE_CURVE('',#3113,#3111,#383,.T.);
#3985=EDGE_CURVE('',#3112,#3113,#1915,.T.);
#3986=EDGE_CURVE('',#3112,#3114,#384,.T.);
#3987=EDGE_CURVE('',#3115,#3113,#385,.T.);
#3988=EDGE_CURVE('',#3114,#3115,#1916,.T.);
#3989=EDGE_CURVE('',#3114,#3116,#386,.T.);
#3990=EDGE_CURVE('',#3117,#3115,#387,.T.);
#3991=EDGE_CURVE('',#3116,#3117,#1917,.T.);
#3992=EDGE_CURVE('',#3116,#3118,#1918,.T.);
#3993=EDGE_CURVE('',#3119,#3117,#1919,.T.);
#3994=EDGE_CURVE('',#3118,#3119,#1920,.T.);
#3995=EDGE_CURVE('',#3118,#3120,#1921,.T.);
#3996=EDGE_CURVE('',#3121,#3119,#1922,.T.);
#3997=EDGE_CURVE('',#3120,#3121,#1923,.T.);
#3998=EDGE_CURVE('',#3120,#3122,#1924,.T.);
#3999=EDGE_CURVE('',#3123,#3121,#1925,.T.);
#4000=EDGE_CURVE('',#3122,#3123,#1926,.T.);
#4001=EDGE_CURVE('',#3122,#3124,#1927,.T.);
#4002=EDGE_CURVE('',#3125,#3123,#1928,.T.);
#4003=EDGE_CURVE('',#3124,#3125,#1929,.T.);
#4004=EDGE_CURVE('',#3124,#3126,#1930,.T.);
#4005=EDGE_CURVE('',#3127,#3125,#1931,.T.);
#4006=EDGE_CURVE('',#3126,#3127,#1932,.T.);
#4007=EDGE_CURVE('',#3126,#3128,#1933,.T.);
#4008=EDGE_CURVE('',#3129,#3127,#1934,.T.);
#4009=EDGE_CURVE('',#3128,#3129,#1935,.T.);
#4010=EDGE_CURVE('',#3128,#3130,#1936,.T.);
#4011=EDGE_CURVE('',#3131,#3129,#1937,.T.);
#4012=EDGE_CURVE('',#3130,#3131,#1938,.T.);
#4013=EDGE_CURVE('',#3130,#3132,#1939,.T.);
#4014=EDGE_CURVE('',#3133,#3131,#1940,.T.);
#4015=EDGE_CURVE('',#3132,#3133,#1941,.T.);
#4016=EDGE_CURVE('',#3132,#3134,#1942,.T.);
#4017=EDGE_CURVE('',#3135,#3133,#1943,.T.);
#4018=EDGE_CURVE('',#3134,#3135,#1944,.T.);
#4019=EDGE_CURVE('',#3134,#3136,#1945,.T.);
#4020=EDGE_CURVE('',#3137,#3135,#1946,.T.);
#4021=EDGE_CURVE('',#3136,#3137,#1947,.T.);
#4022=EDGE_CURVE('',#3136,#3138,#1948,.T.);
#4023=EDGE_CURVE('',#3139,#3137,#1949,.T.);
#4024=EDGE_CURVE('',#3138,#3139,#1950,.T.);
#4025=EDGE_CURVE('',#3138,#3140,#388,.T.);
#4026=EDGE_CURVE('',#3141,#3139,#389,.T.);
#4027=EDGE_CURVE('',#3140,#3141,#1951,.T.);
#4028=EDGE_CURVE('',#3140,#3142,#390,.T.);
#4029=EDGE_CURVE('',#3143,#3141,#391,.T.);
#4030=EDGE_CURVE('',#3142,#3143,#1952,.T.);
#4031=EDGE_CURVE('',#3142,#3144,#392,.T.);
#4032=EDGE_CURVE('',#3145,#3143,#393,.T.);
#4033=EDGE_CURVE('',#3144,#3145,#1953,.T.);
#4034=EDGE_CURVE('',#3144,#3106,#394,.T.);
#4035=EDGE_CURVE('',#3108,#3145,#395,.T.);
#4036=EDGE_CURVE('',#3146,#3147,#1954,.T.);
#4037=EDGE_CURVE('',#3146,#3148,#1955,.T.);
#4038=EDGE_CURVE('',#3149,#3148,#1956,.T.);
#4039=EDGE_CURVE('',#3147,#3149,#1957,.T.);
#4040=EDGE_CURVE('',#3147,#3150,#1958,.T.);
#4041=EDGE_CURVE('',#3151,#3149,#1959,.T.);
#4042=EDGE_CURVE('',#3150,#3151,#1960,.T.);
#4043=EDGE_CURVE('',#3150,#3152,#1961,.T.);
#4044=EDGE_CURVE('',#3153,#3151,#1962,.T.);
#4045=EDGE_CURVE('',#3152,#3153,#1963,.T.);
#4046=EDGE_CURVE('',#3152,#3146,#1964,.T.);
#4047=EDGE_CURVE('',#3148,#3153,#1965,.T.);
#4048=EDGE_CURVE('',#3154,#3155,#1966,.T.);
#4049=EDGE_CURVE('',#3154,#3156,#1967,.T.);
#4050=EDGE_CURVE('',#3157,#3156,#1968,.T.);
#4051=EDGE_CURVE('',#3155,#3157,#1969,.T.);
#4052=EDGE_CURVE('',#3155,#3158,#1970,.T.);
#4053=EDGE_CURVE('',#3159,#3157,#1971,.T.);
#4054=EDGE_CURVE('',#3158,#3159,#1972,.T.);
#4055=EDGE_CURVE('',#3158,#3160,#1973,.T.);
#4056=EDGE_CURVE('',#3161,#3159,#1974,.T.);
#4057=EDGE_CURVE('',#3160,#3161,#1975,.T.);
#4058=EDGE_CURVE('',#3160,#3162,#396,.T.);
#4059=EDGE_CURVE('',#3163,#3161,#397,.T.);
#4060=EDGE_CURVE('',#3162,#3163,#1976,.T.);
#4061=EDGE_CURVE('',#3162,#3164,#398,.T.);
#4062=EDGE_CURVE('',#3165,#3163,#399,.T.);
#4063=EDGE_CURVE('',#3164,#3165,#1977,.T.);
#4064=EDGE_CURVE('',#3164,#3166,#400,.T.);
#4065=EDGE_CURVE('',#3167,#3165,#401,.T.);
#4066=EDGE_CURVE('',#3166,#3167,#1978,.T.);
#4067=EDGE_CURVE('',#3166,#3168,#1979,.T.);
#4068=EDGE_CURVE('',#3169,#3167,#1980,.T.);
#4069=EDGE_CURVE('',#3168,#3169,#1981,.T.);
#4070=EDGE_CURVE('',#3168,#3170,#402,.T.);
#4071=EDGE_CURVE('',#3171,#3169,#403,.T.);
#4072=EDGE_CURVE('',#3170,#3171,#1982,.T.);
#4073=EDGE_CURVE('',#3170,#3172,#404,.T.);
#4074=EDGE_CURVE('',#3173,#3171,#405,.T.);
#4075=EDGE_CURVE('',#3172,#3173,#1983,.T.);
#4076=EDGE_CURVE('',#3172,#3174,#406,.T.);
#4077=EDGE_CURVE('',#3175,#3173,#407,.T.);
#4078=EDGE_CURVE('',#3174,#3175,#1984,.T.);
#4079=EDGE_CURVE('',#3174,#3176,#408,.T.);
#4080=EDGE_CURVE('',#3177,#3175,#409,.T.);
#4081=EDGE_CURVE('',#3176,#3177,#1985,.T.);
#4082=EDGE_CURVE('',#3176,#3178,#1986,.T.);
#4083=EDGE_CURVE('',#3179,#3177,#1987,.T.);
#4084=EDGE_CURVE('',#3178,#3179,#1988,.T.);
#4085=EDGE_CURVE('',#3178,#3154,#1989,.T.);
#4086=EDGE_CURVE('',#3156,#3179,#1990,.T.);
#4087=EDGE_CURVE('',#3180,#3181,#1991,.T.);
#4088=EDGE_CURVE('',#3180,#3182,#1992,.T.);
#4089=EDGE_CURVE('',#3183,#3182,#1993,.T.);
#4090=EDGE_CURVE('',#3181,#3183,#1994,.T.);
#4091=EDGE_CURVE('',#3181,#3184,#410,.T.);
#4092=EDGE_CURVE('',#3185,#3183,#411,.T.);
#4093=EDGE_CURVE('',#3184,#3185,#1995,.T.);
#4094=EDGE_CURVE('',#3184,#3186,#412,.T.);
#4095=EDGE_CURVE('',#3187,#3185,#413,.T.);
#4096=EDGE_CURVE('',#3186,#3187,#1996,.T.);
#4097=EDGE_CURVE('',#3186,#3188,#414,.T.);
#4098=EDGE_CURVE('',#3189,#3187,#415,.T.);
#4099=EDGE_CURVE('',#3188,#3189,#1997,.T.);
#4100=EDGE_CURVE('',#3188,#3180,#416,.T.);
#4101=EDGE_CURVE('',#3182,#3189,#417,.T.);
#4102=EDGE_CURVE('',#3190,#3191,#1998,.T.);
#4103=EDGE_CURVE('',#3190,#3192,#1999,.T.);
#4104=EDGE_CURVE('',#3193,#3192,#2000,.T.);
#4105=EDGE_CURVE('',#3191,#3193,#2001,.T.);
#4106=EDGE_CURVE('',#3191,#3194,#418,.T.);
#4107=EDGE_CURVE('',#3195,#3193,#419,.T.);
#4108=EDGE_CURVE('',#3194,#3195,#2002,.T.);
#4109=EDGE_CURVE('',#3194,#3196,#420,.T.);
#4110=EDGE_CURVE('',#3197,#3195,#421,.T.);
#4111=EDGE_CURVE('',#3196,#3197,#2003,.T.);
#4112=EDGE_CURVE('',#3196,#3198,#422,.T.);
#4113=EDGE_CURVE('',#3199,#3197,#423,.T.);
#4114=EDGE_CURVE('',#3198,#3199,#2004,.T.);
#4115=EDGE_CURVE('',#3198,#3200,#424,.T.);
#4116=EDGE_CURVE('',#3201,#3199,#425,.T.);
#4117=EDGE_CURVE('',#3200,#3201,#2005,.T.);
#4118=EDGE_CURVE('',#3200,#3202,#426,.T.);
#4119=EDGE_CURVE('',#3203,#3201,#427,.T.);
#4120=EDGE_CURVE('',#3202,#3203,#2006,.T.);
#4121=EDGE_CURVE('',#3202,#3204,#428,.T.);
#4122=EDGE_CURVE('',#3205,#3203,#429,.T.);
#4123=EDGE_CURVE('',#3204,#3205,#2007,.T.);
#4124=EDGE_CURVE('',#3204,#3206,#430,.T.);
#4125=EDGE_CURVE('',#3207,#3205,#431,.T.);
#4126=EDGE_CURVE('',#3206,#3207,#2008,.T.);
#4127=EDGE_CURVE('',#3206,#3208,#432,.T.);
#4128=EDGE_CURVE('',#3209,#3207,#433,.T.);
#4129=EDGE_CURVE('',#3208,#3209,#2009,.T.);
#4130=EDGE_CURVE('',#3208,#3210,#434,.T.);
#4131=EDGE_CURVE('',#3211,#3209,#435,.T.);
#4132=EDGE_CURVE('',#3210,#3211,#2010,.T.);
#4133=EDGE_CURVE('',#3210,#3212,#2011,.T.);
#4134=EDGE_CURVE('',#3213,#3211,#2012,.T.);
#4135=EDGE_CURVE('',#3212,#3213,#2013,.T.);
#4136=EDGE_CURVE('',#3212,#3214,#436,.T.);
#4137=EDGE_CURVE('',#3215,#3213,#437,.T.);
#4138=EDGE_CURVE('',#3214,#3215,#2014,.T.);
#4139=EDGE_CURVE('',#3214,#3216,#438,.T.);
#4140=EDGE_CURVE('',#3217,#3215,#439,.T.);
#4141=EDGE_CURVE('',#3216,#3217,#2015,.T.);
#4142=EDGE_CURVE('',#3216,#3218,#440,.T.);
#4143=EDGE_CURVE('',#3219,#3217,#441,.T.);
#4144=EDGE_CURVE('',#3218,#3219,#2016,.T.);
#4145=EDGE_CURVE('',#3218,#3190,#442,.T.);
#4146=EDGE_CURVE('',#3192,#3219,#443,.T.);
#4147=EDGE_CURVE('',#3220,#3220,#2602,.T.);
#4148=EDGE_CURVE('',#3220,#3221,#2017,.T.);
#4149=EDGE_CURVE('',#3221,#3221,#2603,.T.);
#4150=EDGE_CURVE('',#3222,#3222,#2604,.T.);
#4151=EDGE_CURVE('',#3222,#3223,#2018,.T.);
#4152=EDGE_CURVE('',#3223,#3223,#2605,.T.);
#4153=EDGE_CURVE('',#3224,#3224,#2606,.T.);
#4154=EDGE_CURVE('',#3225,#3225,#2607,.T.);
#4155=EDGE_CURVE('',#3226,#3226,#2608,.T.);
#4156=EDGE_CURVE('',#3227,#3227,#2609,.T.);
#4157=EDGE_CURVE('',#3228,#3228,#2610,.F.);
#4158=EDGE_CURVE('',#3229,#3229,#2611,.T.);
#4159=EDGE_CURVE('',#3230,#3231,#2612,.T.);
#4160=EDGE_CURVE('',#3231,#3230,#2613,.F.);
#4161=EDGE_CURVE('',#3232,#3233,#2019,.F.);
#4162=EDGE_CURVE('',#3233,#3234,#2614,.F.);
#4163=EDGE_CURVE('',#3234,#3232,#2020,.F.);
#4164=EDGE_CURVE('',#3235,#3236,#2615,.F.);
#4165=EDGE_CURVE('',#3236,#3237,#2021,.F.);
#4166=EDGE_CURVE('',#3237,#3235,#2022,.F.);
#4167=EDGE_CURVE('',#3238,#3239,#2616,.F.);
#4168=EDGE_CURVE('',#3239,#3240,#2023,.F.);
#4169=EDGE_CURVE('',#3240,#3238,#2024,.F.);
#4170=EDGE_CURVE('',#3241,#3242,#2617,.F.);
#4171=EDGE_CURVE('',#3242,#3243,#2025,.F.);
#4172=EDGE_CURVE('',#3243,#3244,#2026,.F.);
#4173=EDGE_CURVE('',#3244,#3245,#2618,.F.);
#4174=EDGE_CURVE('',#3245,#3241,#2619,.T.);
#4175=EDGE_CURVE('',#3246,#3246,#2620,.T.);
#4176=EDGE_CURVE('',#3247,#3247,#2621,.T.);
#4177=EDGE_CURVE('',#3247,#3248,#2027,.T.);
#4178=EDGE_CURVE('',#3248,#3248,#2622,.T.);
#4179=EDGE_CURVE('',#3249,#3250,#2623,.T.);
#4180=EDGE_CURVE('',#3231,#3250,#2028,.F.);
#4181=EDGE_CURVE('',#3249,#3230,#2029,.F.);
#4182=EDGE_CURVE('',#3241,#3251,#2030,.T.);
#4183=EDGE_CURVE('',#3251,#3252,#2624,.F.);
#4184=EDGE_CURVE('',#3252,#3242,#2031,.T.);
#4185=EDGE_CURVE('',#3253,#3245,#2032,.T.);
#4186=EDGE_CURVE('',#3254,#3244,#2033,.F.);
#4187=EDGE_CURVE('',#3254,#3253,#2625,.F.);
#4188=EDGE_CURVE('',#3253,#3251,#2626,.T.);
#4189=EDGE_CURVE('',#3255,#3256,#2034,.F.);
#4190=EDGE_CURVE('',#3256,#3233,#2035,.F.);
#4191=EDGE_CURVE('',#3255,#3232,#2036,.F.);
#4192=EDGE_CURVE('',#3252,#3257,#2037,.F.);
#4193=EDGE_CURVE('',#3257,#3243,#2038,.T.);
#4194=EDGE_CURVE('',#3250,#3249,#2627,.F.);
#4195=EDGE_CURVE('',#3257,#3254,#2039,.F.);
#4196=EDGE_CURVE('',#3258,#3255,#2040,.F.);
#4197=EDGE_CURVE('',#3258,#3234,#2041,.T.);
#4198=EDGE_CURVE('',#3256,#3258,#2628,.F.);
#4199=EDGE_CURVE('',#3259,#3260,#2042,.F.);
#4200=EDGE_CURVE('',#3260,#3238,#2043,.F.);
#4201=EDGE_CURVE('',#3259,#3240,#2044,.F.);
#4202=EDGE_CURVE('',#3261,#3259,#2045,.F.);
#4203=EDGE_CURVE('',#3261,#3239,#2046,.T.);
#4204=EDGE_CURVE('',#3260,#3261,#2629,.F.);
#4205=EDGE_CURVE('',#3262,#3263,#2047,.F.);
#4206=EDGE_CURVE('',#3263,#3235,#2048,.F.);
#4207=EDGE_CURVE('',#3262,#3237,#2049,.T.);
#4208=EDGE_CURVE('',#3264,#3262,#2050,.F.);
#4209=EDGE_CURVE('',#3264,#3236,#2051,.T.);
#4210=EDGE_CURVE('',#3263,#3264,#2630,.F.);
#4211=EDGE_CURVE('',#3228,#3265,#2052,.T.);
#4212=EDGE_CURVE('',#3265,#3265,#2631,.F.);
#4213=EDGE_CURVE('',#3225,#3266,#2053,.T.);
#4214=EDGE_CURVE('',#3266,#3266,#2632,.T.);
#4215=EDGE_CURVE('',#3267,#3267,#2633,.T.);
#4216=EDGE_CURVE('',#3267,#3229,#2054,.T.);
#4217=EDGE_CURVE('',#3224,#3227,#2055,.T.);
#4218=EDGE_CURVE('',#3226,#3246,#2056,.T.);
#4219=ORIENTED_EDGE('',*,*,#3268,.F.);
#4220=ORIENTED_EDGE('',*,*,#3269,.T.);
#4221=ORIENTED_EDGE('',*,*,#3270,.F.);
#4222=ORIENTED_EDGE('',*,*,#3269,.F.);
#4223=ORIENTED_EDGE('',*,*,#3271,.F.);
#4224=ORIENTED_EDGE('',*,*,#3272,.T.);
#4225=ORIENTED_EDGE('',*,*,#3273,.F.);
#4226=ORIENTED_EDGE('',*,*,#3272,.F.);
#4227=ORIENTED_EDGE('',*,*,#3274,.F.);
#4228=ORIENTED_EDGE('',*,*,#3275,.T.);
#4229=ORIENTED_EDGE('',*,*,#3276,.F.);
#4230=ORIENTED_EDGE('',*,*,#3275,.F.);
#4231=ORIENTED_EDGE('',*,*,#3277,.F.);
#4232=ORIENTED_EDGE('',*,*,#3278,.T.);
#4233=ORIENTED_EDGE('',*,*,#3279,.F.);
#4234=ORIENTED_EDGE('',*,*,#3278,.F.);
#4235=ORIENTED_EDGE('',*,*,#3280,.F.);
#4236=ORIENTED_EDGE('',*,*,#3281,.T.);
#4237=ORIENTED_EDGE('',*,*,#3282,.F.);
#4238=ORIENTED_EDGE('',*,*,#3281,.F.);
#4239=ORIENTED_EDGE('',*,*,#3283,.F.);
#4240=ORIENTED_EDGE('',*,*,#3284,.T.);
#4241=ORIENTED_EDGE('',*,*,#3285,.F.);
#4242=ORIENTED_EDGE('',*,*,#3284,.F.);
#4243=ORIENTED_EDGE('',*,*,#3286,.F.);
#4244=ORIENTED_EDGE('',*,*,#3287,.T.);
#4245=ORIENTED_EDGE('',*,*,#3288,.F.);
#4246=ORIENTED_EDGE('',*,*,#3287,.F.);
#4247=ORIENTED_EDGE('',*,*,#3289,.F.);
#4248=ORIENTED_EDGE('',*,*,#3290,.T.);
#4249=ORIENTED_EDGE('',*,*,#3291,.F.);
#4250=ORIENTED_EDGE('',*,*,#3292,.F.);
#4251=ORIENTED_EDGE('',*,*,#3293,.F.);
#4252=ORIENTED_EDGE('',*,*,#3292,.T.);
#4253=ORIENTED_EDGE('',*,*,#3294,.F.);
#4254=ORIENTED_EDGE('',*,*,#3295,.F.);
#4255=ORIENTED_EDGE('',*,*,#3296,.F.);
#4256=ORIENTED_EDGE('',*,*,#3295,.T.);
#4257=ORIENTED_EDGE('',*,*,#3297,.F.);
#4258=ORIENTED_EDGE('',*,*,#3298,.F.);
#4259=ORIENTED_EDGE('',*,*,#3299,.F.);
#4260=ORIENTED_EDGE('',*,*,#3298,.T.);
#4261=ORIENTED_EDGE('',*,*,#3300,.F.);
#4262=ORIENTED_EDGE('',*,*,#3301,.F.);
#4263=ORIENTED_EDGE('',*,*,#3302,.F.);
#4264=ORIENTED_EDGE('',*,*,#3301,.T.);
#4265=ORIENTED_EDGE('',*,*,#3303,.F.);
#4266=ORIENTED_EDGE('',*,*,#3304,.F.);
#4267=ORIENTED_EDGE('',*,*,#3305,.F.);
#4268=ORIENTED_EDGE('',*,*,#3304,.T.);
#4269=ORIENTED_EDGE('',*,*,#3306,.F.);
#4270=ORIENTED_EDGE('',*,*,#3307,.F.);
#4271=ORIENTED_EDGE('',*,*,#3308,.F.);
#4272=ORIENTED_EDGE('',*,*,#3307,.T.);
#4273=ORIENTED_EDGE('',*,*,#3309,.F.);
#4274=ORIENTED_EDGE('',*,*,#3310,.F.);
#4275=ORIENTED_EDGE('',*,*,#3311,.F.);
#4276=ORIENTED_EDGE('',*,*,#3310,.T.);
#4277=ORIENTED_EDGE('',*,*,#3312,.F.);
#4278=ORIENTED_EDGE('',*,*,#3290,.F.);
#4279=ORIENTED_EDGE('',*,*,#3313,.F.);
#4280=ORIENTED_EDGE('',*,*,#3314,.T.);
#4281=ORIENTED_EDGE('',*,*,#3315,.F.);
#4282=ORIENTED_EDGE('',*,*,#3316,.F.);
#4283=ORIENTED_EDGE('',*,*,#3317,.F.);
#4284=ORIENTED_EDGE('',*,*,#3316,.T.);
#4285=ORIENTED_EDGE('',*,*,#3318,.F.);
#4286=ORIENTED_EDGE('',*,*,#3319,.F.);
#4287=ORIENTED_EDGE('',*,*,#3320,.F.);
#4288=ORIENTED_EDGE('',*,*,#3319,.T.);
#4289=ORIENTED_EDGE('',*,*,#3321,.F.);
#4290=ORIENTED_EDGE('',*,*,#3322,.F.);
#4291=ORIENTED_EDGE('',*,*,#3323,.F.);
#4292=ORIENTED_EDGE('',*,*,#3322,.T.);
#4293=ORIENTED_EDGE('',*,*,#3324,.F.);
#4294=ORIENTED_EDGE('',*,*,#3325,.F.);
#4295=ORIENTED_EDGE('',*,*,#3326,.F.);
#4296=ORIENTED_EDGE('',*,*,#3325,.T.);
#4297=ORIENTED_EDGE('',*,*,#3327,.F.);
#4298=ORIENTED_EDGE('',*,*,#3328,.F.);
#4299=ORIENTED_EDGE('',*,*,#3329,.F.);
#4300=ORIENTED_EDGE('',*,*,#3328,.T.);
#4301=ORIENTED_EDGE('',*,*,#3330,.F.);
#4302=ORIENTED_EDGE('',*,*,#3331,.F.);
#4303=ORIENTED_EDGE('',*,*,#3332,.F.);
#4304=ORIENTED_EDGE('',*,*,#3331,.T.);
#4305=ORIENTED_EDGE('',*,*,#3333,.F.);
#4306=ORIENTED_EDGE('',*,*,#3334,.F.);
#4307=ORIENTED_EDGE('',*,*,#3335,.F.);
#4308=ORIENTED_EDGE('',*,*,#3334,.T.);
#4309=ORIENTED_EDGE('',*,*,#3336,.F.);
#4310=ORIENTED_EDGE('',*,*,#3337,.F.);
#4311=ORIENTED_EDGE('',*,*,#3338,.F.);
#4312=ORIENTED_EDGE('',*,*,#3337,.T.);
#4313=ORIENTED_EDGE('',*,*,#3339,.F.);
#4314=ORIENTED_EDGE('',*,*,#3340,.F.);
#4315=ORIENTED_EDGE('',*,*,#3341,.F.);
#4316=ORIENTED_EDGE('',*,*,#3340,.T.);
#4317=ORIENTED_EDGE('',*,*,#3342,.F.);
#4318=ORIENTED_EDGE('',*,*,#3343,.F.);
#4319=ORIENTED_EDGE('',*,*,#3344,.F.);
#4320=ORIENTED_EDGE('',*,*,#3343,.T.);
#4321=ORIENTED_EDGE('',*,*,#3345,.F.);
#4322=ORIENTED_EDGE('',*,*,#3314,.F.);
#4323=ORIENTED_EDGE('',*,*,#3345,.T.);
#4324=ORIENTED_EDGE('',*,*,#3342,.T.);
#4325=ORIENTED_EDGE('',*,*,#3339,.T.);
#4326=ORIENTED_EDGE('',*,*,#3336,.T.);
#4327=ORIENTED_EDGE('',*,*,#3333,.T.);
#4328=ORIENTED_EDGE('',*,*,#3330,.T.);
#4329=ORIENTED_EDGE('',*,*,#3327,.T.);
#4330=ORIENTED_EDGE('',*,*,#3324,.T.);
#4331=ORIENTED_EDGE('',*,*,#3321,.T.);
#4332=ORIENTED_EDGE('',*,*,#3318,.T.);
#4333=ORIENTED_EDGE('',*,*,#3315,.T.);
#4334=ORIENTED_EDGE('',*,*,#3312,.T.);
#4335=ORIENTED_EDGE('',*,*,#3309,.T.);
#4336=ORIENTED_EDGE('',*,*,#3306,.T.);
#4337=ORIENTED_EDGE('',*,*,#3303,.T.);
#4338=ORIENTED_EDGE('',*,*,#3300,.T.);
#4339=ORIENTED_EDGE('',*,*,#3297,.T.);
#4340=ORIENTED_EDGE('',*,*,#3294,.T.);
#4341=ORIENTED_EDGE('',*,*,#3291,.T.);
#4342=ORIENTED_EDGE('',*,*,#3289,.T.);
#4343=ORIENTED_EDGE('',*,*,#3293,.T.);
#4344=ORIENTED_EDGE('',*,*,#3296,.T.);
#4345=ORIENTED_EDGE('',*,*,#3299,.T.);
#4346=ORIENTED_EDGE('',*,*,#3302,.T.);
#4347=ORIENTED_EDGE('',*,*,#3305,.T.);
#4348=ORIENTED_EDGE('',*,*,#3308,.T.);
#4349=ORIENTED_EDGE('',*,*,#3311,.T.);
#4350=ORIENTED_EDGE('',*,*,#3346,.F.);
#4351=ORIENTED_EDGE('',*,*,#3347,.T.);
#4352=ORIENTED_EDGE('',*,*,#3348,.F.);
#4353=ORIENTED_EDGE('',*,*,#3349,.F.);
#4354=ORIENTED_EDGE('',*,*,#3350,.F.);
#4355=ORIENTED_EDGE('',*,*,#3349,.T.);
#4356=ORIENTED_EDGE('',*,*,#3351,.F.);
#4357=ORIENTED_EDGE('',*,*,#3352,.F.);
#4358=ORIENTED_EDGE('',*,*,#3353,.F.);
#4359=ORIENTED_EDGE('',*,*,#3352,.T.);
#4360=ORIENTED_EDGE('',*,*,#3354,.F.);
#4361=ORIENTED_EDGE('',*,*,#3355,.F.);
#4362=ORIENTED_EDGE('',*,*,#3356,.F.);
#4363=ORIENTED_EDGE('',*,*,#3355,.T.);
#4364=ORIENTED_EDGE('',*,*,#3357,.F.);
#4365=ORIENTED_EDGE('',*,*,#3358,.F.);
#4366=ORIENTED_EDGE('',*,*,#3359,.F.);
#4367=ORIENTED_EDGE('',*,*,#3358,.T.);
#4368=ORIENTED_EDGE('',*,*,#3360,.F.);
#4369=ORIENTED_EDGE('',*,*,#3361,.F.);
#4370=ORIENTED_EDGE('',*,*,#3362,.F.);
#4371=ORIENTED_EDGE('',*,*,#3361,.T.);
#4372=ORIENTED_EDGE('',*,*,#3363,.F.);
#4373=ORIENTED_EDGE('',*,*,#3364,.F.);
#4374=ORIENTED_EDGE('',*,*,#3365,.F.);
#4375=ORIENTED_EDGE('',*,*,#3364,.T.);
#4376=ORIENTED_EDGE('',*,*,#3366,.F.);
#4377=ORIENTED_EDGE('',*,*,#3367,.F.);
#4378=ORIENTED_EDGE('',*,*,#3368,.F.);
#4379=ORIENTED_EDGE('',*,*,#3367,.T.);
#4380=ORIENTED_EDGE('',*,*,#3369,.F.);
#4381=ORIENTED_EDGE('',*,*,#3370,.F.);
#4382=ORIENTED_EDGE('',*,*,#3371,.F.);
#4383=ORIENTED_EDGE('',*,*,#3370,.T.);
#4384=ORIENTED_EDGE('',*,*,#3372,.F.);
#4385=ORIENTED_EDGE('',*,*,#3373,.F.);
#4386=ORIENTED_EDGE('',*,*,#3374,.F.);
#4387=ORIENTED_EDGE('',*,*,#3373,.T.);
#4388=ORIENTED_EDGE('',*,*,#3375,.F.);
#4389=ORIENTED_EDGE('',*,*,#3376,.F.);
#4390=ORIENTED_EDGE('',*,*,#3377,.F.);
#4391=ORIENTED_EDGE('',*,*,#3376,.T.);
#4392=ORIENTED_EDGE('',*,*,#3378,.F.);
#4393=ORIENTED_EDGE('',*,*,#3379,.F.);
#4394=ORIENTED_EDGE('',*,*,#3380,.F.);
#4395=ORIENTED_EDGE('',*,*,#3379,.T.);
#4396=ORIENTED_EDGE('',*,*,#3381,.F.);
#4397=ORIENTED_EDGE('',*,*,#3382,.F.);
#4398=ORIENTED_EDGE('',*,*,#3383,.F.);
#4399=ORIENTED_EDGE('',*,*,#3382,.T.);
#4400=ORIENTED_EDGE('',*,*,#3384,.F.);
#4401=ORIENTED_EDGE('',*,*,#3347,.F.);
#4402=ORIENTED_EDGE('',*,*,#3384,.T.);
#4403=ORIENTED_EDGE('',*,*,#3381,.T.);
#4404=ORIENTED_EDGE('',*,*,#3378,.T.);
#4405=ORIENTED_EDGE('',*,*,#3375,.T.);
#4406=ORIENTED_EDGE('',*,*,#3372,.T.);
#4407=ORIENTED_EDGE('',*,*,#3369,.T.);
#4408=ORIENTED_EDGE('',*,*,#3366,.T.);
#4409=ORIENTED_EDGE('',*,*,#3363,.T.);
#4410=ORIENTED_EDGE('',*,*,#3360,.T.);
#4411=ORIENTED_EDGE('',*,*,#3357,.T.);
#4412=ORIENTED_EDGE('',*,*,#3354,.T.);
#4413=ORIENTED_EDGE('',*,*,#3351,.T.);
#4414=ORIENTED_EDGE('',*,*,#3348,.T.);
#4415=ORIENTED_EDGE('',*,*,#3385,.F.);
#4416=ORIENTED_EDGE('',*,*,#3386,.T.);
#4417=ORIENTED_EDGE('',*,*,#3387,.F.);
#4418=ORIENTED_EDGE('',*,*,#3388,.F.);
#4419=ORIENTED_EDGE('',*,*,#3389,.F.);
#4420=ORIENTED_EDGE('',*,*,#3388,.T.);
#4421=ORIENTED_EDGE('',*,*,#3390,.F.);
#4422=ORIENTED_EDGE('',*,*,#3391,.F.);
#4423=ORIENTED_EDGE('',*,*,#3392,.F.);
#4424=ORIENTED_EDGE('',*,*,#3391,.T.);
#4425=ORIENTED_EDGE('',*,*,#3393,.F.);
#4426=ORIENTED_EDGE('',*,*,#3394,.F.);
#4427=ORIENTED_EDGE('',*,*,#3395,.F.);
#4428=ORIENTED_EDGE('',*,*,#3394,.T.);
#4429=ORIENTED_EDGE('',*,*,#3396,.F.);
#4430=ORIENTED_EDGE('',*,*,#3397,.F.);
#4431=ORIENTED_EDGE('',*,*,#3398,.F.);
#4432=ORIENTED_EDGE('',*,*,#3397,.T.);
#4433=ORIENTED_EDGE('',*,*,#3399,.F.);
#4434=ORIENTED_EDGE('',*,*,#3400,.F.);
#4435=ORIENTED_EDGE('',*,*,#3401,.F.);
#4436=ORIENTED_EDGE('',*,*,#3400,.T.);
#4437=ORIENTED_EDGE('',*,*,#3402,.F.);
#4438=ORIENTED_EDGE('',*,*,#3403,.F.);
#4439=ORIENTED_EDGE('',*,*,#3404,.F.);
#4440=ORIENTED_EDGE('',*,*,#3403,.T.);
#4441=ORIENTED_EDGE('',*,*,#3405,.F.);
#4442=ORIENTED_EDGE('',*,*,#3406,.F.);
#4443=ORIENTED_EDGE('',*,*,#3407,.F.);
#4444=ORIENTED_EDGE('',*,*,#3406,.T.);
#4445=ORIENTED_EDGE('',*,*,#3408,.F.);
#4446=ORIENTED_EDGE('',*,*,#3386,.F.);
#4447=ORIENTED_EDGE('',*,*,#3409,.F.);
#4448=ORIENTED_EDGE('',*,*,#3410,.T.);
#4449=ORIENTED_EDGE('',*,*,#3411,.F.);
#4450=ORIENTED_EDGE('',*,*,#3412,.F.);
#4451=ORIENTED_EDGE('',*,*,#3413,.F.);
#4452=ORIENTED_EDGE('',*,*,#3412,.T.);
#4453=ORIENTED_EDGE('',*,*,#3414,.F.);
#4454=ORIENTED_EDGE('',*,*,#3415,.F.);
#4455=ORIENTED_EDGE('',*,*,#3416,.F.);
#4456=ORIENTED_EDGE('',*,*,#3415,.T.);
#4457=ORIENTED_EDGE('',*,*,#3417,.F.);
#4458=ORIENTED_EDGE('',*,*,#3418,.F.);
#4459=ORIENTED_EDGE('',*,*,#3419,.F.);
#4460=ORIENTED_EDGE('',*,*,#3418,.T.);
#4461=ORIENTED_EDGE('',*,*,#3420,.F.);
#4462=ORIENTED_EDGE('',*,*,#3421,.F.);
#4463=ORIENTED_EDGE('',*,*,#3422,.F.);
#4464=ORIENTED_EDGE('',*,*,#3421,.T.);
#4465=ORIENTED_EDGE('',*,*,#3423,.F.);
#4466=ORIENTED_EDGE('',*,*,#3424,.F.);
#4467=ORIENTED_EDGE('',*,*,#3425,.F.);
#4468=ORIENTED_EDGE('',*,*,#3424,.T.);
#4469=ORIENTED_EDGE('',*,*,#3426,.F.);
#4470=ORIENTED_EDGE('',*,*,#3427,.F.);
#4471=ORIENTED_EDGE('',*,*,#3428,.F.);
#4472=ORIENTED_EDGE('',*,*,#3427,.T.);
#4473=ORIENTED_EDGE('',*,*,#3429,.F.);
#4474=ORIENTED_EDGE('',*,*,#3430,.F.);
#4475=ORIENTED_EDGE('',*,*,#3431,.F.);
#4476=ORIENTED_EDGE('',*,*,#3430,.T.);
#4477=ORIENTED_EDGE('',*,*,#3432,.F.);
#4478=ORIENTED_EDGE('',*,*,#3433,.F.);
#4479=ORIENTED_EDGE('',*,*,#3434,.F.);
#4480=ORIENTED_EDGE('',*,*,#3433,.T.);
#4481=ORIENTED_EDGE('',*,*,#3435,.F.);
#4482=ORIENTED_EDGE('',*,*,#3410,.F.);
#4483=ORIENTED_EDGE('',*,*,#3435,.T.);
#4484=ORIENTED_EDGE('',*,*,#3432,.T.);
#4485=ORIENTED_EDGE('',*,*,#3429,.T.);
#4486=ORIENTED_EDGE('',*,*,#3426,.T.);
#4487=ORIENTED_EDGE('',*,*,#3423,.T.);
#4488=ORIENTED_EDGE('',*,*,#3420,.T.);
#4489=ORIENTED_EDGE('',*,*,#3417,.T.);
#4490=ORIENTED_EDGE('',*,*,#3414,.T.);
#4491=ORIENTED_EDGE('',*,*,#3411,.T.);
#4492=ORIENTED_EDGE('',*,*,#3408,.T.);
#4493=ORIENTED_EDGE('',*,*,#3405,.T.);
#4494=ORIENTED_EDGE('',*,*,#3402,.T.);
#4495=ORIENTED_EDGE('',*,*,#3399,.T.);
#4496=ORIENTED_EDGE('',*,*,#3396,.T.);
#4497=ORIENTED_EDGE('',*,*,#3393,.T.);
#4498=ORIENTED_EDGE('',*,*,#3390,.T.);
#4499=ORIENTED_EDGE('',*,*,#3387,.T.);
#4500=ORIENTED_EDGE('',*,*,#3385,.T.);
#4501=ORIENTED_EDGE('',*,*,#3389,.T.);
#4502=ORIENTED_EDGE('',*,*,#3392,.T.);
#4503=ORIENTED_EDGE('',*,*,#3395,.T.);
#4504=ORIENTED_EDGE('',*,*,#3398,.T.);
#4505=ORIENTED_EDGE('',*,*,#3401,.T.);
#4506=ORIENTED_EDGE('',*,*,#3404,.T.);
#4507=ORIENTED_EDGE('',*,*,#3407,.T.);
#4508=ORIENTED_EDGE('',*,*,#3436,.F.);
#4509=ORIENTED_EDGE('',*,*,#3437,.T.);
#4510=ORIENTED_EDGE('',*,*,#3438,.F.);
#4511=ORIENTED_EDGE('',*,*,#3439,.F.);
#4512=ORIENTED_EDGE('',*,*,#3440,.F.);
#4513=ORIENTED_EDGE('',*,*,#3439,.T.);
#4514=ORIENTED_EDGE('',*,*,#3441,.F.);
#4515=ORIENTED_EDGE('',*,*,#3442,.F.);
#4516=ORIENTED_EDGE('',*,*,#3443,.F.);
#4517=ORIENTED_EDGE('',*,*,#3442,.T.);
#4518=ORIENTED_EDGE('',*,*,#3444,.F.);
#4519=ORIENTED_EDGE('',*,*,#3445,.F.);
#4520=ORIENTED_EDGE('',*,*,#3446,.F.);
#4521=ORIENTED_EDGE('',*,*,#3445,.T.);
#4522=ORIENTED_EDGE('',*,*,#3447,.F.);
#4523=ORIENTED_EDGE('',*,*,#3448,.F.);
#4524=ORIENTED_EDGE('',*,*,#3449,.F.);
#4525=ORIENTED_EDGE('',*,*,#3448,.T.);
#4526=ORIENTED_EDGE('',*,*,#3450,.F.);
#4527=ORIENTED_EDGE('',*,*,#3451,.F.);
#4528=ORIENTED_EDGE('',*,*,#3452,.F.);
#4529=ORIENTED_EDGE('',*,*,#3451,.T.);
#4530=ORIENTED_EDGE('',*,*,#3453,.F.);
#4531=ORIENTED_EDGE('',*,*,#3454,.F.);
#4532=ORIENTED_EDGE('',*,*,#3455,.F.);
#4533=ORIENTED_EDGE('',*,*,#3454,.T.);
#4534=ORIENTED_EDGE('',*,*,#3456,.F.);
#4535=ORIENTED_EDGE('',*,*,#3457,.F.);
#4536=ORIENTED_EDGE('',*,*,#3458,.F.);
#4537=ORIENTED_EDGE('',*,*,#3457,.T.);
#4538=ORIENTED_EDGE('',*,*,#3459,.F.);
#4539=ORIENTED_EDGE('',*,*,#3460,.F.);
#4540=ORIENTED_EDGE('',*,*,#3461,.F.);
#4541=ORIENTED_EDGE('',*,*,#3460,.T.);
#4542=ORIENTED_EDGE('',*,*,#3462,.F.);
#4543=ORIENTED_EDGE('',*,*,#3463,.F.);
#4544=ORIENTED_EDGE('',*,*,#3464,.F.);
#4545=ORIENTED_EDGE('',*,*,#3463,.T.);
#4546=ORIENTED_EDGE('',*,*,#3465,.F.);
#4547=ORIENTED_EDGE('',*,*,#3437,.F.);
#4548=ORIENTED_EDGE('',*,*,#3466,.F.);
#4549=ORIENTED_EDGE('',*,*,#3467,.T.);
#4550=ORIENTED_EDGE('',*,*,#3468,.F.);
#4551=ORIENTED_EDGE('',*,*,#3469,.F.);
#4552=ORIENTED_EDGE('',*,*,#3470,.F.);
#4553=ORIENTED_EDGE('',*,*,#3469,.T.);
#4554=ORIENTED_EDGE('',*,*,#3471,.F.);
#4555=ORIENTED_EDGE('',*,*,#3472,.F.);
#4556=ORIENTED_EDGE('',*,*,#3473,.F.);
#4557=ORIENTED_EDGE('',*,*,#3472,.T.);
#4558=ORIENTED_EDGE('',*,*,#3474,.F.);
#4559=ORIENTED_EDGE('',*,*,#3475,.F.);
#4560=ORIENTED_EDGE('',*,*,#3476,.F.);
#4561=ORIENTED_EDGE('',*,*,#3475,.T.);
#4562=ORIENTED_EDGE('',*,*,#3477,.F.);
#4563=ORIENTED_EDGE('',*,*,#3478,.F.);
#4564=ORIENTED_EDGE('',*,*,#3479,.F.);
#4565=ORIENTED_EDGE('',*,*,#3478,.T.);
#4566=ORIENTED_EDGE('',*,*,#3480,.F.);
#4567=ORIENTED_EDGE('',*,*,#3481,.F.);
#4568=ORIENTED_EDGE('',*,*,#3482,.F.);
#4569=ORIENTED_EDGE('',*,*,#3481,.T.);
#4570=ORIENTED_EDGE('',*,*,#3483,.F.);
#4571=ORIENTED_EDGE('',*,*,#3484,.F.);
#4572=ORIENTED_EDGE('',*,*,#3485,.F.);
#4573=ORIENTED_EDGE('',*,*,#3484,.T.);
#4574=ORIENTED_EDGE('',*,*,#3486,.F.);
#4575=ORIENTED_EDGE('',*,*,#3487,.F.);
#4576=ORIENTED_EDGE('',*,*,#3488,.F.);
#4577=ORIENTED_EDGE('',*,*,#3487,.T.);
#4578=ORIENTED_EDGE('',*,*,#3489,.F.);
#4579=ORIENTED_EDGE('',*,*,#3490,.F.);
#4580=ORIENTED_EDGE('',*,*,#3491,.F.);
#4581=ORIENTED_EDGE('',*,*,#3490,.T.);
#4582=ORIENTED_EDGE('',*,*,#3492,.F.);
#4583=ORIENTED_EDGE('',*,*,#3493,.F.);
#4584=ORIENTED_EDGE('',*,*,#3494,.F.);
#4585=ORIENTED_EDGE('',*,*,#3493,.T.);
#4586=ORIENTED_EDGE('',*,*,#3495,.F.);
#4587=ORIENTED_EDGE('',*,*,#3496,.F.);
#4588=ORIENTED_EDGE('',*,*,#3497,.F.);
#4589=ORIENTED_EDGE('',*,*,#3496,.T.);
#4590=ORIENTED_EDGE('',*,*,#3498,.F.);
#4591=ORIENTED_EDGE('',*,*,#3499,.F.);
#4592=ORIENTED_EDGE('',*,*,#3500,.F.);
#4593=ORIENTED_EDGE('',*,*,#3499,.T.);
#4594=ORIENTED_EDGE('',*,*,#3501,.F.);
#4595=ORIENTED_EDGE('',*,*,#3502,.F.);
#4596=ORIENTED_EDGE('',*,*,#3503,.F.);
#4597=ORIENTED_EDGE('',*,*,#3502,.T.);
#4598=ORIENTED_EDGE('',*,*,#3504,.F.);
#4599=ORIENTED_EDGE('',*,*,#3505,.F.);
#4600=ORIENTED_EDGE('',*,*,#3506,.F.);
#4601=ORIENTED_EDGE('',*,*,#3505,.T.);
#4602=ORIENTED_EDGE('',*,*,#3507,.F.);
#4603=ORIENTED_EDGE('',*,*,#3508,.F.);
#4604=ORIENTED_EDGE('',*,*,#3509,.F.);
#4605=ORIENTED_EDGE('',*,*,#3508,.T.);
#4606=ORIENTED_EDGE('',*,*,#3510,.F.);
#4607=ORIENTED_EDGE('',*,*,#3511,.F.);
#4608=ORIENTED_EDGE('',*,*,#3512,.F.);
#4609=ORIENTED_EDGE('',*,*,#3511,.T.);
#4610=ORIENTED_EDGE('',*,*,#3513,.F.);
#4611=ORIENTED_EDGE('',*,*,#3514,.F.);
#4612=ORIENTED_EDGE('',*,*,#3515,.F.);
#4613=ORIENTED_EDGE('',*,*,#3514,.T.);
#4614=ORIENTED_EDGE('',*,*,#3516,.F.);
#4615=ORIENTED_EDGE('',*,*,#3517,.F.);
#4616=ORIENTED_EDGE('',*,*,#3518,.F.);
#4617=ORIENTED_EDGE('',*,*,#3517,.T.);
#4618=ORIENTED_EDGE('',*,*,#3519,.F.);
#4619=ORIENTED_EDGE('',*,*,#3520,.F.);
#4620=ORIENTED_EDGE('',*,*,#3521,.F.);
#4621=ORIENTED_EDGE('',*,*,#3520,.T.);
#4622=ORIENTED_EDGE('',*,*,#3522,.F.);
#4623=ORIENTED_EDGE('',*,*,#3523,.F.);
#4624=ORIENTED_EDGE('',*,*,#3524,.F.);
#4625=ORIENTED_EDGE('',*,*,#3523,.T.);
#4626=ORIENTED_EDGE('',*,*,#3525,.F.);
#4627=ORIENTED_EDGE('',*,*,#3526,.F.);
#4628=ORIENTED_EDGE('',*,*,#3527,.F.);
#4629=ORIENTED_EDGE('',*,*,#3526,.T.);
#4630=ORIENTED_EDGE('',*,*,#3528,.F.);
#4631=ORIENTED_EDGE('',*,*,#3529,.F.);
#4632=ORIENTED_EDGE('',*,*,#3530,.F.);
#4633=ORIENTED_EDGE('',*,*,#3529,.T.);
#4634=ORIENTED_EDGE('',*,*,#3531,.F.);
#4635=ORIENTED_EDGE('',*,*,#3532,.F.);
#4636=ORIENTED_EDGE('',*,*,#3533,.F.);
#4637=ORIENTED_EDGE('',*,*,#3532,.T.);
#4638=ORIENTED_EDGE('',*,*,#3534,.F.);
#4639=ORIENTED_EDGE('',*,*,#3535,.F.);
#4640=ORIENTED_EDGE('',*,*,#3536,.F.);
#4641=ORIENTED_EDGE('',*,*,#3535,.T.);
#4642=ORIENTED_EDGE('',*,*,#3537,.F.);
#4643=ORIENTED_EDGE('',*,*,#3538,.F.);
#4644=ORIENTED_EDGE('',*,*,#3539,.F.);
#4645=ORIENTED_EDGE('',*,*,#3538,.T.);
#4646=ORIENTED_EDGE('',*,*,#3540,.F.);
#4647=ORIENTED_EDGE('',*,*,#3541,.F.);
#4648=ORIENTED_EDGE('',*,*,#3542,.F.);
#4649=ORIENTED_EDGE('',*,*,#3541,.T.);
#4650=ORIENTED_EDGE('',*,*,#3543,.F.);
#4651=ORIENTED_EDGE('',*,*,#3544,.F.);
#4652=ORIENTED_EDGE('',*,*,#3545,.F.);
#4653=ORIENTED_EDGE('',*,*,#3544,.T.);
#4654=ORIENTED_EDGE('',*,*,#3546,.F.);
#4655=ORIENTED_EDGE('',*,*,#3467,.F.);
#4656=ORIENTED_EDGE('',*,*,#3546,.T.);
#4657=ORIENTED_EDGE('',*,*,#3543,.T.);
#4658=ORIENTED_EDGE('',*,*,#3540,.T.);
#4659=ORIENTED_EDGE('',*,*,#3537,.T.);
#4660=ORIENTED_EDGE('',*,*,#3534,.T.);
#4661=ORIENTED_EDGE('',*,*,#3531,.T.);
#4662=ORIENTED_EDGE('',*,*,#3528,.T.);
#4663=ORIENTED_EDGE('',*,*,#3525,.T.);
#4664=ORIENTED_EDGE('',*,*,#3522,.T.);
#4665=ORIENTED_EDGE('',*,*,#3519,.T.);
#4666=ORIENTED_EDGE('',*,*,#3516,.T.);
#4667=ORIENTED_EDGE('',*,*,#3513,.T.);
#4668=ORIENTED_EDGE('',*,*,#3510,.T.);
#4669=ORIENTED_EDGE('',*,*,#3507,.T.);
#4670=ORIENTED_EDGE('',*,*,#3504,.T.);
#4671=ORIENTED_EDGE('',*,*,#3501,.T.);
#4672=ORIENTED_EDGE('',*,*,#3498,.T.);
#4673=ORIENTED_EDGE('',*,*,#3495,.T.);
#4674=ORIENTED_EDGE('',*,*,#3492,.T.);
#4675=ORIENTED_EDGE('',*,*,#3489,.T.);
#4676=ORIENTED_EDGE('',*,*,#3486,.T.);
#4677=ORIENTED_EDGE('',*,*,#3483,.T.);
#4678=ORIENTED_EDGE('',*,*,#3480,.T.);
#4679=ORIENTED_EDGE('',*,*,#3477,.T.);
#4680=ORIENTED_EDGE('',*,*,#3474,.T.);
#4681=ORIENTED_EDGE('',*,*,#3471,.T.);
#4682=ORIENTED_EDGE('',*,*,#3468,.T.);
#4683=ORIENTED_EDGE('',*,*,#3465,.T.);
#4684=ORIENTED_EDGE('',*,*,#3462,.T.);
#4685=ORIENTED_EDGE('',*,*,#3459,.T.);
#4686=ORIENTED_EDGE('',*,*,#3456,.T.);
#4687=ORIENTED_EDGE('',*,*,#3453,.T.);
#4688=ORIENTED_EDGE('',*,*,#3450,.T.);
#4689=ORIENTED_EDGE('',*,*,#3447,.T.);
#4690=ORIENTED_EDGE('',*,*,#3444,.T.);
#4691=ORIENTED_EDGE('',*,*,#3441,.T.);
#4692=ORIENTED_EDGE('',*,*,#3438,.T.);
#4693=ORIENTED_EDGE('',*,*,#3436,.T.);
#4694=ORIENTED_EDGE('',*,*,#3440,.T.);
#4695=ORIENTED_EDGE('',*,*,#3443,.T.);
#4696=ORIENTED_EDGE('',*,*,#3446,.T.);
#4697=ORIENTED_EDGE('',*,*,#3449,.T.);
#4698=ORIENTED_EDGE('',*,*,#3452,.T.);
#4699=ORIENTED_EDGE('',*,*,#3455,.T.);
#4700=ORIENTED_EDGE('',*,*,#3458,.T.);
#4701=ORIENTED_EDGE('',*,*,#3461,.T.);
#4702=ORIENTED_EDGE('',*,*,#3464,.T.);
#4703=ORIENTED_EDGE('',*,*,#3547,.F.);
#4704=ORIENTED_EDGE('',*,*,#3548,.T.);
#4705=ORIENTED_EDGE('',*,*,#3549,.F.);
#4706=ORIENTED_EDGE('',*,*,#3550,.F.);
#4707=ORIENTED_EDGE('',*,*,#3551,.F.);
#4708=ORIENTED_EDGE('',*,*,#3550,.T.);
#4709=ORIENTED_EDGE('',*,*,#3552,.F.);
#4710=ORIENTED_EDGE('',*,*,#3553,.F.);
#4711=ORIENTED_EDGE('',*,*,#3554,.F.);
#4712=ORIENTED_EDGE('',*,*,#3553,.T.);
#4713=ORIENTED_EDGE('',*,*,#3555,.F.);
#4714=ORIENTED_EDGE('',*,*,#3556,.F.);
#4715=ORIENTED_EDGE('',*,*,#3557,.F.);
#4716=ORIENTED_EDGE('',*,*,#3556,.T.);
#4717=ORIENTED_EDGE('',*,*,#3558,.F.);
#4718=ORIENTED_EDGE('',*,*,#3559,.F.);
#4719=ORIENTED_EDGE('',*,*,#3560,.F.);
#4720=ORIENTED_EDGE('',*,*,#3559,.T.);
#4721=ORIENTED_EDGE('',*,*,#3561,.F.);
#4722=ORIENTED_EDGE('',*,*,#3548,.F.);
#4723=ORIENTED_EDGE('',*,*,#3562,.F.);
#4724=ORIENTED_EDGE('',*,*,#3563,.T.);
#4725=ORIENTED_EDGE('',*,*,#3564,.F.);
#4726=ORIENTED_EDGE('',*,*,#3565,.F.);
#4727=ORIENTED_EDGE('',*,*,#3566,.F.);
#4728=ORIENTED_EDGE('',*,*,#3565,.T.);
#4729=ORIENTED_EDGE('',*,*,#3567,.F.);
#4730=ORIENTED_EDGE('',*,*,#3568,.F.);
#4731=ORIENTED_EDGE('',*,*,#3569,.F.);
#4732=ORIENTED_EDGE('',*,*,#3568,.T.);
#4733=ORIENTED_EDGE('',*,*,#3570,.F.);
#4734=ORIENTED_EDGE('',*,*,#3571,.F.);
#4735=ORIENTED_EDGE('',*,*,#3572,.F.);
#4736=ORIENTED_EDGE('',*,*,#3571,.T.);
#4737=ORIENTED_EDGE('',*,*,#3573,.F.);
#4738=ORIENTED_EDGE('',*,*,#3574,.F.);
#4739=ORIENTED_EDGE('',*,*,#3575,.F.);
#4740=ORIENTED_EDGE('',*,*,#3574,.T.);
#4741=ORIENTED_EDGE('',*,*,#3576,.F.);
#4742=ORIENTED_EDGE('',*,*,#3577,.F.);
#4743=ORIENTED_EDGE('',*,*,#3578,.F.);
#4744=ORIENTED_EDGE('',*,*,#3577,.T.);
#4745=ORIENTED_EDGE('',*,*,#3579,.F.);
#4746=ORIENTED_EDGE('',*,*,#3580,.F.);
#4747=ORIENTED_EDGE('',*,*,#3581,.F.);
#4748=ORIENTED_EDGE('',*,*,#3580,.T.);
#4749=ORIENTED_EDGE('',*,*,#3582,.F.);
#4750=ORIENTED_EDGE('',*,*,#3583,.F.);
#4751=ORIENTED_EDGE('',*,*,#3584,.F.);
#4752=ORIENTED_EDGE('',*,*,#3583,.T.);
#4753=ORIENTED_EDGE('',*,*,#3585,.F.);
#4754=ORIENTED_EDGE('',*,*,#3586,.F.);
#4755=ORIENTED_EDGE('',*,*,#3587,.F.);
#4756=ORIENTED_EDGE('',*,*,#3586,.T.);
#4757=ORIENTED_EDGE('',*,*,#3588,.F.);
#4758=ORIENTED_EDGE('',*,*,#3589,.F.);
#4759=ORIENTED_EDGE('',*,*,#3590,.F.);
#4760=ORIENTED_EDGE('',*,*,#3589,.T.);
#4761=ORIENTED_EDGE('',*,*,#3591,.F.);
#4762=ORIENTED_EDGE('',*,*,#3592,.F.);
#4763=ORIENTED_EDGE('',*,*,#3593,.F.);
#4764=ORIENTED_EDGE('',*,*,#3592,.T.);
#4765=ORIENTED_EDGE('',*,*,#3594,.F.);
#4766=ORIENTED_EDGE('',*,*,#3595,.F.);
#4767=ORIENTED_EDGE('',*,*,#3596,.F.);
#4768=ORIENTED_EDGE('',*,*,#3595,.T.);
#4769=ORIENTED_EDGE('',*,*,#3597,.F.);
#4770=ORIENTED_EDGE('',*,*,#3598,.F.);
#4771=ORIENTED_EDGE('',*,*,#3599,.F.);
#4772=ORIENTED_EDGE('',*,*,#3598,.T.);
#4773=ORIENTED_EDGE('',*,*,#3600,.F.);
#4774=ORIENTED_EDGE('',*,*,#3601,.F.);
#4775=ORIENTED_EDGE('',*,*,#3602,.F.);
#4776=ORIENTED_EDGE('',*,*,#3601,.T.);
#4777=ORIENTED_EDGE('',*,*,#3603,.F.);
#4778=ORIENTED_EDGE('',*,*,#3604,.F.);
#4779=ORIENTED_EDGE('',*,*,#3605,.F.);
#4780=ORIENTED_EDGE('',*,*,#3604,.T.);
#4781=ORIENTED_EDGE('',*,*,#3606,.F.);
#4782=ORIENTED_EDGE('',*,*,#3563,.F.);
#4783=ORIENTED_EDGE('',*,*,#3606,.T.);
#4784=ORIENTED_EDGE('',*,*,#3603,.T.);
#4785=ORIENTED_EDGE('',*,*,#3600,.T.);
#4786=ORIENTED_EDGE('',*,*,#3597,.T.);
#4787=ORIENTED_EDGE('',*,*,#3594,.T.);
#4788=ORIENTED_EDGE('',*,*,#3591,.T.);
#4789=ORIENTED_EDGE('',*,*,#3588,.T.);
#4790=ORIENTED_EDGE('',*,*,#3585,.T.);
#4791=ORIENTED_EDGE('',*,*,#3582,.T.);
#4792=ORIENTED_EDGE('',*,*,#3579,.T.);
#4793=ORIENTED_EDGE('',*,*,#3576,.T.);
#4794=ORIENTED_EDGE('',*,*,#3573,.T.);
#4795=ORIENTED_EDGE('',*,*,#3570,.T.);
#4796=ORIENTED_EDGE('',*,*,#3567,.T.);
#4797=ORIENTED_EDGE('',*,*,#3564,.T.);
#4798=ORIENTED_EDGE('',*,*,#3561,.T.);
#4799=ORIENTED_EDGE('',*,*,#3558,.T.);
#4800=ORIENTED_EDGE('',*,*,#3555,.T.);
#4801=ORIENTED_EDGE('',*,*,#3552,.T.);
#4802=ORIENTED_EDGE('',*,*,#3549,.T.);
#4803=ORIENTED_EDGE('',*,*,#3547,.T.);
#4804=ORIENTED_EDGE('',*,*,#3551,.T.);
#4805=ORIENTED_EDGE('',*,*,#3554,.T.);
#4806=ORIENTED_EDGE('',*,*,#3557,.T.);
#4807=ORIENTED_EDGE('',*,*,#3560,.T.);
#4808=ORIENTED_EDGE('',*,*,#3607,.F.);
#4809=ORIENTED_EDGE('',*,*,#3608,.T.);
#4810=ORIENTED_EDGE('',*,*,#3609,.F.);
#4811=ORIENTED_EDGE('',*,*,#3610,.F.);
#4812=ORIENTED_EDGE('',*,*,#3611,.F.);
#4813=ORIENTED_EDGE('',*,*,#3610,.T.);
#4814=ORIENTED_EDGE('',*,*,#3612,.F.);
#4815=ORIENTED_EDGE('',*,*,#3613,.F.);
#4816=ORIENTED_EDGE('',*,*,#3614,.F.);
#4817=ORIENTED_EDGE('',*,*,#3613,.T.);
#4818=ORIENTED_EDGE('',*,*,#3615,.F.);
#4819=ORIENTED_EDGE('',*,*,#3616,.F.);
#4820=ORIENTED_EDGE('',*,*,#3617,.F.);
#4821=ORIENTED_EDGE('',*,*,#3616,.T.);
#4822=ORIENTED_EDGE('',*,*,#3618,.F.);
#4823=ORIENTED_EDGE('',*,*,#3619,.F.);
#4824=ORIENTED_EDGE('',*,*,#3620,.F.);
#4825=ORIENTED_EDGE('',*,*,#3619,.T.);
#4826=ORIENTED_EDGE('',*,*,#3621,.F.);
#4827=ORIENTED_EDGE('',*,*,#3622,.F.);
#4828=ORIENTED_EDGE('',*,*,#3623,.F.);
#4829=ORIENTED_EDGE('',*,*,#3622,.T.);
#4830=ORIENTED_EDGE('',*,*,#3624,.F.);
#4831=ORIENTED_EDGE('',*,*,#3608,.F.);
#4832=ORIENTED_EDGE('',*,*,#3624,.T.);
#4833=ORIENTED_EDGE('',*,*,#3621,.T.);
#4834=ORIENTED_EDGE('',*,*,#3618,.T.);
#4835=ORIENTED_EDGE('',*,*,#3615,.T.);
#4836=ORIENTED_EDGE('',*,*,#3612,.T.);
#4837=ORIENTED_EDGE('',*,*,#3609,.T.);
#4838=ORIENTED_EDGE('',*,*,#3625,.F.);
#4839=ORIENTED_EDGE('',*,*,#3626,.T.);
#4840=ORIENTED_EDGE('',*,*,#3627,.F.);
#4841=ORIENTED_EDGE('',*,*,#3628,.F.);
#4842=ORIENTED_EDGE('',*,*,#3629,.F.);
#4843=ORIENTED_EDGE('',*,*,#3628,.T.);
#4844=ORIENTED_EDGE('',*,*,#3630,.F.);
#4845=ORIENTED_EDGE('',*,*,#3631,.F.);
#4846=ORIENTED_EDGE('',*,*,#3632,.F.);
#4847=ORIENTED_EDGE('',*,*,#3631,.T.);
#4848=ORIENTED_EDGE('',*,*,#3633,.F.);
#4849=ORIENTED_EDGE('',*,*,#3634,.F.);
#4850=ORIENTED_EDGE('',*,*,#3635,.F.);
#4851=ORIENTED_EDGE('',*,*,#3634,.T.);
#4852=ORIENTED_EDGE('',*,*,#3636,.F.);
#4853=ORIENTED_EDGE('',*,*,#3626,.F.);
#4854=ORIENTED_EDGE('',*,*,#3636,.T.);
#4855=ORIENTED_EDGE('',*,*,#3633,.T.);
#4856=ORIENTED_EDGE('',*,*,#3630,.T.);
#4857=ORIENTED_EDGE('',*,*,#3627,.T.);
#4858=ORIENTED_EDGE('',*,*,#3637,.F.);
#4859=ORIENTED_EDGE('',*,*,#3638,.T.);
#4860=ORIENTED_EDGE('',*,*,#3639,.F.);
#4861=ORIENTED_EDGE('',*,*,#3640,.F.);
#4862=ORIENTED_EDGE('',*,*,#3641,.F.);
#4863=ORIENTED_EDGE('',*,*,#3640,.T.);
#4864=ORIENTED_EDGE('',*,*,#3642,.F.);
#4865=ORIENTED_EDGE('',*,*,#3643,.F.);
#4866=ORIENTED_EDGE('',*,*,#3644,.F.);
#4867=ORIENTED_EDGE('',*,*,#3643,.T.);
#4868=ORIENTED_EDGE('',*,*,#3645,.F.);
#4869=ORIENTED_EDGE('',*,*,#3646,.F.);
#4870=ORIENTED_EDGE('',*,*,#3647,.F.);
#4871=ORIENTED_EDGE('',*,*,#3646,.T.);
#4872=ORIENTED_EDGE('',*,*,#3648,.F.);
#4873=ORIENTED_EDGE('',*,*,#3649,.F.);
#4874=ORIENTED_EDGE('',*,*,#3650,.F.);
#4875=ORIENTED_EDGE('',*,*,#3649,.T.);
#4876=ORIENTED_EDGE('',*,*,#3651,.F.);
#4877=ORIENTED_EDGE('',*,*,#3652,.F.);
#4878=ORIENTED_EDGE('',*,*,#3653,.F.);
#4879=ORIENTED_EDGE('',*,*,#3652,.T.);
#4880=ORIENTED_EDGE('',*,*,#3654,.F.);
#4881=ORIENTED_EDGE('',*,*,#3655,.F.);
#4882=ORIENTED_EDGE('',*,*,#3656,.F.);
#4883=ORIENTED_EDGE('',*,*,#3655,.T.);
#4884=ORIENTED_EDGE('',*,*,#3657,.F.);
#4885=ORIENTED_EDGE('',*,*,#3658,.F.);
#4886=ORIENTED_EDGE('',*,*,#3659,.F.);
#4887=ORIENTED_EDGE('',*,*,#3658,.T.);
#4888=ORIENTED_EDGE('',*,*,#3660,.F.);
#4889=ORIENTED_EDGE('',*,*,#3661,.F.);
#4890=ORIENTED_EDGE('',*,*,#3662,.F.);
#4891=ORIENTED_EDGE('',*,*,#3661,.T.);
#4892=ORIENTED_EDGE('',*,*,#3663,.F.);
#4893=ORIENTED_EDGE('',*,*,#3664,.F.);
#4894=ORIENTED_EDGE('',*,*,#3665,.F.);
#4895=ORIENTED_EDGE('',*,*,#3664,.T.);
#4896=ORIENTED_EDGE('',*,*,#3666,.F.);
#4897=ORIENTED_EDGE('',*,*,#3667,.F.);
#4898=ORIENTED_EDGE('',*,*,#3668,.F.);
#4899=ORIENTED_EDGE('',*,*,#3667,.T.);
#4900=ORIENTED_EDGE('',*,*,#3669,.F.);
#4901=ORIENTED_EDGE('',*,*,#3670,.F.);
#4902=ORIENTED_EDGE('',*,*,#3671,.F.);
#4903=ORIENTED_EDGE('',*,*,#3670,.T.);
#4904=ORIENTED_EDGE('',*,*,#3672,.F.);
#4905=ORIENTED_EDGE('',*,*,#3638,.F.);
#4906=ORIENTED_EDGE('',*,*,#3672,.T.);
#4907=ORIENTED_EDGE('',*,*,#3669,.T.);
#4908=ORIENTED_EDGE('',*,*,#3666,.T.);
#4909=ORIENTED_EDGE('',*,*,#3663,.T.);
#4910=ORIENTED_EDGE('',*,*,#3660,.T.);
#4911=ORIENTED_EDGE('',*,*,#3657,.T.);
#4912=ORIENTED_EDGE('',*,*,#3654,.T.);
#4913=ORIENTED_EDGE('',*,*,#3651,.T.);
#4914=ORIENTED_EDGE('',*,*,#3648,.T.);
#4915=ORIENTED_EDGE('',*,*,#3645,.T.);
#4916=ORIENTED_EDGE('',*,*,#3642,.T.);
#4917=ORIENTED_EDGE('',*,*,#3639,.T.);
#4918=ORIENTED_EDGE('',*,*,#3673,.F.);
#4919=ORIENTED_EDGE('',*,*,#3674,.T.);
#4920=ORIENTED_EDGE('',*,*,#3675,.F.);
#4921=ORIENTED_EDGE('',*,*,#3676,.F.);
#4922=ORIENTED_EDGE('',*,*,#3677,.F.);
#4923=ORIENTED_EDGE('',*,*,#3676,.T.);
#4924=ORIENTED_EDGE('',*,*,#3678,.F.);
#4925=ORIENTED_EDGE('',*,*,#3679,.F.);
#4926=ORIENTED_EDGE('',*,*,#3680,.F.);
#4927=ORIENTED_EDGE('',*,*,#3679,.T.);
#4928=ORIENTED_EDGE('',*,*,#3681,.F.);
#4929=ORIENTED_EDGE('',*,*,#3682,.F.);
#4930=ORIENTED_EDGE('',*,*,#3683,.F.);
#4931=ORIENTED_EDGE('',*,*,#3682,.T.);
#4932=ORIENTED_EDGE('',*,*,#3684,.F.);
#4933=ORIENTED_EDGE('',*,*,#3685,.F.);
#4934=ORIENTED_EDGE('',*,*,#3686,.F.);
#4935=ORIENTED_EDGE('',*,*,#3685,.T.);
#4936=ORIENTED_EDGE('',*,*,#3687,.F.);
#4937=ORIENTED_EDGE('',*,*,#3688,.F.);
#4938=ORIENTED_EDGE('',*,*,#3689,.F.);
#4939=ORIENTED_EDGE('',*,*,#3688,.T.);
#4940=ORIENTED_EDGE('',*,*,#3690,.F.);
#4941=ORIENTED_EDGE('',*,*,#3691,.F.);
#4942=ORIENTED_EDGE('',*,*,#3692,.F.);
#4943=ORIENTED_EDGE('',*,*,#3691,.T.);
#4944=ORIENTED_EDGE('',*,*,#3693,.F.);
#4945=ORIENTED_EDGE('',*,*,#3694,.F.);
#4946=ORIENTED_EDGE('',*,*,#3695,.F.);
#4947=ORIENTED_EDGE('',*,*,#3694,.T.);
#4948=ORIENTED_EDGE('',*,*,#3696,.F.);
#4949=ORIENTED_EDGE('',*,*,#3674,.F.);
#4950=ORIENTED_EDGE('',*,*,#3697,.F.);
#4951=ORIENTED_EDGE('',*,*,#3698,.T.);
#4952=ORIENTED_EDGE('',*,*,#3699,.F.);
#4953=ORIENTED_EDGE('',*,*,#3700,.F.);
#4954=ORIENTED_EDGE('',*,*,#3701,.F.);
#4955=ORIENTED_EDGE('',*,*,#3700,.T.);
#4956=ORIENTED_EDGE('',*,*,#3702,.F.);
#4957=ORIENTED_EDGE('',*,*,#3703,.F.);
#4958=ORIENTED_EDGE('',*,*,#3704,.F.);
#4959=ORIENTED_EDGE('',*,*,#3703,.T.);
#4960=ORIENTED_EDGE('',*,*,#3705,.F.);
#4961=ORIENTED_EDGE('',*,*,#3706,.F.);
#4962=ORIENTED_EDGE('',*,*,#3707,.F.);
#4963=ORIENTED_EDGE('',*,*,#3706,.T.);
#4964=ORIENTED_EDGE('',*,*,#3708,.F.);
#4965=ORIENTED_EDGE('',*,*,#3709,.F.);
#4966=ORIENTED_EDGE('',*,*,#3710,.F.);
#4967=ORIENTED_EDGE('',*,*,#3709,.T.);
#4968=ORIENTED_EDGE('',*,*,#3711,.F.);
#4969=ORIENTED_EDGE('',*,*,#3712,.F.);
#4970=ORIENTED_EDGE('',*,*,#3713,.F.);
#4971=ORIENTED_EDGE('',*,*,#3712,.T.);
#4972=ORIENTED_EDGE('',*,*,#3714,.F.);
#4973=ORIENTED_EDGE('',*,*,#3715,.F.);
#4974=ORIENTED_EDGE('',*,*,#3716,.F.);
#4975=ORIENTED_EDGE('',*,*,#3715,.T.);
#4976=ORIENTED_EDGE('',*,*,#3717,.F.);
#4977=ORIENTED_EDGE('',*,*,#3718,.F.);
#4978=ORIENTED_EDGE('',*,*,#3719,.F.);
#4979=ORIENTED_EDGE('',*,*,#3718,.T.);
#4980=ORIENTED_EDGE('',*,*,#3720,.F.);
#4981=ORIENTED_EDGE('',*,*,#3721,.F.);
#4982=ORIENTED_EDGE('',*,*,#3722,.F.);
#4983=ORIENTED_EDGE('',*,*,#3721,.T.);
#4984=ORIENTED_EDGE('',*,*,#3723,.F.);
#4985=ORIENTED_EDGE('',*,*,#3724,.F.);
#4986=ORIENTED_EDGE('',*,*,#3725,.F.);
#4987=ORIENTED_EDGE('',*,*,#3724,.T.);
#4988=ORIENTED_EDGE('',*,*,#3726,.F.);
#4989=ORIENTED_EDGE('',*,*,#3727,.F.);
#4990=ORIENTED_EDGE('',*,*,#3728,.F.);
#4991=ORIENTED_EDGE('',*,*,#3727,.T.);
#4992=ORIENTED_EDGE('',*,*,#3729,.F.);
#4993=ORIENTED_EDGE('',*,*,#3730,.F.);
#4994=ORIENTED_EDGE('',*,*,#3731,.F.);
#4995=ORIENTED_EDGE('',*,*,#3730,.T.);
#4996=ORIENTED_EDGE('',*,*,#3732,.F.);
#4997=ORIENTED_EDGE('',*,*,#3733,.F.);
#4998=ORIENTED_EDGE('',*,*,#3734,.F.);
#4999=ORIENTED_EDGE('',*,*,#3733,.T.);
#5000=ORIENTED_EDGE('',*,*,#3735,.F.);
#5001=ORIENTED_EDGE('',*,*,#3736,.F.);
#5002=ORIENTED_EDGE('',*,*,#3737,.F.);
#5003=ORIENTED_EDGE('',*,*,#3736,.T.);
#5004=ORIENTED_EDGE('',*,*,#3738,.F.);
#5005=ORIENTED_EDGE('',*,*,#3739,.F.);
#5006=ORIENTED_EDGE('',*,*,#3740,.F.);
#5007=ORIENTED_EDGE('',*,*,#3739,.T.);
#5008=ORIENTED_EDGE('',*,*,#3741,.F.);
#5009=ORIENTED_EDGE('',*,*,#3742,.F.);
#5010=ORIENTED_EDGE('',*,*,#3743,.F.);
#5011=ORIENTED_EDGE('',*,*,#3742,.T.);
#5012=ORIENTED_EDGE('',*,*,#3744,.F.);
#5013=ORIENTED_EDGE('',*,*,#3745,.F.);
#5014=ORIENTED_EDGE('',*,*,#3746,.F.);
#5015=ORIENTED_EDGE('',*,*,#3745,.T.);
#5016=ORIENTED_EDGE('',*,*,#3747,.F.);
#5017=ORIENTED_EDGE('',*,*,#3748,.F.);
#5018=ORIENTED_EDGE('',*,*,#3749,.F.);
#5019=ORIENTED_EDGE('',*,*,#3748,.T.);
#5020=ORIENTED_EDGE('',*,*,#3750,.F.);
#5021=ORIENTED_EDGE('',*,*,#3751,.F.);
#5022=ORIENTED_EDGE('',*,*,#3752,.F.);
#5023=ORIENTED_EDGE('',*,*,#3751,.T.);
#5024=ORIENTED_EDGE('',*,*,#3753,.F.);
#5025=ORIENTED_EDGE('',*,*,#3754,.F.);
#5026=ORIENTED_EDGE('',*,*,#3755,.F.);
#5027=ORIENTED_EDGE('',*,*,#3754,.T.);
#5028=ORIENTED_EDGE('',*,*,#3756,.F.);
#5029=ORIENTED_EDGE('',*,*,#3757,.F.);
#5030=ORIENTED_EDGE('',*,*,#3758,.F.);
#5031=ORIENTED_EDGE('',*,*,#3757,.T.);
#5032=ORIENTED_EDGE('',*,*,#3759,.F.);
#5033=ORIENTED_EDGE('',*,*,#3698,.F.);
#5034=ORIENTED_EDGE('',*,*,#3759,.T.);
#5035=ORIENTED_EDGE('',*,*,#3756,.T.);
#5036=ORIENTED_EDGE('',*,*,#3753,.T.);
#5037=ORIENTED_EDGE('',*,*,#3750,.T.);
#5038=ORIENTED_EDGE('',*,*,#3747,.T.);
#5039=ORIENTED_EDGE('',*,*,#3744,.T.);
#5040=ORIENTED_EDGE('',*,*,#3741,.T.);
#5041=ORIENTED_EDGE('',*,*,#3738,.T.);
#5042=ORIENTED_EDGE('',*,*,#3735,.T.);
#5043=ORIENTED_EDGE('',*,*,#3732,.T.);
#5044=ORIENTED_EDGE('',*,*,#3729,.T.);
#5045=ORIENTED_EDGE('',*,*,#3726,.T.);
#5046=ORIENTED_EDGE('',*,*,#3723,.T.);
#5047=ORIENTED_EDGE('',*,*,#3720,.T.);
#5048=ORIENTED_EDGE('',*,*,#3717,.T.);
#5049=ORIENTED_EDGE('',*,*,#3714,.T.);
#5050=ORIENTED_EDGE('',*,*,#3711,.T.);
#5051=ORIENTED_EDGE('',*,*,#3708,.T.);
#5052=ORIENTED_EDGE('',*,*,#3705,.T.);
#5053=ORIENTED_EDGE('',*,*,#3702,.T.);
#5054=ORIENTED_EDGE('',*,*,#3699,.T.);
#5055=ORIENTED_EDGE('',*,*,#3696,.T.);
#5056=ORIENTED_EDGE('',*,*,#3693,.T.);
#5057=ORIENTED_EDGE('',*,*,#3690,.T.);
#5058=ORIENTED_EDGE('',*,*,#3687,.T.);
#5059=ORIENTED_EDGE('',*,*,#3684,.T.);
#5060=ORIENTED_EDGE('',*,*,#3681,.T.);
#5061=ORIENTED_EDGE('',*,*,#3678,.T.);
#5062=ORIENTED_EDGE('',*,*,#3675,.T.);
#5063=ORIENTED_EDGE('',*,*,#3673,.T.);
#5064=ORIENTED_EDGE('',*,*,#3677,.T.);
#5065=ORIENTED_EDGE('',*,*,#3680,.T.);
#5066=ORIENTED_EDGE('',*,*,#3683,.T.);
#5067=ORIENTED_EDGE('',*,*,#3686,.T.);
#5068=ORIENTED_EDGE('',*,*,#3689,.T.);
#5069=ORIENTED_EDGE('',*,*,#3692,.T.);
#5070=ORIENTED_EDGE('',*,*,#3695,.T.);
#5071=ORIENTED_EDGE('',*,*,#3760,.F.);
#5072=ORIENTED_EDGE('',*,*,#3761,.T.);
#5073=ORIENTED_EDGE('',*,*,#3762,.F.);
#5074=ORIENTED_EDGE('',*,*,#3763,.F.);
#5075=ORIENTED_EDGE('',*,*,#3764,.F.);
#5076=ORIENTED_EDGE('',*,*,#3763,.T.);
#5077=ORIENTED_EDGE('',*,*,#3765,.F.);
#5078=ORIENTED_EDGE('',*,*,#3766,.F.);
#5079=ORIENTED_EDGE('',*,*,#3767,.F.);
#5080=ORIENTED_EDGE('',*,*,#3766,.T.);
#5081=ORIENTED_EDGE('',*,*,#3768,.F.);
#5082=ORIENTED_EDGE('',*,*,#3769,.F.);
#5083=ORIENTED_EDGE('',*,*,#3770,.F.);
#5084=ORIENTED_EDGE('',*,*,#3769,.T.);
#5085=ORIENTED_EDGE('',*,*,#3771,.F.);
#5086=ORIENTED_EDGE('',*,*,#3772,.F.);
#5087=ORIENTED_EDGE('',*,*,#3773,.F.);
#5088=ORIENTED_EDGE('',*,*,#3772,.T.);
#5089=ORIENTED_EDGE('',*,*,#3774,.F.);
#5090=ORIENTED_EDGE('',*,*,#3775,.F.);
#5091=ORIENTED_EDGE('',*,*,#3776,.F.);
#5092=ORIENTED_EDGE('',*,*,#3775,.T.);
#5093=ORIENTED_EDGE('',*,*,#3777,.F.);
#5094=ORIENTED_EDGE('',*,*,#3778,.F.);
#5095=ORIENTED_EDGE('',*,*,#3779,.F.);
#5096=ORIENTED_EDGE('',*,*,#3778,.T.);
#5097=ORIENTED_EDGE('',*,*,#3780,.F.);
#5098=ORIENTED_EDGE('',*,*,#3781,.F.);
#5099=ORIENTED_EDGE('',*,*,#3782,.F.);
#5100=ORIENTED_EDGE('',*,*,#3781,.T.);
#5101=ORIENTED_EDGE('',*,*,#3783,.F.);
#5102=ORIENTED_EDGE('',*,*,#3784,.F.);
#5103=ORIENTED_EDGE('',*,*,#3785,.F.);
#5104=ORIENTED_EDGE('',*,*,#3784,.T.);
#5105=ORIENTED_EDGE('',*,*,#3786,.F.);
#5106=ORIENTED_EDGE('',*,*,#3787,.F.);
#5107=ORIENTED_EDGE('',*,*,#3788,.F.);
#5108=ORIENTED_EDGE('',*,*,#3787,.T.);
#5109=ORIENTED_EDGE('',*,*,#3789,.F.);
#5110=ORIENTED_EDGE('',*,*,#3761,.F.);
#5111=ORIENTED_EDGE('',*,*,#3790,.F.);
#5112=ORIENTED_EDGE('',*,*,#3791,.T.);
#5113=ORIENTED_EDGE('',*,*,#3792,.F.);
#5114=ORIENTED_EDGE('',*,*,#3793,.F.);
#5115=ORIENTED_EDGE('',*,*,#3794,.F.);
#5116=ORIENTED_EDGE('',*,*,#3793,.T.);
#5117=ORIENTED_EDGE('',*,*,#3795,.F.);
#5118=ORIENTED_EDGE('',*,*,#3796,.F.);
#5119=ORIENTED_EDGE('',*,*,#3797,.F.);
#5120=ORIENTED_EDGE('',*,*,#3796,.T.);
#5121=ORIENTED_EDGE('',*,*,#3798,.F.);
#5122=ORIENTED_EDGE('',*,*,#3799,.F.);
#5123=ORIENTED_EDGE('',*,*,#3800,.F.);
#5124=ORIENTED_EDGE('',*,*,#3799,.T.);
#5125=ORIENTED_EDGE('',*,*,#3801,.F.);
#5126=ORIENTED_EDGE('',*,*,#3802,.F.);
#5127=ORIENTED_EDGE('',*,*,#3803,.F.);
#5128=ORIENTED_EDGE('',*,*,#3802,.T.);
#5129=ORIENTED_EDGE('',*,*,#3804,.F.);
#5130=ORIENTED_EDGE('',*,*,#3805,.F.);
#5131=ORIENTED_EDGE('',*,*,#3806,.F.);
#5132=ORIENTED_EDGE('',*,*,#3805,.T.);
#5133=ORIENTED_EDGE('',*,*,#3807,.F.);
#5134=ORIENTED_EDGE('',*,*,#3808,.F.);
#5135=ORIENTED_EDGE('',*,*,#3809,.F.);
#5136=ORIENTED_EDGE('',*,*,#3808,.T.);
#5137=ORIENTED_EDGE('',*,*,#3810,.F.);
#5138=ORIENTED_EDGE('',*,*,#3811,.F.);
#5139=ORIENTED_EDGE('',*,*,#3812,.F.);
#5140=ORIENTED_EDGE('',*,*,#3811,.T.);
#5141=ORIENTED_EDGE('',*,*,#3813,.F.);
#5142=ORIENTED_EDGE('',*,*,#3814,.F.);
#5143=ORIENTED_EDGE('',*,*,#3815,.F.);
#5144=ORIENTED_EDGE('',*,*,#3814,.T.);
#5145=ORIENTED_EDGE('',*,*,#3816,.F.);
#5146=ORIENTED_EDGE('',*,*,#3817,.F.);
#5147=ORIENTED_EDGE('',*,*,#3818,.F.);
#5148=ORIENTED_EDGE('',*,*,#3817,.T.);
#5149=ORIENTED_EDGE('',*,*,#3819,.F.);
#5150=ORIENTED_EDGE('',*,*,#3820,.F.);
#5151=ORIENTED_EDGE('',*,*,#3821,.F.);
#5152=ORIENTED_EDGE('',*,*,#3820,.T.);
#5153=ORIENTED_EDGE('',*,*,#3822,.F.);
#5154=ORIENTED_EDGE('',*,*,#3823,.F.);
#5155=ORIENTED_EDGE('',*,*,#3824,.F.);
#5156=ORIENTED_EDGE('',*,*,#3823,.T.);
#5157=ORIENTED_EDGE('',*,*,#3825,.F.);
#5158=ORIENTED_EDGE('',*,*,#3826,.F.);
#5159=ORIENTED_EDGE('',*,*,#3827,.F.);
#5160=ORIENTED_EDGE('',*,*,#3826,.T.);
#5161=ORIENTED_EDGE('',*,*,#3828,.F.);
#5162=ORIENTED_EDGE('',*,*,#3829,.F.);
#5163=ORIENTED_EDGE('',*,*,#3830,.F.);
#5164=ORIENTED_EDGE('',*,*,#3829,.T.);
#5165=ORIENTED_EDGE('',*,*,#3831,.F.);
#5166=ORIENTED_EDGE('',*,*,#3832,.F.);
#5167=ORIENTED_EDGE('',*,*,#3833,.F.);
#5168=ORIENTED_EDGE('',*,*,#3832,.T.);
#5169=ORIENTED_EDGE('',*,*,#3834,.F.);
#5170=ORIENTED_EDGE('',*,*,#3835,.F.);
#5171=ORIENTED_EDGE('',*,*,#3836,.F.);
#5172=ORIENTED_EDGE('',*,*,#3835,.T.);
#5173=ORIENTED_EDGE('',*,*,#3837,.F.);
#5174=ORIENTED_EDGE('',*,*,#3838,.F.);
#5175=ORIENTED_EDGE('',*,*,#3839,.F.);
#5176=ORIENTED_EDGE('',*,*,#3838,.T.);
#5177=ORIENTED_EDGE('',*,*,#3840,.F.);
#5178=ORIENTED_EDGE('',*,*,#3841,.F.);
#5179=ORIENTED_EDGE('',*,*,#3842,.F.);
#5180=ORIENTED_EDGE('',*,*,#3841,.T.);
#5181=ORIENTED_EDGE('',*,*,#3843,.F.);
#5182=ORIENTED_EDGE('',*,*,#3844,.F.);
#5183=ORIENTED_EDGE('',*,*,#3845,.F.);
#5184=ORIENTED_EDGE('',*,*,#3844,.T.);
#5185=ORIENTED_EDGE('',*,*,#3846,.F.);
#5186=ORIENTED_EDGE('',*,*,#3847,.F.);
#5187=ORIENTED_EDGE('',*,*,#3848,.F.);
#5188=ORIENTED_EDGE('',*,*,#3847,.T.);
#5189=ORIENTED_EDGE('',*,*,#3849,.F.);
#5190=ORIENTED_EDGE('',*,*,#3850,.F.);
#5191=ORIENTED_EDGE('',*,*,#3851,.F.);
#5192=ORIENTED_EDGE('',*,*,#3850,.T.);
#5193=ORIENTED_EDGE('',*,*,#3852,.F.);
#5194=ORIENTED_EDGE('',*,*,#3853,.F.);
#5195=ORIENTED_EDGE('',*,*,#3854,.F.);
#5196=ORIENTED_EDGE('',*,*,#3853,.T.);
#5197=ORIENTED_EDGE('',*,*,#3855,.F.);
#5198=ORIENTED_EDGE('',*,*,#3856,.F.);
#5199=ORIENTED_EDGE('',*,*,#3857,.F.);
#5200=ORIENTED_EDGE('',*,*,#3856,.T.);
#5201=ORIENTED_EDGE('',*,*,#3858,.F.);
#5202=ORIENTED_EDGE('',*,*,#3859,.F.);
#5203=ORIENTED_EDGE('',*,*,#3860,.F.);
#5204=ORIENTED_EDGE('',*,*,#3859,.T.);
#5205=ORIENTED_EDGE('',*,*,#3861,.F.);
#5206=ORIENTED_EDGE('',*,*,#3862,.F.);
#5207=ORIENTED_EDGE('',*,*,#3863,.F.);
#5208=ORIENTED_EDGE('',*,*,#3862,.T.);
#5209=ORIENTED_EDGE('',*,*,#3864,.F.);
#5210=ORIENTED_EDGE('',*,*,#3865,.F.);
#5211=ORIENTED_EDGE('',*,*,#3866,.F.);
#5212=ORIENTED_EDGE('',*,*,#3865,.T.);
#5213=ORIENTED_EDGE('',*,*,#3867,.F.);
#5214=ORIENTED_EDGE('',*,*,#3868,.F.);
#5215=ORIENTED_EDGE('',*,*,#3869,.F.);
#5216=ORIENTED_EDGE('',*,*,#3868,.T.);
#5217=ORIENTED_EDGE('',*,*,#3870,.F.);
#5218=ORIENTED_EDGE('',*,*,#3791,.F.);
#5219=ORIENTED_EDGE('',*,*,#3870,.T.);
#5220=ORIENTED_EDGE('',*,*,#3867,.T.);
#5221=ORIENTED_EDGE('',*,*,#3864,.T.);
#5222=ORIENTED_EDGE('',*,*,#3861,.T.);
#5223=ORIENTED_EDGE('',*,*,#3858,.T.);
#5224=ORIENTED_EDGE('',*,*,#3855,.T.);
#5225=ORIENTED_EDGE('',*,*,#3852,.T.);
#5226=ORIENTED_EDGE('',*,*,#3849,.T.);
#5227=ORIENTED_EDGE('',*,*,#3846,.T.);
#5228=ORIENTED_EDGE('',*,*,#3843,.T.);
#5229=ORIENTED_EDGE('',*,*,#3840,.T.);
#5230=ORIENTED_EDGE('',*,*,#3837,.T.);
#5231=ORIENTED_EDGE('',*,*,#3834,.T.);
#5232=ORIENTED_EDGE('',*,*,#3831,.T.);
#5233=ORIENTED_EDGE('',*,*,#3828,.T.);
#5234=ORIENTED_EDGE('',*,*,#3825,.T.);
#5235=ORIENTED_EDGE('',*,*,#3822,.T.);
#5236=ORIENTED_EDGE('',*,*,#3819,.T.);
#5237=ORIENTED_EDGE('',*,*,#3816,.T.);
#5238=ORIENTED_EDGE('',*,*,#3813,.T.);
#5239=ORIENTED_EDGE('',*,*,#3810,.T.);
#5240=ORIENTED_EDGE('',*,*,#3807,.T.);
#5241=ORIENTED_EDGE('',*,*,#3804,.T.);
#5242=ORIENTED_EDGE('',*,*,#3801,.T.);
#5243=ORIENTED_EDGE('',*,*,#3798,.T.);
#5244=ORIENTED_EDGE('',*,*,#3795,.T.);
#5245=ORIENTED_EDGE('',*,*,#3792,.T.);
#5246=ORIENTED_EDGE('',*,*,#3789,.T.);
#5247=ORIENTED_EDGE('',*,*,#3786,.T.);
#5248=ORIENTED_EDGE('',*,*,#3783,.T.);
#5249=ORIENTED_EDGE('',*,*,#3780,.T.);
#5250=ORIENTED_EDGE('',*,*,#3777,.T.);
#5251=ORIENTED_EDGE('',*,*,#3774,.T.);
#5252=ORIENTED_EDGE('',*,*,#3771,.T.);
#5253=ORIENTED_EDGE('',*,*,#3768,.T.);
#5254=ORIENTED_EDGE('',*,*,#3765,.T.);
#5255=ORIENTED_EDGE('',*,*,#3762,.T.);
#5256=ORIENTED_EDGE('',*,*,#3760,.T.);
#5257=ORIENTED_EDGE('',*,*,#3764,.T.);
#5258=ORIENTED_EDGE('',*,*,#3767,.T.);
#5259=ORIENTED_EDGE('',*,*,#3770,.T.);
#5260=ORIENTED_EDGE('',*,*,#3773,.T.);
#5261=ORIENTED_EDGE('',*,*,#3776,.T.);
#5262=ORIENTED_EDGE('',*,*,#3779,.T.);
#5263=ORIENTED_EDGE('',*,*,#3782,.T.);
#5264=ORIENTED_EDGE('',*,*,#3785,.T.);
#5265=ORIENTED_EDGE('',*,*,#3788,.T.);
#5266=ORIENTED_EDGE('',*,*,#3871,.F.);
#5267=ORIENTED_EDGE('',*,*,#3872,.T.);
#5268=ORIENTED_EDGE('',*,*,#3873,.F.);
#5269=ORIENTED_EDGE('',*,*,#3874,.F.);
#5270=ORIENTED_EDGE('',*,*,#3875,.F.);
#5271=ORIENTED_EDGE('',*,*,#3874,.T.);
#5272=ORIENTED_EDGE('',*,*,#3876,.F.);
#5273=ORIENTED_EDGE('',*,*,#3877,.F.);
#5274=ORIENTED_EDGE('',*,*,#3878,.F.);
#5275=ORIENTED_EDGE('',*,*,#3877,.T.);
#5276=ORIENTED_EDGE('',*,*,#3879,.F.);
#5277=ORIENTED_EDGE('',*,*,#3880,.F.);
#5278=ORIENTED_EDGE('',*,*,#3881,.F.);
#5279=ORIENTED_EDGE('',*,*,#3880,.T.);
#5280=ORIENTED_EDGE('',*,*,#3882,.F.);
#5281=ORIENTED_EDGE('',*,*,#3883,.F.);
#5282=ORIENTED_EDGE('',*,*,#3884,.F.);
#5283=ORIENTED_EDGE('',*,*,#3883,.T.);
#5284=ORIENTED_EDGE('',*,*,#3885,.F.);
#5285=ORIENTED_EDGE('',*,*,#3886,.F.);
#5286=ORIENTED_EDGE('',*,*,#3887,.F.);
#5287=ORIENTED_EDGE('',*,*,#3886,.T.);
#5288=ORIENTED_EDGE('',*,*,#3888,.F.);
#5289=ORIENTED_EDGE('',*,*,#3889,.F.);
#5290=ORIENTED_EDGE('',*,*,#3890,.F.);
#5291=ORIENTED_EDGE('',*,*,#3889,.T.);
#5292=ORIENTED_EDGE('',*,*,#3891,.F.);
#5293=ORIENTED_EDGE('',*,*,#3892,.F.);
#5294=ORIENTED_EDGE('',*,*,#3893,.F.);
#5295=ORIENTED_EDGE('',*,*,#3892,.T.);
#5296=ORIENTED_EDGE('',*,*,#3894,.F.);
#5297=ORIENTED_EDGE('',*,*,#3895,.F.);
#5298=ORIENTED_EDGE('',*,*,#3896,.F.);
#5299=ORIENTED_EDGE('',*,*,#3895,.T.);
#5300=ORIENTED_EDGE('',*,*,#3897,.F.);
#5301=ORIENTED_EDGE('',*,*,#3898,.F.);
#5302=ORIENTED_EDGE('',*,*,#3899,.F.);
#5303=ORIENTED_EDGE('',*,*,#3898,.T.);
#5304=ORIENTED_EDGE('',*,*,#3900,.F.);
#5305=ORIENTED_EDGE('',*,*,#3901,.F.);
#5306=ORIENTED_EDGE('',*,*,#3902,.F.);
#5307=ORIENTED_EDGE('',*,*,#3901,.T.);
#5308=ORIENTED_EDGE('',*,*,#3903,.F.);
#5309=ORIENTED_EDGE('',*,*,#3904,.F.);
#5310=ORIENTED_EDGE('',*,*,#3905,.F.);
#5311=ORIENTED_EDGE('',*,*,#3904,.T.);
#5312=ORIENTED_EDGE('',*,*,#3906,.F.);
#5313=ORIENTED_EDGE('',*,*,#3907,.F.);
#5314=ORIENTED_EDGE('',*,*,#3908,.F.);
#5315=ORIENTED_EDGE('',*,*,#3907,.T.);
#5316=ORIENTED_EDGE('',*,*,#3909,.F.);
#5317=ORIENTED_EDGE('',*,*,#3910,.F.);
#5318=ORIENTED_EDGE('',*,*,#3911,.F.);
#5319=ORIENTED_EDGE('',*,*,#3910,.T.);
#5320=ORIENTED_EDGE('',*,*,#3912,.F.);
#5321=ORIENTED_EDGE('',*,*,#3913,.F.);
#5322=ORIENTED_EDGE('',*,*,#3914,.F.);
#5323=ORIENTED_EDGE('',*,*,#3913,.T.);
#5324=ORIENTED_EDGE('',*,*,#3915,.F.);
#5325=ORIENTED_EDGE('',*,*,#3916,.F.);
#5326=ORIENTED_EDGE('',*,*,#3917,.F.);
#5327=ORIENTED_EDGE('',*,*,#3916,.T.);
#5328=ORIENTED_EDGE('',*,*,#3918,.F.);
#5329=ORIENTED_EDGE('',*,*,#3919,.F.);
#5330=ORIENTED_EDGE('',*,*,#3920,.F.);
#5331=ORIENTED_EDGE('',*,*,#3919,.T.);
#5332=ORIENTED_EDGE('',*,*,#3921,.F.);
#5333=ORIENTED_EDGE('',*,*,#3922,.F.);
#5334=ORIENTED_EDGE('',*,*,#3923,.F.);
#5335=ORIENTED_EDGE('',*,*,#3922,.T.);
#5336=ORIENTED_EDGE('',*,*,#3924,.F.);
#5337=ORIENTED_EDGE('',*,*,#3872,.F.);
#5338=ORIENTED_EDGE('',*,*,#3924,.T.);
#5339=ORIENTED_EDGE('',*,*,#3921,.T.);
#5340=ORIENTED_EDGE('',*,*,#3918,.T.);
#5341=ORIENTED_EDGE('',*,*,#3915,.T.);
#5342=ORIENTED_EDGE('',*,*,#3912,.T.);
#5343=ORIENTED_EDGE('',*,*,#3909,.T.);
#5344=ORIENTED_EDGE('',*,*,#3906,.T.);
#5345=ORIENTED_EDGE('',*,*,#3903,.T.);
#5346=ORIENTED_EDGE('',*,*,#3900,.T.);
#5347=ORIENTED_EDGE('',*,*,#3897,.T.);
#5348=ORIENTED_EDGE('',*,*,#3894,.T.);
#5349=ORIENTED_EDGE('',*,*,#3891,.T.);
#5350=ORIENTED_EDGE('',*,*,#3888,.T.);
#5351=ORIENTED_EDGE('',*,*,#3885,.T.);
#5352=ORIENTED_EDGE('',*,*,#3882,.T.);
#5353=ORIENTED_EDGE('',*,*,#3879,.T.);
#5354=ORIENTED_EDGE('',*,*,#3876,.T.);
#5355=ORIENTED_EDGE('',*,*,#3873,.T.);
#5356=ORIENTED_EDGE('',*,*,#3925,.F.);
#5357=ORIENTED_EDGE('',*,*,#3926,.T.);
#5358=ORIENTED_EDGE('',*,*,#3927,.F.);
#5359=ORIENTED_EDGE('',*,*,#3928,.F.);
#5360=ORIENTED_EDGE('',*,*,#3929,.F.);
#5361=ORIENTED_EDGE('',*,*,#3928,.T.);
#5362=ORIENTED_EDGE('',*,*,#3930,.F.);
#5363=ORIENTED_EDGE('',*,*,#3931,.F.);
#5364=ORIENTED_EDGE('',*,*,#3932,.F.);
#5365=ORIENTED_EDGE('',*,*,#3931,.T.);
#5366=ORIENTED_EDGE('',*,*,#3933,.F.);
#5367=ORIENTED_EDGE('',*,*,#3934,.F.);
#5368=ORIENTED_EDGE('',*,*,#3935,.F.);
#5369=ORIENTED_EDGE('',*,*,#3934,.T.);
#5370=ORIENTED_EDGE('',*,*,#3936,.F.);
#5371=ORIENTED_EDGE('',*,*,#3926,.F.);
#5372=ORIENTED_EDGE('',*,*,#3936,.T.);
#5373=ORIENTED_EDGE('',*,*,#3933,.T.);
#5374=ORIENTED_EDGE('',*,*,#3930,.T.);
#5375=ORIENTED_EDGE('',*,*,#3927,.T.);
#5376=ORIENTED_EDGE('',*,*,#3937,.F.);
#5377=ORIENTED_EDGE('',*,*,#3938,.T.);
#5378=ORIENTED_EDGE('',*,*,#3939,.F.);
#5379=ORIENTED_EDGE('',*,*,#3940,.F.);
#5380=ORIENTED_EDGE('',*,*,#3941,.F.);
#5381=ORIENTED_EDGE('',*,*,#3940,.T.);
#5382=ORIENTED_EDGE('',*,*,#3942,.F.);
#5383=ORIENTED_EDGE('',*,*,#3943,.F.);
#5384=ORIENTED_EDGE('',*,*,#3944,.F.);
#5385=ORIENTED_EDGE('',*,*,#3943,.T.);
#5386=ORIENTED_EDGE('',*,*,#3945,.F.);
#5387=ORIENTED_EDGE('',*,*,#3946,.F.);
#5388=ORIENTED_EDGE('',*,*,#3947,.F.);
#5389=ORIENTED_EDGE('',*,*,#3946,.T.);
#5390=ORIENTED_EDGE('',*,*,#3948,.F.);
#5391=ORIENTED_EDGE('',*,*,#3949,.F.);
#5392=ORIENTED_EDGE('',*,*,#3950,.F.);
#5393=ORIENTED_EDGE('',*,*,#3949,.T.);
#5394=ORIENTED_EDGE('',*,*,#3951,.F.);
#5395=ORIENTED_EDGE('',*,*,#3952,.F.);
#5396=ORIENTED_EDGE('',*,*,#3953,.F.);
#5397=ORIENTED_EDGE('',*,*,#3952,.T.);
#5398=ORIENTED_EDGE('',*,*,#3954,.F.);
#5399=ORIENTED_EDGE('',*,*,#3955,.F.);
#5400=ORIENTED_EDGE('',*,*,#3956,.F.);
#5401=ORIENTED_EDGE('',*,*,#3955,.T.);
#5402=ORIENTED_EDGE('',*,*,#3957,.F.);
#5403=ORIENTED_EDGE('',*,*,#3958,.F.);
#5404=ORIENTED_EDGE('',*,*,#3959,.F.);
#5405=ORIENTED_EDGE('',*,*,#3958,.T.);
#5406=ORIENTED_EDGE('',*,*,#3960,.F.);
#5407=ORIENTED_EDGE('',*,*,#3961,.F.);
#5408=ORIENTED_EDGE('',*,*,#3962,.F.);
#5409=ORIENTED_EDGE('',*,*,#3961,.T.);
#5410=ORIENTED_EDGE('',*,*,#3963,.F.);
#5411=ORIENTED_EDGE('',*,*,#3964,.F.);
#5412=ORIENTED_EDGE('',*,*,#3965,.F.);
#5413=ORIENTED_EDGE('',*,*,#3964,.T.);
#5414=ORIENTED_EDGE('',*,*,#3966,.F.);
#5415=ORIENTED_EDGE('',*,*,#3967,.F.);
#5416=ORIENTED_EDGE('',*,*,#3968,.F.);
#5417=ORIENTED_EDGE('',*,*,#3967,.T.);
#5418=ORIENTED_EDGE('',*,*,#3969,.F.);
#5419=ORIENTED_EDGE('',*,*,#3970,.F.);
#5420=ORIENTED_EDGE('',*,*,#3971,.F.);
#5421=ORIENTED_EDGE('',*,*,#3970,.T.);
#5422=ORIENTED_EDGE('',*,*,#3972,.F.);
#5423=ORIENTED_EDGE('',*,*,#3973,.F.);
#5424=ORIENTED_EDGE('',*,*,#3974,.F.);
#5425=ORIENTED_EDGE('',*,*,#3973,.T.);
#5426=ORIENTED_EDGE('',*,*,#3975,.F.);
#5427=ORIENTED_EDGE('',*,*,#3938,.F.);
#5428=ORIENTED_EDGE('',*,*,#3975,.T.);
#5429=ORIENTED_EDGE('',*,*,#3972,.T.);
#5430=ORIENTED_EDGE('',*,*,#3969,.T.);
#5431=ORIENTED_EDGE('',*,*,#3966,.T.);
#5432=ORIENTED_EDGE('',*,*,#3963,.T.);
#5433=ORIENTED_EDGE('',*,*,#3960,.T.);
#5434=ORIENTED_EDGE('',*,*,#3957,.T.);
#5435=ORIENTED_EDGE('',*,*,#3954,.T.);
#5436=ORIENTED_EDGE('',*,*,#3951,.T.);
#5437=ORIENTED_EDGE('',*,*,#3948,.T.);
#5438=ORIENTED_EDGE('',*,*,#3945,.T.);
#5439=ORIENTED_EDGE('',*,*,#3942,.T.);
#5440=ORIENTED_EDGE('',*,*,#3939,.T.);
#5441=ORIENTED_EDGE('',*,*,#3976,.F.);
#5442=ORIENTED_EDGE('',*,*,#3977,.T.);
#5443=ORIENTED_EDGE('',*,*,#3978,.F.);
#5444=ORIENTED_EDGE('',*,*,#3979,.F.);
#5445=ORIENTED_EDGE('',*,*,#3980,.F.);
#5446=ORIENTED_EDGE('',*,*,#3979,.T.);
#5447=ORIENTED_EDGE('',*,*,#3981,.F.);
#5448=ORIENTED_EDGE('',*,*,#3982,.F.);
#5449=ORIENTED_EDGE('',*,*,#3983,.F.);
#5450=ORIENTED_EDGE('',*,*,#3982,.T.);
#5451=ORIENTED_EDGE('',*,*,#3984,.F.);
#5452=ORIENTED_EDGE('',*,*,#3985,.F.);
#5453=ORIENTED_EDGE('',*,*,#3986,.F.);
#5454=ORIENTED_EDGE('',*,*,#3985,.T.);
#5455=ORIENTED_EDGE('',*,*,#3987,.F.);
#5456=ORIENTED_EDGE('',*,*,#3988,.F.);
#5457=ORIENTED_EDGE('',*,*,#3989,.F.);
#5458=ORIENTED_EDGE('',*,*,#3988,.T.);
#5459=ORIENTED_EDGE('',*,*,#3990,.F.);
#5460=ORIENTED_EDGE('',*,*,#3991,.F.);
#5461=ORIENTED_EDGE('',*,*,#3992,.F.);
#5462=ORIENTED_EDGE('',*,*,#3991,.T.);
#5463=ORIENTED_EDGE('',*,*,#3993,.F.);
#5464=ORIENTED_EDGE('',*,*,#3994,.F.);
#5465=ORIENTED_EDGE('',*,*,#3995,.F.);
#5466=ORIENTED_EDGE('',*,*,#3994,.T.);
#5467=ORIENTED_EDGE('',*,*,#3996,.F.);
#5468=ORIENTED_EDGE('',*,*,#3997,.F.);
#5469=ORIENTED_EDGE('',*,*,#3998,.F.);
#5470=ORIENTED_EDGE('',*,*,#3997,.T.);
#5471=ORIENTED_EDGE('',*,*,#3999,.F.);
#5472=ORIENTED_EDGE('',*,*,#4000,.F.);
#5473=ORIENTED_EDGE('',*,*,#4001,.F.);
#5474=ORIENTED_EDGE('',*,*,#4000,.T.);
#5475=ORIENTED_EDGE('',*,*,#4002,.F.);
#5476=ORIENTED_EDGE('',*,*,#4003,.F.);
#5477=ORIENTED_EDGE('',*,*,#4004,.F.);
#5478=ORIENTED_EDGE('',*,*,#4003,.T.);
#5479=ORIENTED_EDGE('',*,*,#4005,.F.);
#5480=ORIENTED_EDGE('',*,*,#4006,.F.);
#5481=ORIENTED_EDGE('',*,*,#4007,.F.);
#5482=ORIENTED_EDGE('',*,*,#4006,.T.);
#5483=ORIENTED_EDGE('',*,*,#4008,.F.);
#5484=ORIENTED_EDGE('',*,*,#4009,.F.);
#5485=ORIENTED_EDGE('',*,*,#4010,.F.);
#5486=ORIENTED_EDGE('',*,*,#4009,.T.);
#5487=ORIENTED_EDGE('',*,*,#4011,.F.);
#5488=ORIENTED_EDGE('',*,*,#4012,.F.);
#5489=ORIENTED_EDGE('',*,*,#4013,.F.);
#5490=ORIENTED_EDGE('',*,*,#4012,.T.);
#5491=ORIENTED_EDGE('',*,*,#4014,.F.);
#5492=ORIENTED_EDGE('',*,*,#4015,.F.);
#5493=ORIENTED_EDGE('',*,*,#4016,.F.);
#5494=ORIENTED_EDGE('',*,*,#4015,.T.);
#5495=ORIENTED_EDGE('',*,*,#4017,.F.);
#5496=ORIENTED_EDGE('',*,*,#4018,.F.);
#5497=ORIENTED_EDGE('',*,*,#4019,.F.);
#5498=ORIENTED_EDGE('',*,*,#4018,.T.);
#5499=ORIENTED_EDGE('',*,*,#4020,.F.);
#5500=ORIENTED_EDGE('',*,*,#4021,.F.);
#5501=ORIENTED_EDGE('',*,*,#4022,.F.);
#5502=ORIENTED_EDGE('',*,*,#4021,.T.);
#5503=ORIENTED_EDGE('',*,*,#4023,.F.);
#5504=ORIENTED_EDGE('',*,*,#4024,.F.);
#5505=ORIENTED_EDGE('',*,*,#4025,.F.);
#5506=ORIENTED_EDGE('',*,*,#4024,.T.);
#5507=ORIENTED_EDGE('',*,*,#4026,.F.);
#5508=ORIENTED_EDGE('',*,*,#4027,.F.);
#5509=ORIENTED_EDGE('',*,*,#4028,.F.);
#5510=ORIENTED_EDGE('',*,*,#4027,.T.);
#5511=ORIENTED_EDGE('',*,*,#4029,.F.);
#5512=ORIENTED_EDGE('',*,*,#4030,.F.);
#5513=ORIENTED_EDGE('',*,*,#4031,.F.);
#5514=ORIENTED_EDGE('',*,*,#4030,.T.);
#5515=ORIENTED_EDGE('',*,*,#4032,.F.);
#5516=ORIENTED_EDGE('',*,*,#4033,.F.);
#5517=ORIENTED_EDGE('',*,*,#4034,.F.);
#5518=ORIENTED_EDGE('',*,*,#4033,.T.);
#5519=ORIENTED_EDGE('',*,*,#4035,.F.);
#5520=ORIENTED_EDGE('',*,*,#3977,.F.);
#5521=ORIENTED_EDGE('',*,*,#4035,.T.);
#5522=ORIENTED_EDGE('',*,*,#4032,.T.);
#5523=ORIENTED_EDGE('',*,*,#4029,.T.);
#5524=ORIENTED_EDGE('',*,*,#4026,.T.);
#5525=ORIENTED_EDGE('',*,*,#4023,.T.);
#5526=ORIENTED_EDGE('',*,*,#4020,.T.);
#5527=ORIENTED_EDGE('',*,*,#4017,.T.);
#5528=ORIENTED_EDGE('',*,*,#4014,.T.);
#5529=ORIENTED_EDGE('',*,*,#4011,.T.);
#5530=ORIENTED_EDGE('',*,*,#4008,.T.);
#5531=ORIENTED_EDGE('',*,*,#4005,.T.);
#5532=ORIENTED_EDGE('',*,*,#4002,.T.);
#5533=ORIENTED_EDGE('',*,*,#3999,.T.);
#5534=ORIENTED_EDGE('',*,*,#3996,.T.);
#5535=ORIENTED_EDGE('',*,*,#3993,.T.);
#5536=ORIENTED_EDGE('',*,*,#3990,.T.);
#5537=ORIENTED_EDGE('',*,*,#3987,.T.);
#5538=ORIENTED_EDGE('',*,*,#3984,.T.);
#5539=ORIENTED_EDGE('',*,*,#3981,.T.);
#5540=ORIENTED_EDGE('',*,*,#3978,.T.);
#5541=ORIENTED_EDGE('',*,*,#4036,.F.);
#5542=ORIENTED_EDGE('',*,*,#4037,.T.);
#5543=ORIENTED_EDGE('',*,*,#4038,.F.);
#5544=ORIENTED_EDGE('',*,*,#4039,.F.);
#5545=ORIENTED_EDGE('',*,*,#4040,.F.);
#5546=ORIENTED_EDGE('',*,*,#4039,.T.);
#5547=ORIENTED_EDGE('',*,*,#4041,.F.);
#5548=ORIENTED_EDGE('',*,*,#4042,.F.);
#5549=ORIENTED_EDGE('',*,*,#4043,.F.);
#5550=ORIENTED_EDGE('',*,*,#4042,.T.);
#5551=ORIENTED_EDGE('',*,*,#4044,.F.);
#5552=ORIENTED_EDGE('',*,*,#4045,.F.);
#5553=ORIENTED_EDGE('',*,*,#4046,.F.);
#5554=ORIENTED_EDGE('',*,*,#4045,.T.);
#5555=ORIENTED_EDGE('',*,*,#4047,.F.);
#5556=ORIENTED_EDGE('',*,*,#4037,.F.);
#5557=ORIENTED_EDGE('',*,*,#4047,.T.);
#5558=ORIENTED_EDGE('',*,*,#4044,.T.);
#5559=ORIENTED_EDGE('',*,*,#4041,.T.);
#5560=ORIENTED_EDGE('',*,*,#4038,.T.);
#5561=ORIENTED_EDGE('',*,*,#4048,.F.);
#5562=ORIENTED_EDGE('',*,*,#4049,.T.);
#5563=ORIENTED_EDGE('',*,*,#4050,.F.);
#5564=ORIENTED_EDGE('',*,*,#4051,.F.);
#5565=ORIENTED_EDGE('',*,*,#4052,.F.);
#5566=ORIENTED_EDGE('',*,*,#4051,.T.);
#5567=ORIENTED_EDGE('',*,*,#4053,.F.);
#5568=ORIENTED_EDGE('',*,*,#4054,.F.);
#5569=ORIENTED_EDGE('',*,*,#4055,.F.);
#5570=ORIENTED_EDGE('',*,*,#4054,.T.);
#5571=ORIENTED_EDGE('',*,*,#4056,.F.);
#5572=ORIENTED_EDGE('',*,*,#4057,.F.);
#5573=ORIENTED_EDGE('',*,*,#4058,.F.);
#5574=ORIENTED_EDGE('',*,*,#4057,.T.);
#5575=ORIENTED_EDGE('',*,*,#4059,.F.);
#5576=ORIENTED_EDGE('',*,*,#4060,.F.);
#5577=ORIENTED_EDGE('',*,*,#4061,.F.);
#5578=ORIENTED_EDGE('',*,*,#4060,.T.);
#5579=ORIENTED_EDGE('',*,*,#4062,.F.);
#5580=ORIENTED_EDGE('',*,*,#4063,.F.);
#5581=ORIENTED_EDGE('',*,*,#4064,.F.);
#5582=ORIENTED_EDGE('',*,*,#4063,.T.);
#5583=ORIENTED_EDGE('',*,*,#4065,.F.);
#5584=ORIENTED_EDGE('',*,*,#4066,.F.);
#5585=ORIENTED_EDGE('',*,*,#4067,.F.);
#5586=ORIENTED_EDGE('',*,*,#4066,.T.);
#5587=ORIENTED_EDGE('',*,*,#4068,.F.);
#5588=ORIENTED_EDGE('',*,*,#4069,.F.);
#5589=ORIENTED_EDGE('',*,*,#4070,.F.);
#5590=ORIENTED_EDGE('',*,*,#4069,.T.);
#5591=ORIENTED_EDGE('',*,*,#4071,.F.);
#5592=ORIENTED_EDGE('',*,*,#4072,.F.);
#5593=ORIENTED_EDGE('',*,*,#4073,.F.);
#5594=ORIENTED_EDGE('',*,*,#4072,.T.);
#5595=ORIENTED_EDGE('',*,*,#4074,.F.);
#5596=ORIENTED_EDGE('',*,*,#4075,.F.);
#5597=ORIENTED_EDGE('',*,*,#4076,.F.);
#5598=ORIENTED_EDGE('',*,*,#4075,.T.);
#5599=ORIENTED_EDGE('',*,*,#4077,.F.);
#5600=ORIENTED_EDGE('',*,*,#4078,.F.);
#5601=ORIENTED_EDGE('',*,*,#4079,.F.);
#5602=ORIENTED_EDGE('',*,*,#4078,.T.);
#5603=ORIENTED_EDGE('',*,*,#4080,.F.);
#5604=ORIENTED_EDGE('',*,*,#4081,.F.);
#5605=ORIENTED_EDGE('',*,*,#4082,.F.);
#5606=ORIENTED_EDGE('',*,*,#4081,.T.);
#5607=ORIENTED_EDGE('',*,*,#4083,.F.);
#5608=ORIENTED_EDGE('',*,*,#4084,.F.);
#5609=ORIENTED_EDGE('',*,*,#4085,.F.);
#5610=ORIENTED_EDGE('',*,*,#4084,.T.);
#5611=ORIENTED_EDGE('',*,*,#4086,.F.);
#5612=ORIENTED_EDGE('',*,*,#4049,.F.);
#5613=ORIENTED_EDGE('',*,*,#4086,.T.);
#5614=ORIENTED_EDGE('',*,*,#4083,.T.);
#5615=ORIENTED_EDGE('',*,*,#4080,.T.);
#5616=ORIENTED_EDGE('',*,*,#4077,.T.);
#5617=ORIENTED_EDGE('',*,*,#4074,.T.);
#5618=ORIENTED_EDGE('',*,*,#4071,.T.);
#5619=ORIENTED_EDGE('',*,*,#4068,.T.);
#5620=ORIENTED_EDGE('',*,*,#4065,.T.);
#5621=ORIENTED_EDGE('',*,*,#4062,.T.);
#5622=ORIENTED_EDGE('',*,*,#4059,.T.);
#5623=ORIENTED_EDGE('',*,*,#4056,.T.);
#5624=ORIENTED_EDGE('',*,*,#4053,.T.);
#5625=ORIENTED_EDGE('',*,*,#4050,.T.);
#5626=ORIENTED_EDGE('',*,*,#4087,.F.);
#5627=ORIENTED_EDGE('',*,*,#4088,.T.);
#5628=ORIENTED_EDGE('',*,*,#4089,.F.);
#5629=ORIENTED_EDGE('',*,*,#4090,.F.);
#5630=ORIENTED_EDGE('',*,*,#4091,.F.);
#5631=ORIENTED_EDGE('',*,*,#4090,.T.);
#5632=ORIENTED_EDGE('',*,*,#4092,.F.);
#5633=ORIENTED_EDGE('',*,*,#4093,.F.);
#5634=ORIENTED_EDGE('',*,*,#4094,.F.);
#5635=ORIENTED_EDGE('',*,*,#4093,.T.);
#5636=ORIENTED_EDGE('',*,*,#4095,.F.);
#5637=ORIENTED_EDGE('',*,*,#4096,.F.);
#5638=ORIENTED_EDGE('',*,*,#4097,.F.);
#5639=ORIENTED_EDGE('',*,*,#4096,.T.);
#5640=ORIENTED_EDGE('',*,*,#4098,.F.);
#5641=ORIENTED_EDGE('',*,*,#4099,.F.);
#5642=ORIENTED_EDGE('',*,*,#4100,.F.);
#5643=ORIENTED_EDGE('',*,*,#4099,.T.);
#5644=ORIENTED_EDGE('',*,*,#4101,.F.);
#5645=ORIENTED_EDGE('',*,*,#4088,.F.);
#5646=ORIENTED_EDGE('',*,*,#4102,.F.);
#5647=ORIENTED_EDGE('',*,*,#4103,.T.);
#5648=ORIENTED_EDGE('',*,*,#4104,.F.);
#5649=ORIENTED_EDGE('',*,*,#4105,.F.);
#5650=ORIENTED_EDGE('',*,*,#4106,.F.);
#5651=ORIENTED_EDGE('',*,*,#4105,.T.);
#5652=ORIENTED_EDGE('',*,*,#4107,.F.);
#5653=ORIENTED_EDGE('',*,*,#4108,.F.);
#5654=ORIENTED_EDGE('',*,*,#4109,.F.);
#5655=ORIENTED_EDGE('',*,*,#4108,.T.);
#5656=ORIENTED_EDGE('',*,*,#4110,.F.);
#5657=ORIENTED_EDGE('',*,*,#4111,.F.);
#5658=ORIENTED_EDGE('',*,*,#4112,.F.);
#5659=ORIENTED_EDGE('',*,*,#4111,.T.);
#5660=ORIENTED_EDGE('',*,*,#4113,.F.);
#5661=ORIENTED_EDGE('',*,*,#4114,.F.);
#5662=ORIENTED_EDGE('',*,*,#4115,.F.);
#5663=ORIENTED_EDGE('',*,*,#4114,.T.);
#5664=ORIENTED_EDGE('',*,*,#4116,.F.);
#5665=ORIENTED_EDGE('',*,*,#4117,.F.);
#5666=ORIENTED_EDGE('',*,*,#4118,.F.);
#5667=ORIENTED_EDGE('',*,*,#4117,.T.);
#5668=ORIENTED_EDGE('',*,*,#4119,.F.);
#5669=ORIENTED_EDGE('',*,*,#4120,.F.);
#5670=ORIENTED_EDGE('',*,*,#4121,.F.);
#5671=ORIENTED_EDGE('',*,*,#4120,.T.);
#5672=ORIENTED_EDGE('',*,*,#4122,.F.);
#5673=ORIENTED_EDGE('',*,*,#4123,.F.);
#5674=ORIENTED_EDGE('',*,*,#4124,.F.);
#5675=ORIENTED_EDGE('',*,*,#4123,.T.);
#5676=ORIENTED_EDGE('',*,*,#4125,.F.);
#5677=ORIENTED_EDGE('',*,*,#4126,.F.);
#5678=ORIENTED_EDGE('',*,*,#4127,.F.);
#5679=ORIENTED_EDGE('',*,*,#4126,.T.);
#5680=ORIENTED_EDGE('',*,*,#4128,.F.);
#5681=ORIENTED_EDGE('',*,*,#4129,.F.);
#5682=ORIENTED_EDGE('',*,*,#4130,.F.);
#5683=ORIENTED_EDGE('',*,*,#4129,.T.);
#5684=ORIENTED_EDGE('',*,*,#4131,.F.);
#5685=ORIENTED_EDGE('',*,*,#4132,.F.);
#5686=ORIENTED_EDGE('',*,*,#4133,.F.);
#5687=ORIENTED_EDGE('',*,*,#4132,.T.);
#5688=ORIENTED_EDGE('',*,*,#4134,.F.);
#5689=ORIENTED_EDGE('',*,*,#4135,.F.);
#5690=ORIENTED_EDGE('',*,*,#4136,.F.);
#5691=ORIENTED_EDGE('',*,*,#4135,.T.);
#5692=ORIENTED_EDGE('',*,*,#4137,.F.);
#5693=ORIENTED_EDGE('',*,*,#4138,.F.);
#5694=ORIENTED_EDGE('',*,*,#4139,.F.);
#5695=ORIENTED_EDGE('',*,*,#4138,.T.);
#5696=ORIENTED_EDGE('',*,*,#4140,.F.);
#5697=ORIENTED_EDGE('',*,*,#4141,.F.);
#5698=ORIENTED_EDGE('',*,*,#4142,.F.);
#5699=ORIENTED_EDGE('',*,*,#4141,.T.);
#5700=ORIENTED_EDGE('',*,*,#4143,.F.);
#5701=ORIENTED_EDGE('',*,*,#4144,.F.);
#5702=ORIENTED_EDGE('',*,*,#4145,.F.);
#5703=ORIENTED_EDGE('',*,*,#4144,.T.);
#5704=ORIENTED_EDGE('',*,*,#4146,.F.);
#5705=ORIENTED_EDGE('',*,*,#4103,.F.);
#5706=ORIENTED_EDGE('',*,*,#4146,.T.);
#5707=ORIENTED_EDGE('',*,*,#4143,.T.);
#5708=ORIENTED_EDGE('',*,*,#4140,.T.);
#5709=ORIENTED_EDGE('',*,*,#4137,.T.);
#5710=ORIENTED_EDGE('',*,*,#4134,.T.);
#5711=ORIENTED_EDGE('',*,*,#4131,.T.);
#5712=ORIENTED_EDGE('',*,*,#4128,.T.);
#5713=ORIENTED_EDGE('',*,*,#4125,.T.);
#5714=ORIENTED_EDGE('',*,*,#4122,.T.);
#5715=ORIENTED_EDGE('',*,*,#4119,.T.);
#5716=ORIENTED_EDGE('',*,*,#4116,.T.);
#5717=ORIENTED_EDGE('',*,*,#4113,.T.);
#5718=ORIENTED_EDGE('',*,*,#4110,.T.);
#5719=ORIENTED_EDGE('',*,*,#4107,.T.);
#5720=ORIENTED_EDGE('',*,*,#4104,.T.);
#5721=ORIENTED_EDGE('',*,*,#4101,.T.);
#5722=ORIENTED_EDGE('',*,*,#4098,.T.);
#5723=ORIENTED_EDGE('',*,*,#4095,.T.);
#5724=ORIENTED_EDGE('',*,*,#4092,.T.);
#5725=ORIENTED_EDGE('',*,*,#4089,.T.);
#5726=ORIENTED_EDGE('',*,*,#4087,.T.);
#5727=ORIENTED_EDGE('',*,*,#4091,.T.);
#5728=ORIENTED_EDGE('',*,*,#4094,.T.);
#5729=ORIENTED_EDGE('',*,*,#4097,.T.);
#5730=ORIENTED_EDGE('',*,*,#4100,.T.);
#5731=ORIENTED_EDGE('',*,*,#4147,.F.);
#5732=ORIENTED_EDGE('',*,*,#4148,.T.);
#5733=ORIENTED_EDGE('',*,*,#4149,.T.);
#5734=ORIENTED_EDGE('',*,*,#4148,.F.);
#5735=ORIENTED_EDGE('',*,*,#4149,.F.);
#5736=ORIENTED_EDGE('',*,*,#4150,.F.);
#5737=ORIENTED_EDGE('',*,*,#4151,.T.);
#5738=ORIENTED_EDGE('',*,*,#4152,.T.);
#5739=ORIENTED_EDGE('',*,*,#4151,.F.);
#5740=ORIENTED_EDGE('',*,*,#4152,.F.);
#5741=ORIENTED_EDGE('',*,*,#4153,.F.);
#5742=ORIENTED_EDGE('',*,*,#4147,.T.);
#5743=ORIENTED_EDGE('',*,*,#4154,.F.);
#5744=ORIENTED_EDGE('',*,*,#4150,.T.);
#5745=ORIENTED_EDGE('',*,*,#4155,.T.);
#5746=ORIENTED_EDGE('',*,*,#4156,.F.);
#5747=ORIENTED_EDGE('',*,*,#4157,.T.);
#5748=ORIENTED_EDGE('',*,*,#3271,.T.);
#5749=ORIENTED_EDGE('',*,*,#3277,.T.);
#5750=ORIENTED_EDGE('',*,*,#3283,.T.);
#5751=ORIENTED_EDGE('',*,*,#3313,.T.);
#5752=ORIENTED_EDGE('',*,*,#3317,.T.);
#5753=ORIENTED_EDGE('',*,*,#3320,.T.);
#5754=ORIENTED_EDGE('',*,*,#3323,.T.);
#5755=ORIENTED_EDGE('',*,*,#3326,.T.);
#5756=ORIENTED_EDGE('',*,*,#3329,.T.);
#5757=ORIENTED_EDGE('',*,*,#3332,.T.);
#5758=ORIENTED_EDGE('',*,*,#3335,.T.);
#5759=ORIENTED_EDGE('',*,*,#3338,.T.);
#5760=ORIENTED_EDGE('',*,*,#3341,.T.);
#5761=ORIENTED_EDGE('',*,*,#3344,.T.);
#5762=ORIENTED_EDGE('',*,*,#3409,.T.);
#5763=ORIENTED_EDGE('',*,*,#3413,.T.);
#5764=ORIENTED_EDGE('',*,*,#3416,.T.);
#5765=ORIENTED_EDGE('',*,*,#3419,.T.);
#5766=ORIENTED_EDGE('',*,*,#3422,.T.);
#5767=ORIENTED_EDGE('',*,*,#3425,.T.);
#5768=ORIENTED_EDGE('',*,*,#3428,.T.);
#5769=ORIENTED_EDGE('',*,*,#3431,.T.);
#5770=ORIENTED_EDGE('',*,*,#3434,.T.);
#5771=ORIENTED_EDGE('',*,*,#3562,.T.);
#5772=ORIENTED_EDGE('',*,*,#3566,.T.);
#5773=ORIENTED_EDGE('',*,*,#3569,.T.);
#5774=ORIENTED_EDGE('',*,*,#3572,.T.);
#5775=ORIENTED_EDGE('',*,*,#3575,.T.);
#5776=ORIENTED_EDGE('',*,*,#3578,.T.);
#5777=ORIENTED_EDGE('',*,*,#3581,.T.);
#5778=ORIENTED_EDGE('',*,*,#3584,.T.);
#5779=ORIENTED_EDGE('',*,*,#3587,.T.);
#5780=ORIENTED_EDGE('',*,*,#3590,.T.);
#5781=ORIENTED_EDGE('',*,*,#3593,.T.);
#5782=ORIENTED_EDGE('',*,*,#3596,.T.);
#5783=ORIENTED_EDGE('',*,*,#3599,.T.);
#5784=ORIENTED_EDGE('',*,*,#3602,.T.);
#5785=ORIENTED_EDGE('',*,*,#3605,.T.);
#5786=ORIENTED_EDGE('',*,*,#3625,.T.);
#5787=ORIENTED_EDGE('',*,*,#3629,.T.);
#5788=ORIENTED_EDGE('',*,*,#3632,.T.);
#5789=ORIENTED_EDGE('',*,*,#3635,.T.);
#5790=ORIENTED_EDGE('',*,*,#3697,.T.);
#5791=ORIENTED_EDGE('',*,*,#3701,.T.);
#5792=ORIENTED_EDGE('',*,*,#3704,.T.);
#5793=ORIENTED_EDGE('',*,*,#3707,.T.);
#5794=ORIENTED_EDGE('',*,*,#3710,.T.);
#5795=ORIENTED_EDGE('',*,*,#3713,.T.);
#5796=ORIENTED_EDGE('',*,*,#3716,.T.);
#5797=ORIENTED_EDGE('',*,*,#3719,.T.);
#5798=ORIENTED_EDGE('',*,*,#3722,.T.);
#5799=ORIENTED_EDGE('',*,*,#3725,.T.);
#5800=ORIENTED_EDGE('',*,*,#3728,.T.);
#5801=ORIENTED_EDGE('',*,*,#3731,.T.);
#5802=ORIENTED_EDGE('',*,*,#3734,.T.);
#5803=ORIENTED_EDGE('',*,*,#3737,.T.);
#5804=ORIENTED_EDGE('',*,*,#3740,.T.);
#5805=ORIENTED_EDGE('',*,*,#3743,.T.);
#5806=ORIENTED_EDGE('',*,*,#3746,.T.);
#5807=ORIENTED_EDGE('',*,*,#3749,.T.);
#5808=ORIENTED_EDGE('',*,*,#3752,.T.);
#5809=ORIENTED_EDGE('',*,*,#3755,.T.);
#5810=ORIENTED_EDGE('',*,*,#3758,.T.);
#5811=ORIENTED_EDGE('',*,*,#3871,.T.);
#5812=ORIENTED_EDGE('',*,*,#3875,.T.);
#5813=ORIENTED_EDGE('',*,*,#3878,.T.);
#5814=ORIENTED_EDGE('',*,*,#3881,.T.);
#5815=ORIENTED_EDGE('',*,*,#3884,.T.);
#5816=ORIENTED_EDGE('',*,*,#3887,.T.);
#5817=ORIENTED_EDGE('',*,*,#3890,.T.);
#5818=ORIENTED_EDGE('',*,*,#3893,.T.);
#5819=ORIENTED_EDGE('',*,*,#3896,.T.);
#5820=ORIENTED_EDGE('',*,*,#3899,.T.);
#5821=ORIENTED_EDGE('',*,*,#3902,.T.);
#5822=ORIENTED_EDGE('',*,*,#3905,.T.);
#5823=ORIENTED_EDGE('',*,*,#3908,.T.);
#5824=ORIENTED_EDGE('',*,*,#3911,.T.);
#5825=ORIENTED_EDGE('',*,*,#3914,.T.);
#5826=ORIENTED_EDGE('',*,*,#3917,.T.);
#5827=ORIENTED_EDGE('',*,*,#3920,.T.);
#5828=ORIENTED_EDGE('',*,*,#3923,.T.);
#5829=ORIENTED_EDGE('',*,*,#3937,.T.);
#5830=ORIENTED_EDGE('',*,*,#3941,.T.);
#5831=ORIENTED_EDGE('',*,*,#3944,.T.);
#5832=ORIENTED_EDGE('',*,*,#3947,.T.);
#5833=ORIENTED_EDGE('',*,*,#3950,.T.);
#5834=ORIENTED_EDGE('',*,*,#3953,.T.);
#5835=ORIENTED_EDGE('',*,*,#3956,.T.);
#5836=ORIENTED_EDGE('',*,*,#3959,.T.);
#5837=ORIENTED_EDGE('',*,*,#3962,.T.);
#5838=ORIENTED_EDGE('',*,*,#3965,.T.);
#5839=ORIENTED_EDGE('',*,*,#3968,.T.);
#5840=ORIENTED_EDGE('',*,*,#3971,.T.);
#5841=ORIENTED_EDGE('',*,*,#3974,.T.);
#5842=ORIENTED_EDGE('',*,*,#4036,.T.);
#5843=ORIENTED_EDGE('',*,*,#4040,.T.);
#5844=ORIENTED_EDGE('',*,*,#4043,.T.);
#5845=ORIENTED_EDGE('',*,*,#4046,.T.);
#5846=ORIENTED_EDGE('',*,*,#4102,.T.);
#5847=ORIENTED_EDGE('',*,*,#4106,.T.);
#5848=ORIENTED_EDGE('',*,*,#4109,.T.);
#5849=ORIENTED_EDGE('',*,*,#4112,.T.);
#5850=ORIENTED_EDGE('',*,*,#4115,.T.);
#5851=ORIENTED_EDGE('',*,*,#4118,.T.);
#5852=ORIENTED_EDGE('',*,*,#4121,.T.);
#5853=ORIENTED_EDGE('',*,*,#4124,.T.);
#5854=ORIENTED_EDGE('',*,*,#4127,.T.);
#5855=ORIENTED_EDGE('',*,*,#4130,.T.);
#5856=ORIENTED_EDGE('',*,*,#4133,.T.);
#5857=ORIENTED_EDGE('',*,*,#4136,.T.);
#5858=ORIENTED_EDGE('',*,*,#4139,.T.);
#5859=ORIENTED_EDGE('',*,*,#4142,.T.);
#5860=ORIENTED_EDGE('',*,*,#4145,.T.);
#5861=ORIENTED_EDGE('',*,*,#4158,.F.);
#5862=ORIENTED_EDGE('',*,*,#4159,.T.);
#5863=ORIENTED_EDGE('',*,*,#4160,.T.);
#5864=ORIENTED_EDGE('',*,*,#4161,.T.);
#5865=ORIENTED_EDGE('',*,*,#4162,.T.);
#5866=ORIENTED_EDGE('',*,*,#4163,.T.);
#5867=ORIENTED_EDGE('',*,*,#4164,.T.);
#5868=ORIENTED_EDGE('',*,*,#4165,.T.);
#5869=ORIENTED_EDGE('',*,*,#4166,.T.);
#5870=ORIENTED_EDGE('',*,*,#4167,.T.);
#5871=ORIENTED_EDGE('',*,*,#4168,.T.);
#5872=ORIENTED_EDGE('',*,*,#4169,.T.);
#5873=ORIENTED_EDGE('',*,*,#4170,.T.);
#5874=ORIENTED_EDGE('',*,*,#4171,.T.);
#5875=ORIENTED_EDGE('',*,*,#4172,.T.);
#5876=ORIENTED_EDGE('',*,*,#4173,.T.);
#5877=ORIENTED_EDGE('',*,*,#4174,.T.);
#5878=ORIENTED_EDGE('',*,*,#4175,.T.);
#5879=ORIENTED_EDGE('',*,*,#4048,.T.);
#5880=ORIENTED_EDGE('',*,*,#4052,.T.);
#5881=ORIENTED_EDGE('',*,*,#4055,.T.);
#5882=ORIENTED_EDGE('',*,*,#4058,.T.);
#5883=ORIENTED_EDGE('',*,*,#4061,.T.);
#5884=ORIENTED_EDGE('',*,*,#4064,.T.);
#5885=ORIENTED_EDGE('',*,*,#4067,.T.);
#5886=ORIENTED_EDGE('',*,*,#4070,.T.);
#5887=ORIENTED_EDGE('',*,*,#4073,.T.);
#5888=ORIENTED_EDGE('',*,*,#4076,.T.);
#5889=ORIENTED_EDGE('',*,*,#4079,.T.);
#5890=ORIENTED_EDGE('',*,*,#4082,.T.);
#5891=ORIENTED_EDGE('',*,*,#4085,.T.);
#5892=ORIENTED_EDGE('',*,*,#3976,.T.);
#5893=ORIENTED_EDGE('',*,*,#3980,.T.);
#5894=ORIENTED_EDGE('',*,*,#3983,.T.);
#5895=ORIENTED_EDGE('',*,*,#3986,.T.);
#5896=ORIENTED_EDGE('',*,*,#3989,.T.);
#5897=ORIENTED_EDGE('',*,*,#3992,.T.);
#5898=ORIENTED_EDGE('',*,*,#3995,.T.);
#5899=ORIENTED_EDGE('',*,*,#3998,.T.);
#5900=ORIENTED_EDGE('',*,*,#4001,.T.);
#5901=ORIENTED_EDGE('',*,*,#4004,.T.);
#5902=ORIENTED_EDGE('',*,*,#4007,.T.);
#5903=ORIENTED_EDGE('',*,*,#4010,.T.);
#5904=ORIENTED_EDGE('',*,*,#4013,.T.);
#5905=ORIENTED_EDGE('',*,*,#4016,.T.);
#5906=ORIENTED_EDGE('',*,*,#4019,.T.);
#5907=ORIENTED_EDGE('',*,*,#4022,.T.);
#5908=ORIENTED_EDGE('',*,*,#4025,.T.);
#5909=ORIENTED_EDGE('',*,*,#4028,.T.);
#5910=ORIENTED_EDGE('',*,*,#4031,.T.);
#5911=ORIENTED_EDGE('',*,*,#4034,.T.);
#5912=ORIENTED_EDGE('',*,*,#3925,.T.);
#5913=ORIENTED_EDGE('',*,*,#3929,.T.);
#5914=ORIENTED_EDGE('',*,*,#3932,.T.);
#5915=ORIENTED_EDGE('',*,*,#3935,.T.);
#5916=ORIENTED_EDGE('',*,*,#3790,.T.);
#5917=ORIENTED_EDGE('',*,*,#3794,.T.);
#5918=ORIENTED_EDGE('',*,*,#3797,.T.);
#5919=ORIENTED_EDGE('',*,*,#3800,.T.);
#5920=ORIENTED_EDGE('',*,*,#3803,.T.);
#5921=ORIENTED_EDGE('',*,*,#3806,.T.);
#5922=ORIENTED_EDGE('',*,*,#3809,.T.);
#5923=ORIENTED_EDGE('',*,*,#3812,.T.);
#5924=ORIENTED_EDGE('',*,*,#3815,.T.);
#5925=ORIENTED_EDGE('',*,*,#3818,.T.);
#5926=ORIENTED_EDGE('',*,*,#3821,.T.);
#5927=ORIENTED_EDGE('',*,*,#3824,.T.);
#5928=ORIENTED_EDGE('',*,*,#3827,.T.);
#5929=ORIENTED_EDGE('',*,*,#3830,.T.);
#5930=ORIENTED_EDGE('',*,*,#3833,.T.);
#5931=ORIENTED_EDGE('',*,*,#3836,.T.);
#5932=ORIENTED_EDGE('',*,*,#3839,.T.);
#5933=ORIENTED_EDGE('',*,*,#3842,.T.);
#5934=ORIENTED_EDGE('',*,*,#3845,.T.);
#5935=ORIENTED_EDGE('',*,*,#3848,.T.);
#5936=ORIENTED_EDGE('',*,*,#3851,.T.);
#5937=ORIENTED_EDGE('',*,*,#3854,.T.);
#5938=ORIENTED_EDGE('',*,*,#3857,.T.);
#5939=ORIENTED_EDGE('',*,*,#3860,.T.);
#5940=ORIENTED_EDGE('',*,*,#3863,.T.);
#5941=ORIENTED_EDGE('',*,*,#3866,.T.);
#5942=ORIENTED_EDGE('',*,*,#3869,.T.);
#5943=ORIENTED_EDGE('',*,*,#3637,.T.);
#5944=ORIENTED_EDGE('',*,*,#3641,.T.);
#5945=ORIENTED_EDGE('',*,*,#3644,.T.);
#5946=ORIENTED_EDGE('',*,*,#3647,.T.);
#5947=ORIENTED_EDGE('',*,*,#3650,.T.);
#5948=ORIENTED_EDGE('',*,*,#3653,.T.);
#5949=ORIENTED_EDGE('',*,*,#3656,.T.);
#5950=ORIENTED_EDGE('',*,*,#3659,.T.);
#5951=ORIENTED_EDGE('',*,*,#3662,.T.);
#5952=ORIENTED_EDGE('',*,*,#3665,.T.);
#5953=ORIENTED_EDGE('',*,*,#3668,.T.);
#5954=ORIENTED_EDGE('',*,*,#3671,.T.);
#5955=ORIENTED_EDGE('',*,*,#3607,.T.);
#5956=ORIENTED_EDGE('',*,*,#3611,.T.);
#5957=ORIENTED_EDGE('',*,*,#3614,.T.);
#5958=ORIENTED_EDGE('',*,*,#3617,.T.);
#5959=ORIENTED_EDGE('',*,*,#3620,.T.);
#5960=ORIENTED_EDGE('',*,*,#3623,.T.);
#5961=ORIENTED_EDGE('',*,*,#3466,.T.);
#5962=ORIENTED_EDGE('',*,*,#3470,.T.);
#5963=ORIENTED_EDGE('',*,*,#3473,.T.);
#5964=ORIENTED_EDGE('',*,*,#3476,.T.);
#5965=ORIENTED_EDGE('',*,*,#3479,.T.);
#5966=ORIENTED_EDGE('',*,*,#3482,.T.);
#5967=ORIENTED_EDGE('',*,*,#3485,.T.);
#5968=ORIENTED_EDGE('',*,*,#3488,.T.);
#5969=ORIENTED_EDGE('',*,*,#3491,.T.);
#5970=ORIENTED_EDGE('',*,*,#3494,.T.);
#5971=ORIENTED_EDGE('',*,*,#3497,.T.);
#5972=ORIENTED_EDGE('',*,*,#3500,.T.);
#5973=ORIENTED_EDGE('',*,*,#3503,.T.);
#5974=ORIENTED_EDGE('',*,*,#3506,.T.);
#5975=ORIENTED_EDGE('',*,*,#3509,.T.);
#5976=ORIENTED_EDGE('',*,*,#3512,.T.);
#5977=ORIENTED_EDGE('',*,*,#3515,.T.);
#5978=ORIENTED_EDGE('',*,*,#3518,.T.);
#5979=ORIENTED_EDGE('',*,*,#3521,.T.);
#5980=ORIENTED_EDGE('',*,*,#3524,.T.);
#5981=ORIENTED_EDGE('',*,*,#3527,.T.);
#5982=ORIENTED_EDGE('',*,*,#3530,.T.);
#5983=ORIENTED_EDGE('',*,*,#3533,.T.);
#5984=ORIENTED_EDGE('',*,*,#3536,.T.);
#5985=ORIENTED_EDGE('',*,*,#3539,.T.);
#5986=ORIENTED_EDGE('',*,*,#3542,.T.);
#5987=ORIENTED_EDGE('',*,*,#3545,.T.);
#5988=ORIENTED_EDGE('',*,*,#3346,.T.);
#5989=ORIENTED_EDGE('',*,*,#3350,.T.);
#5990=ORIENTED_EDGE('',*,*,#3353,.T.);
#5991=ORIENTED_EDGE('',*,*,#3356,.T.);
#5992=ORIENTED_EDGE('',*,*,#3359,.T.);
#5993=ORIENTED_EDGE('',*,*,#3362,.T.);
#5994=ORIENTED_EDGE('',*,*,#3365,.T.);
#5995=ORIENTED_EDGE('',*,*,#3368,.T.);
#5996=ORIENTED_EDGE('',*,*,#3371,.T.);
#5997=ORIENTED_EDGE('',*,*,#3374,.T.);
#5998=ORIENTED_EDGE('',*,*,#3377,.T.);
#5999=ORIENTED_EDGE('',*,*,#3380,.T.);
#6000=ORIENTED_EDGE('',*,*,#3383,.T.);
#6001=ORIENTED_EDGE('',*,*,#3286,.T.);
#6002=ORIENTED_EDGE('',*,*,#3280,.T.);
#6003=ORIENTED_EDGE('',*,*,#3274,.T.);
#6004=ORIENTED_EDGE('',*,*,#3268,.T.);
#6005=ORIENTED_EDGE('',*,*,#4176,.F.);
#6006=ORIENTED_EDGE('',*,*,#4177,.T.);
#6007=ORIENTED_EDGE('',*,*,#4178,.T.);
#6008=ORIENTED_EDGE('',*,*,#4177,.F.);
#6009=ORIENTED_EDGE('',*,*,#4178,.F.);
#6010=ORIENTED_EDGE('',*,*,#4179,.T.);
#6011=ORIENTED_EDGE('',*,*,#4180,.F.);
#6012=ORIENTED_EDGE('',*,*,#4159,.F.);
#6013=ORIENTED_EDGE('',*,*,#4181,.F.);
#6014=ORIENTED_EDGE('',*,*,#4182,.T.);
#6015=ORIENTED_EDGE('',*,*,#4183,.T.);
#6016=ORIENTED_EDGE('',*,*,#4184,.T.);
#6017=ORIENTED_EDGE('',*,*,#4170,.F.);
#6018=ORIENTED_EDGE('',*,*,#4185,.T.);
#6019=ORIENTED_EDGE('',*,*,#4173,.F.);
#6020=ORIENTED_EDGE('',*,*,#4186,.F.);
#6021=ORIENTED_EDGE('',*,*,#4187,.T.);
#6022=ORIENTED_EDGE('',*,*,#4188,.T.);
#6023=ORIENTED_EDGE('',*,*,#4182,.F.);
#6024=ORIENTED_EDGE('',*,*,#4174,.F.);
#6025=ORIENTED_EDGE('',*,*,#4185,.F.);
#6026=ORIENTED_EDGE('',*,*,#4189,.T.);
#6027=ORIENTED_EDGE('',*,*,#4190,.T.);
#6028=ORIENTED_EDGE('',*,*,#4161,.F.);
#6029=ORIENTED_EDGE('',*,*,#4191,.F.);
#6030=ORIENTED_EDGE('',*,*,#4192,.T.);
#6031=ORIENTED_EDGE('',*,*,#4193,.T.);
#6032=ORIENTED_EDGE('',*,*,#4171,.F.);
#6033=ORIENTED_EDGE('',*,*,#4184,.F.);
#6034=ORIENTED_EDGE('',*,*,#4181,.T.);
#6035=ORIENTED_EDGE('',*,*,#4160,.F.);
#6036=ORIENTED_EDGE('',*,*,#4180,.T.);
#6037=ORIENTED_EDGE('',*,*,#4194,.T.);
#6038=ORIENTED_EDGE('',*,*,#4195,.T.);
#6039=ORIENTED_EDGE('',*,*,#4186,.T.);
#6040=ORIENTED_EDGE('',*,*,#4172,.F.);
#6041=ORIENTED_EDGE('',*,*,#4193,.F.);
#6042=ORIENTED_EDGE('',*,*,#4196,.T.);
#6043=ORIENTED_EDGE('',*,*,#4191,.T.);
#6044=ORIENTED_EDGE('',*,*,#4163,.F.);
#6045=ORIENTED_EDGE('',*,*,#4197,.F.);
#6046=ORIENTED_EDGE('',*,*,#4198,.T.);
#6047=ORIENTED_EDGE('',*,*,#4197,.T.);
#6048=ORIENTED_EDGE('',*,*,#4162,.F.);
#6049=ORIENTED_EDGE('',*,*,#4190,.F.);
#6050=ORIENTED_EDGE('',*,*,#4199,.T.);
#6051=ORIENTED_EDGE('',*,*,#4200,.T.);
#6052=ORIENTED_EDGE('',*,*,#4169,.F.);
#6053=ORIENTED_EDGE('',*,*,#4201,.F.);
#6054=ORIENTED_EDGE('',*,*,#4202,.T.);
#6055=ORIENTED_EDGE('',*,*,#4201,.T.);
#6056=ORIENTED_EDGE('',*,*,#4168,.F.);
#6057=ORIENTED_EDGE('',*,*,#4203,.F.);
#6058=ORIENTED_EDGE('',*,*,#4204,.T.);
#6059=ORIENTED_EDGE('',*,*,#4203,.T.);
#6060=ORIENTED_EDGE('',*,*,#4167,.F.);
#6061=ORIENTED_EDGE('',*,*,#4200,.F.);
#6062=ORIENTED_EDGE('',*,*,#4205,.T.);
#6063=ORIENTED_EDGE('',*,*,#4206,.T.);
#6064=ORIENTED_EDGE('',*,*,#4166,.F.);
#6065=ORIENTED_EDGE('',*,*,#4207,.F.);
#6066=ORIENTED_EDGE('',*,*,#4208,.T.);
#6067=ORIENTED_EDGE('',*,*,#4207,.T.);
#6068=ORIENTED_EDGE('',*,*,#4165,.F.);
#6069=ORIENTED_EDGE('',*,*,#4209,.F.);
#6070=ORIENTED_EDGE('',*,*,#4210,.T.);
#6071=ORIENTED_EDGE('',*,*,#4209,.T.);
#6072=ORIENTED_EDGE('',*,*,#4164,.F.);
#6073=ORIENTED_EDGE('',*,*,#4206,.F.);
#6074=ORIENTED_EDGE('',*,*,#4157,.F.);
#6075=ORIENTED_EDGE('',*,*,#4211,.T.);
#6076=ORIENTED_EDGE('',*,*,#4212,.T.);
#6077=ORIENTED_EDGE('',*,*,#4211,.F.);
#6078=ORIENTED_EDGE('',*,*,#4154,.T.);
#6079=ORIENTED_EDGE('',*,*,#4213,.T.);
#6080=ORIENTED_EDGE('',*,*,#4214,.T.);
#6081=ORIENTED_EDGE('',*,*,#4213,.F.);
#6082=ORIENTED_EDGE('',*,*,#4212,.F.);
#6083=ORIENTED_EDGE('',*,*,#3273,.T.);
#6084=ORIENTED_EDGE('',*,*,#3279,.T.);
#6085=ORIENTED_EDGE('',*,*,#3285,.T.);
#6086=ORIENTED_EDGE('',*,*,#3288,.T.);
#6087=ORIENTED_EDGE('',*,*,#4176,.T.);
#6088=ORIENTED_EDGE('',*,*,#4194,.F.);
#6089=ORIENTED_EDGE('',*,*,#4179,.F.);
#6090=ORIENTED_EDGE('',*,*,#4188,.F.);
#6091=ORIENTED_EDGE('',*,*,#4187,.F.);
#6092=ORIENTED_EDGE('',*,*,#4195,.F.);
#6093=ORIENTED_EDGE('',*,*,#4192,.F.);
#6094=ORIENTED_EDGE('',*,*,#4183,.F.);
#6095=ORIENTED_EDGE('',*,*,#4210,.F.);
#6096=ORIENTED_EDGE('',*,*,#4205,.F.);
#6097=ORIENTED_EDGE('',*,*,#4208,.F.);
#6098=ORIENTED_EDGE('',*,*,#4204,.F.);
#6099=ORIENTED_EDGE('',*,*,#4199,.F.);
#6100=ORIENTED_EDGE('',*,*,#4202,.F.);
#6101=ORIENTED_EDGE('',*,*,#4196,.F.);
#6102=ORIENTED_EDGE('',*,*,#4198,.F.);
#6103=ORIENTED_EDGE('',*,*,#4189,.F.);
#6104=ORIENTED_EDGE('',*,*,#3282,.T.);
#6105=ORIENTED_EDGE('',*,*,#3276,.T.);
#6106=ORIENTED_EDGE('',*,*,#3270,.T.);
#6107=ORIENTED_EDGE('',*,*,#4215,.T.);
#6108=ORIENTED_EDGE('',*,*,#4216,.T.);
#6109=ORIENTED_EDGE('',*,*,#4158,.T.);
#6110=ORIENTED_EDGE('',*,*,#4216,.F.);
#6111=ORIENTED_EDGE('',*,*,#4215,.F.);
#6112=ORIENTED_EDGE('',*,*,#4214,.F.);
#6113=ORIENTED_EDGE('',*,*,#4153,.T.);
#6114=ORIENTED_EDGE('',*,*,#4217,.T.);
#6115=ORIENTED_EDGE('',*,*,#4156,.T.);
#6116=ORIENTED_EDGE('',*,*,#4217,.F.);
#6117=ORIENTED_EDGE('',*,*,#4155,.F.);
#6118=ORIENTED_EDGE('',*,*,#4218,.T.);
#6119=ORIENTED_EDGE('',*,*,#4175,.F.);
#6120=ORIENTED_EDGE('',*,*,#4218,.F.);
#6121=CYLINDRICAL_SURFACE('',#6508,3.);
#6122=CYLINDRICAL_SURFACE('',#6511,3.);
#6123=CYLINDRICAL_SURFACE('',#6514,3.);
#6124=CYLINDRICAL_SURFACE('',#6517,3.);
#6125=CYLINDRICAL_SURFACE('',#6520,3.);
#6126=CYLINDRICAL_SURFACE('',#6523,3.);
#6127=CYLINDRICAL_SURFACE('',#6526,3.);
#6128=CYLINDRICAL_SURFACE('',#6652,1.5);
#6129=CYLINDRICAL_SURFACE('',#6656,1.5);
#6130=CYLINDRICAL_SURFACE('',#6679,6.);
#6131=CYLINDRICAL_SURFACE('',#6683,23.);
#6132=CYLINDRICAL_SURFACE('',#6685,60.082035);
#6133=CYLINDRICAL_SURFACE('',#6687,60.082035);
#6134=CYLINDRICAL_SURFACE('',#6689,37.);
#6135=CYLINDRICAL_SURFACE('',#6693,46.082035);
#6136=CYLINDRICAL_SURFACE('',#6697,60.082035);
#6137=CYLINDRICAL_SURFACE('',#6701,60.082035);
#6138=CYLINDRICAL_SURFACE('',#6705,60.082035);
#6139=CYLINDRICAL_SURFACE('',#6707,74.082035);
#6140=CYLINDRICAL_SURFACE('',#6709,3.975);
#6141=CYLINDRICAL_SURFACE('',#6712,5.97500000000001);
#6142=CYLINDRICAL_SURFACE('',#6715,4.);
#6143=CYLINDRICAL_SURFACE('',#6716,6.);
#6144=ADVANCED_FACE('',(#771),#6121,.F.);
#6145=ADVANCED_FACE('',(#772),#6122,.F.);
#6146=ADVANCED_FACE('',(#773),#6123,.F.);
#6147=ADVANCED_FACE('',(#774),#6124,.F.);
#6148=ADVANCED_FACE('',(#775),#6125,.F.);
#6149=ADVANCED_FACE('',(#776),#6126,.F.);
#6150=ADVANCED_FACE('',(#777),#6127,.F.);
#6151=ADVANCED_FACE('',(#778),#631,.T.);
#6152=ADVANCED_FACE('',(#779),#444,.T.);
#6153=ADVANCED_FACE('',(#780),#445,.T.);
#6154=ADVANCED_FACE('',(#781),#446,.T.);
#6155=ADVANCED_FACE('',(#782),#447,.T.);
#6156=ADVANCED_FACE('',(#783),#448,.T.);
#6157=ADVANCED_FACE('',(#784),#632,.T.);
#6158=ADVANCED_FACE('',(#785),#633,.T.);
#6159=ADVANCED_FACE('',(#786),#634,.T.);
#6160=ADVANCED_FACE('',(#787),#635,.T.);
#6161=ADVANCED_FACE('',(#788),#449,.T.);
#6162=ADVANCED_FACE('',(#789),#450,.T.);
#6163=ADVANCED_FACE('',(#790),#451,.T.);
#6164=ADVANCED_FACE('',(#791),#452,.T.);
#6165=ADVANCED_FACE('',(#792),#453,.T.);
#6166=ADVANCED_FACE('',(#793),#454,.T.);
#6167=ADVANCED_FACE('',(#794),#636,.T.);
#6168=ADVANCED_FACE('',(#795),#637,.T.);
#6169=ADVANCED_FACE('',(#796),#638,.T.);
#6170=ADVANCED_FACE('',(#797,#15),#639,.T.);
#6171=ADVANCED_FACE('',(#798),#640,.T.);
#6172=ADVANCED_FACE('',(#799),#641,.T.);
#6173=ADVANCED_FACE('',(#800),#642,.T.);
#6174=ADVANCED_FACE('',(#801),#643,.T.);
#6175=ADVANCED_FACE('',(#802),#455,.T.);
#6176=ADVANCED_FACE('',(#803),#456,.T.);
#6177=ADVANCED_FACE('',(#804),#457,.T.);
#6178=ADVANCED_FACE('',(#805),#644,.T.);
#6179=ADVANCED_FACE('',(#806),#458,.T.);
#6180=ADVANCED_FACE('',(#807),#459,.T.);
#6181=ADVANCED_FACE('',(#808),#460,.T.);
#6182=ADVANCED_FACE('',(#809),#461,.T.);
#6183=ADVANCED_FACE('',(#810),#645,.T.);
#6184=ADVANCED_FACE('',(#811),#646,.T.);
#6185=ADVANCED_FACE('',(#812),#647,.T.);
#6186=ADVANCED_FACE('',(#813),#462,.T.);
#6187=ADVANCED_FACE('',(#814),#463,.T.);
#6188=ADVANCED_FACE('',(#815),#464,.T.);
#6189=ADVANCED_FACE('',(#816),#465,.T.);
#6190=ADVANCED_FACE('',(#817),#466,.T.);
#6191=ADVANCED_FACE('',(#818),#467,.T.);
#6192=ADVANCED_FACE('',(#819),#468,.T.);
#6193=ADVANCED_FACE('',(#820),#469,.T.);
#6194=ADVANCED_FACE('',(#821),#470,.T.);
#6195=ADVANCED_FACE('',(#822),#471,.T.);
#6196=ADVANCED_FACE('',(#823),#472,.T.);
#6197=ADVANCED_FACE('',(#824),#473,.T.);
#6198=ADVANCED_FACE('',(#825),#474,.T.);
#6199=ADVANCED_FACE('',(#826),#475,.T.);
#6200=ADVANCED_FACE('',(#827),#476,.T.);
#6201=ADVANCED_FACE('',(#828),#477,.T.);
#6202=ADVANCED_FACE('',(#829),#478,.T.);
#6203=ADVANCED_FACE('',(#830,#16),#648,.T.);
#6204=ADVANCED_FACE('',(#831),#649,.T.);
#6205=ADVANCED_FACE('',(#832),#479,.T.);
#6206=ADVANCED_FACE('',(#833),#480,.T.);
#6207=ADVANCED_FACE('',(#834),#481,.T.);
#6208=ADVANCED_FACE('',(#835),#482,.T.);
#6209=ADVANCED_FACE('',(#836),#483,.T.);
#6210=ADVANCED_FACE('',(#837),#484,.T.);
#6211=ADVANCED_FACE('',(#838),#485,.T.);
#6212=ADVANCED_FACE('',(#839),#486,.T.);
#6213=ADVANCED_FACE('',(#840),#487,.T.);
#6214=ADVANCED_FACE('',(#841),#650,.T.);
#6215=ADVANCED_FACE('',(#842),#488,.T.);
#6216=ADVANCED_FACE('',(#843),#489,.T.);
#6217=ADVANCED_FACE('',(#844),#490,.T.);
#6218=ADVANCED_FACE('',(#845),#491,.T.);
#6219=ADVANCED_FACE('',(#846),#492,.T.);
#6220=ADVANCED_FACE('',(#847),#493,.T.);
#6221=ADVANCED_FACE('',(#848),#494,.T.);
#6222=ADVANCED_FACE('',(#849),#495,.T.);
#6223=ADVANCED_FACE('',(#850),#496,.T.);
#6224=ADVANCED_FACE('',(#851),#497,.T.);
#6225=ADVANCED_FACE('',(#852),#498,.T.);
#6226=ADVANCED_FACE('',(#853),#499,.T.);
#6227=ADVANCED_FACE('',(#854),#500,.T.);
#6228=ADVANCED_FACE('',(#855),#501,.T.);
#6229=ADVANCED_FACE('',(#856),#651,.T.);
#6230=ADVANCED_FACE('',(#857),#502,.T.);
#6231=ADVANCED_FACE('',(#858),#503,.T.);
#6232=ADVANCED_FACE('',(#859),#504,.T.);
#6233=ADVANCED_FACE('',(#860),#505,.T.);
#6234=ADVANCED_FACE('',(#861),#506,.T.);
#6235=ADVANCED_FACE('',(#862),#507,.T.);
#6236=ADVANCED_FACE('',(#863),#508,.T.);
#6237=ADVANCED_FACE('',(#864),#652,.T.);
#6238=ADVANCED_FACE('',(#865),#509,.T.);
#6239=ADVANCED_FACE('',(#866),#510,.T.);
#6240=ADVANCED_FACE('',(#867),#653,.T.);
#6241=ADVANCED_FACE('',(#868),#511,.T.);
#6242=ADVANCED_FACE('',(#869,#17),#654,.T.);
#6243=ADVANCED_FACE('',(#870),#655,.T.);
#6244=ADVANCED_FACE('',(#871),#656,.T.);
#6245=ADVANCED_FACE('',(#872),#512,.T.);
#6246=ADVANCED_FACE('',(#873),#513,.T.);
#6247=ADVANCED_FACE('',(#874),#514,.T.);
#6248=ADVANCED_FACE('',(#875),#515,.T.);
#6249=ADVANCED_FACE('',(#876),#657,.T.);
#6250=ADVANCED_FACE('',(#877),#516,.T.);
#6251=ADVANCED_FACE('',(#878),#517,.T.);
#6252=ADVANCED_FACE('',(#879),#518,.T.);
#6253=ADVANCED_FACE('',(#880),#519,.T.);
#6254=ADVANCED_FACE('',(#881),#520,.T.);
#6255=ADVANCED_FACE('',(#882),#521,.T.);
#6256=ADVANCED_FACE('',(#883),#522,.T.);
#6257=ADVANCED_FACE('',(#884),#523,.T.);
#6258=ADVANCED_FACE('',(#885),#524,.T.);
#6259=ADVANCED_FACE('',(#886),#658,.T.);
#6260=ADVANCED_FACE('',(#887),#525,.T.);
#6261=ADVANCED_FACE('',(#888),#526,.T.);
#6262=ADVANCED_FACE('',(#889),#527,.T.);
#6263=ADVANCED_FACE('',(#890),#528,.T.);
#6264=ADVANCED_FACE('',(#891,#18),#659,.T.);
#6265=ADVANCED_FACE('',(#892),#660,.T.);
#6266=ADVANCED_FACE('',(#893),#661,.T.);
#6267=ADVANCED_FACE('',(#894),#662,.T.);
#6268=ADVANCED_FACE('',(#895),#663,.T.);
#6269=ADVANCED_FACE('',(#896),#664,.T.);
#6270=ADVANCED_FACE('',(#897),#665,.T.);
#6271=ADVANCED_FACE('',(#898),#666,.T.);
#6272=ADVANCED_FACE('',(#899),#667,.T.);
#6273=ADVANCED_FACE('',(#900),#668,.T.);
#6274=ADVANCED_FACE('',(#901),#669,.T.);
#6275=ADVANCED_FACE('',(#902),#670,.T.);
#6276=ADVANCED_FACE('',(#903),#671,.T.);
#6277=ADVANCED_FACE('',(#904),#672,.T.);
#6278=ADVANCED_FACE('',(#905),#673,.T.);
#6279=ADVANCED_FACE('',(#906),#674,.T.);
#6280=ADVANCED_FACE('',(#907),#675,.T.);
#6281=ADVANCED_FACE('',(#908),#676,.T.);
#6282=ADVANCED_FACE('',(#909),#677,.T.);
#6283=ADVANCED_FACE('',(#910),#678,.T.);
#6284=ADVANCED_FACE('',(#911),#679,.T.);
#6285=ADVANCED_FACE('',(#912),#680,.T.);
#6286=ADVANCED_FACE('',(#913),#681,.T.);
#6287=ADVANCED_FACE('',(#914),#682,.T.);
#6288=ADVANCED_FACE('',(#915),#683,.T.);
#6289=ADVANCED_FACE('',(#916),#684,.T.);
#6290=ADVANCED_FACE('',(#917),#685,.T.);
#6291=ADVANCED_FACE('',(#918),#529,.T.);
#6292=ADVANCED_FACE('',(#919),#530,.T.);
#6293=ADVANCED_FACE('',(#920),#531,.T.);
#6294=ADVANCED_FACE('',(#921),#532,.T.);
#6295=ADVANCED_FACE('',(#922),#533,.T.);
#6296=ADVANCED_FACE('',(#923),#534,.T.);
#6297=ADVANCED_FACE('',(#924),#535,.T.);
#6298=ADVANCED_FACE('',(#925),#536,.T.);
#6299=ADVANCED_FACE('',(#926),#686,.T.);
#6300=ADVANCED_FACE('',(#927),#537,.T.);
#6301=ADVANCED_FACE('',(#928),#538,.T.);
#6302=ADVANCED_FACE('',(#929),#539,.T.);
#6303=ADVANCED_FACE('',(#930),#540,.T.);
#6304=ADVANCED_FACE('',(#931),#541,.T.);
#6305=ADVANCED_FACE('',(#932),#542,.T.);
#6306=ADVANCED_FACE('',(#933),#543,.T.);
#6307=ADVANCED_FACE('',(#934),#544,.T.);
#6308=ADVANCED_FACE('',(#935),#545,.T.);
#6309=ADVANCED_FACE('',(#936),#546,.T.);
#6310=ADVANCED_FACE('',(#937),#547,.T.);
#6311=ADVANCED_FACE('',(#938),#548,.T.);
#6312=ADVANCED_FACE('',(#939),#687,.T.);
#6313=ADVANCED_FACE('',(#940),#688,.T.);
#6314=ADVANCED_FACE('',(#941),#689,.T.);
#6315=ADVANCED_FACE('',(#942),#549,.T.);
#6316=ADVANCED_FACE('',(#943),#550,.T.);
#6317=ADVANCED_FACE('',(#944),#551,.T.);
#6318=ADVANCED_FACE('',(#945),#552,.T.);
#6319=ADVANCED_FACE('',(#946),#553,.T.);
#6320=ADVANCED_FACE('',(#947,#19),#690,.T.);
#6321=ADVANCED_FACE('',(#948),#691,.T.);
#6322=ADVANCED_FACE('',(#949),#554,.T.);
#6323=ADVANCED_FACE('',(#950),#555,.T.);
#6324=ADVANCED_FACE('',(#951),#556,.T.);
#6325=ADVANCED_FACE('',(#952),#557,.T.);
#6326=ADVANCED_FACE('',(#953),#558,.T.);
#6327=ADVANCED_FACE('',(#954),#559,.T.);
#6328=ADVANCED_FACE('',(#955),#560,.T.);
#6329=ADVANCED_FACE('',(#956),#561,.T.);
#6330=ADVANCED_FACE('',(#957),#562,.T.);
#6331=ADVANCED_FACE('',(#958),#692,.T.);
#6332=ADVANCED_FACE('',(#959),#563,.T.);
#6333=ADVANCED_FACE('',(#960),#564,.T.);
#6334=ADVANCED_FACE('',(#961),#565,.T.);
#6335=ADVANCED_FACE('',(#962),#566,.T.);
#6336=ADVANCED_FACE('',(#963),#567,.T.);
#6337=ADVANCED_FACE('',(#964),#568,.T.);
#6338=ADVANCED_FACE('',(#965),#569,.T.);
#6339=ADVANCED_FACE('',(#966),#570,.T.);
#6340=ADVANCED_FACE('',(#967),#571,.T.);
#6341=ADVANCED_FACE('',(#968),#572,.T.);
#6342=ADVANCED_FACE('',(#969),#573,.T.);
#6343=ADVANCED_FACE('',(#970),#574,.T.);
#6344=ADVANCED_FACE('',(#971),#575,.T.);
#6345=ADVANCED_FACE('',(#972),#576,.T.);
#6346=ADVANCED_FACE('',(#973),#693,.T.);
#6347=ADVANCED_FACE('',(#974),#577,.T.);
#6348=ADVANCED_FACE('',(#975),#578,.T.);
#6349=ADVANCED_FACE('',(#976),#579,.T.);
#6350=ADVANCED_FACE('',(#977),#580,.T.);
#6351=ADVANCED_FACE('',(#978),#581,.T.);
#6352=ADVANCED_FACE('',(#979),#582,.T.);
#6353=ADVANCED_FACE('',(#980),#583,.T.);
#6354=ADVANCED_FACE('',(#981),#694,.T.);
#6355=ADVANCED_FACE('',(#982),#584,.T.);
#6356=ADVANCED_FACE('',(#983),#585,.T.);
#6357=ADVANCED_FACE('',(#984),#695,.T.);
#6358=ADVANCED_FACE('',(#985),#586,.T.);
#6359=ADVANCED_FACE('',(#986,#20),#696,.T.);
#6360=ADVANCED_FACE('',(#987),#697,.T.);
#6361=ADVANCED_FACE('',(#988),#698,.T.);
#6362=ADVANCED_FACE('',(#989),#699,.T.);
#6363=ADVANCED_FACE('',(#990),#700,.T.);
#6364=ADVANCED_FACE('',(#991),#587,.T.);
#6365=ADVANCED_FACE('',(#992),#588,.T.);
#6366=ADVANCED_FACE('',(#993),#589,.T.);
#6367=ADVANCED_FACE('',(#994),#590,.T.);
#6368=ADVANCED_FACE('',(#995),#591,.T.);
#6369=ADVANCED_FACE('',(#996),#701,.T.);
#6370=ADVANCED_FACE('',(#997),#702,.T.);
#6371=ADVANCED_FACE('',(#998),#703,.T.);
#6372=ADVANCED_FACE('',(#999),#592,.T.);
#6373=ADVANCED_FACE('',(#1000),#593,.T.);
#6374=ADVANCED_FACE('',(#1001),#594,.T.);
#6375=ADVANCED_FACE('',(#1002),#595,.T.);
#6376=ADVANCED_FACE('',(#1003),#596,.T.);
#6377=ADVANCED_FACE('',(#1004),#704,.T.);
#6378=ADVANCED_FACE('',(#1005),#705,.T.);
#6379=ADVANCED_FACE('',(#1006),#706,.T.);
#6380=ADVANCED_FACE('',(#1007),#707,.T.);
#6381=ADVANCED_FACE('',(#1008),#708,.T.);
#6382=ADVANCED_FACE('',(#1009),#709,.T.);
#6383=ADVANCED_FACE('',(#1010),#710,.T.);
#6384=ADVANCED_FACE('',(#1011),#711,.T.);
#6385=ADVANCED_FACE('',(#1012),#712,.T.);
#6386=ADVANCED_FACE('',(#1013),#713,.T.);
#6387=ADVANCED_FACE('',(#1014),#597,.T.);
#6388=ADVANCED_FACE('',(#1015),#714,.T.);
#6389=ADVANCED_FACE('',(#1016),#715,.T.);
#6390=ADVANCED_FACE('',(#1017),#716,.T.);
#6391=ADVANCED_FACE('',(#1018),#717,.T.);
#6392=ADVANCED_FACE('',(#1019),#718,.T.);
#6393=ADVANCED_FACE('',(#1020),#719,.T.);
#6394=ADVANCED_FACE('',(#1021),#598,.T.);
#6395=ADVANCED_FACE('',(#1022),#720,.T.);
#6396=ADVANCED_FACE('',(#1023),#721,.T.);
#6397=ADVANCED_FACE('',(#1024),#722,.T.);
#6398=ADVANCED_FACE('',(#1025),#723,.T.);
#6399=ADVANCED_FACE('',(#1026),#724,.T.);
#6400=ADVANCED_FACE('',(#1027),#599,.T.);
#6401=ADVANCED_FACE('',(#1028),#600,.T.);
#6402=ADVANCED_FACE('',(#1029),#601,.T.);
#6403=ADVANCED_FACE('',(#1030),#602,.T.);
#6404=ADVANCED_FACE('',(#1031),#725,.T.);
#6405=ADVANCED_FACE('',(#1032),#726,.T.);
#6406=ADVANCED_FACE('',(#1033),#727,.T.);
#6407=ADVANCED_FACE('',(#1034),#728,.T.);
#6408=ADVANCED_FACE('',(#1035),#729,.T.);
#6409=ADVANCED_FACE('',(#1036),#730,.T.);
#6410=ADVANCED_FACE('',(#1037),#731,.T.);
#6411=ADVANCED_FACE('',(#1038),#732,.T.);
#6412=ADVANCED_FACE('',(#1039),#733,.T.);
#6413=ADVANCED_FACE('',(#1040),#734,.T.);
#6414=ADVANCED_FACE('',(#1041),#735,.T.);
#6415=ADVANCED_FACE('',(#1042),#603,.T.);
#6416=ADVANCED_FACE('',(#1043),#604,.T.);
#6417=ADVANCED_FACE('',(#1044),#605,.T.);
#6418=ADVANCED_FACE('',(#1045),#606,.T.);
#6419=ADVANCED_FACE('',(#1046),#736,.T.);
#6420=ADVANCED_FACE('',(#1047),#737,.T.);
#6421=ADVANCED_FACE('',(#1048),#738,.T.);
#6422=ADVANCED_FACE('',(#1049),#739,.T.);
#6423=ADVANCED_FACE('',(#1050),#740,.T.);
#6424=ADVANCED_FACE('',(#1051),#741,.T.);
#6425=ADVANCED_FACE('',(#1052),#742,.T.);
#6426=ADVANCED_FACE('',(#1053),#743,.T.);
#6427=ADVANCED_FACE('',(#1054),#744,.T.);
#6428=ADVANCED_FACE('',(#1055),#607,.T.);
#6429=ADVANCED_FACE('',(#1056),#608,.T.);
#6430=ADVANCED_FACE('',(#1057),#609,.T.);
#6431=ADVANCED_FACE('',(#1058),#745,.T.);
#6432=ADVANCED_FACE('',(#1059),#610,.T.);
#6433=ADVANCED_FACE('',(#1060),#611,.T.);
#6434=ADVANCED_FACE('',(#1061),#612,.T.);
#6435=ADVANCED_FACE('',(#1062),#613,.T.);
#6436=ADVANCED_FACE('',(#1063),#746,.T.);
#6437=ADVANCED_FACE('',(#1064),#747,.T.);
#6438=ADVANCED_FACE('',(#1065),#748,.T.);
#6439=ADVANCED_FACE('',(#1066),#749,.T.);
#6440=ADVANCED_FACE('',(#1067),#614,.T.);
#6441=ADVANCED_FACE('',(#1068),#615,.T.);
#6442=ADVANCED_FACE('',(#1069),#616,.T.);
#6443=ADVANCED_FACE('',(#1070),#617,.T.);
#6444=ADVANCED_FACE('',(#1071),#750,.T.);
#6445=ADVANCED_FACE('',(#1072),#618,.T.);
#6446=ADVANCED_FACE('',(#1073),#619,.T.);
#6447=ADVANCED_FACE('',(#1074),#620,.T.);
#6448=ADVANCED_FACE('',(#1075),#621,.T.);
#6449=ADVANCED_FACE('',(#1076),#622,.T.);
#6450=ADVANCED_FACE('',(#1077),#623,.T.);
#6451=ADVANCED_FACE('',(#1078),#624,.T.);
#6452=ADVANCED_FACE('',(#1079),#625,.T.);
#6453=ADVANCED_FACE('',(#1080),#626,.T.);
#6454=ADVANCED_FACE('',(#1081),#751,.T.);
#6455=ADVANCED_FACE('',(#1082),#627,.T.);
#6456=ADVANCED_FACE('',(#1083),#628,.T.);
#6457=ADVANCED_FACE('',(#1084),#629,.T.);
#6458=ADVANCED_FACE('',(#1085),#630,.T.);
#6459=ADVANCED_FACE('',(#1086,#21),#752,.T.);
#6460=ADVANCED_FACE('',(#1087),#753,.T.);
#6461=ADVANCED_FACE('',(#1088),#6128,.F.);
#6462=ADVANCED_FACE('',(#1089),#754,.F.);
#6463=ADVANCED_FACE('',(#1090),#6129,.F.);
#6464=ADVANCED_FACE('',(#1091),#755,.F.);
#6465=ADVANCED_FACE('',(#1092,#22),#756,.F.);
#6466=ADVANCED_FACE('',(#1093,#23),#757,.F.);
#6467=ADVANCED_FACE('',(#1094,#24),#758,.T.);
#6468=ADVANCED_FACE('',(#1095,#25,#26,#27,#28,#29,#30,#31,#32,#33,#34,#35,
#36,#37,#38,#39,#40,#41,#42,#43,#44,#45,#46,#47,#48,#49,#50,#51,#52,#53,
#54,#55),#759,.T.);
#6469=ADVANCED_FACE('',(#1096),#6130,.F.);
#6470=ADVANCED_FACE('',(#1097),#760,.F.);
#6471=ADVANCED_FACE('',(#1098),#6131,.F.);
#6472=ADVANCED_FACE('',(#1099),#6132,.F.);
#6473=ADVANCED_FACE('',(#1100),#6133,.F.);
#6474=ADVANCED_FACE('',(#1101),#6134,.T.);
#6475=ADVANCED_FACE('',(#1102),#761,.T.);
#6476=ADVANCED_FACE('',(#1103),#762,.T.);
#6477=ADVANCED_FACE('',(#1104),#6135,.F.);
#6478=ADVANCED_FACE('',(#1105),#763,.T.);
#6479=ADVANCED_FACE('',(#1106),#764,.T.);
#6480=ADVANCED_FACE('',(#1107),#6136,.F.);
#6481=ADVANCED_FACE('',(#1108),#765,.T.);
#6482=ADVANCED_FACE('',(#1109),#766,.T.);
#6483=ADVANCED_FACE('',(#1110),#6137,.F.);
#6484=ADVANCED_FACE('',(#1111),#767,.T.);
#6485=ADVANCED_FACE('',(#1112),#768,.T.);
#6486=ADVANCED_FACE('',(#1113),#6138,.F.);
#6487=ADVANCED_FACE('',(#1114),#6139,.T.);
#6488=ADVANCED_FACE('',(#1115),#6140,.T.);
#6489=ADVANCED_FACE('',(#1116,#56,#57,#58,#59,#60,#61,#62,#63,#64,#65,#66,
#67,#68),#769,.F.);
#6490=ADVANCED_FACE('',(#1117),#6141,.T.);
#6491=ADVANCED_FACE('',(#1118,#69),#770,.T.);
#6492=ADVANCED_FACE('',(#1119),#6142,.T.);
#6493=ADVANCED_FACE('',(#1120),#6143,.T.);
#6494=CLOSED_SHELL('',(#6144,#6145,#6146,#6147,#6148,#6149,#6150,#6151,
#6152,#6153,#6154,#6155,#6156,#6157,#6158,#6159,#6160,#6161,#6162,#6163,
#6164,#6165,#6166,#6167,#6168,#6169,#6170,#6171,#6172,#6173,#6174,#6175,
#6176,#6177,#6178,#6179,#6180,#6181,#6182,#6183,#6184,#6185,#6186,#6187,
#6188,#6189,#6190,#6191,#6192,#6193,#6194,#6195,#6196,#6197,#6198,#6199,
#6200,#6201,#6202,#6203,#6204,#6205,#6206,#6207,#6208,#6209,#6210,#6211,
#6212,#6213,#6214,#6215,#6216,#6217,#6218,#6219,#6220,#6221,#6222,#6223,
#6224,#6225,#6226,#6227,#6228,#6229,#6230,#6231,#6232,#6233,#6234,#6235,
#6236,#6237,#6238,#6239,#6240,#6241,#6242,#6243,#6244,#6245,#6246,#6247,
#6248,#6249,#6250,#6251,#6252,#6253,#6254,#6255,#6256,#6257,#6258,#6259,
#6260,#6261,#6262,#6263,#6264,#6265,#6266,#6267,#6268,#6269,#6270,#6271,
#6272,#6273,#6274,#6275,#6276,#6277,#6278,#6279,#6280,#6281,#6282,#6283,
#6284,#6285,#6286,#6287,#6288,#6289,#6290,#6291,#6292,#6293,#6294,#6295,
#6296,#6297,#6298,#6299,#6300,#6301,#6302,#6303,#6304,#6305,#6306,#6307,
#6308,#6309,#6310,#6311,#6312,#6313,#6314,#6315,#6316,#6317,#6318,#6319,
#6320,#6321,#6322,#6323,#6324,#6325,#6326,#6327,#6328,#6329,#6330,#6331,
#6332,#6333,#6334,#6335,#6336,#6337,#6338,#6339,#6340,#6341,#6342,#6343,
#6344,#6345,#6346,#6347,#6348,#6349,#6350,#6351,#6352,#6353,#6354,#6355,
#6356,#6357,#6358,#6359,#6360,#6361,#6362,#6363,#6364,#6365,#6366,#6367,
#6368,#6369,#6370,#6371,#6372,#6373,#6374,#6375,#6376,#6377,#6378,#6379,
#6380,#6381,#6382,#6383,#6384,#6385,#6386,#6387,#6388,#6389,#6390,#6391,
#6392,#6393,#6394,#6395,#6396,#6397,#6398,#6399,#6400,#6401,#6402,#6403,
#6404,#6405,#6406,#6407,#6408,#6409,#6410,#6411,#6412,#6413,#6414,#6415,
#6416,#6417,#6418,#6419,#6420,#6421,#6422,#6423,#6424,#6425,#6426,#6427,
#6428,#6429,#6430,#6431,#6432,#6433,#6434,#6435,#6436,#6437,#6438,#6439,
#6440,#6441,#6442,#6443,#6444,#6445,#6446,#6447,#6448,#6449,#6450,#6451,
#6452,#6453,#6454,#6455,#6456,#6457,#6458,#6459,#6460,#6461,#6462,#6463,
#6464,#6465,#6466,#6467,#6468,#6469,#6470,#6471,#6472,#6473,#6474,#6475,
#6476,#6477,#6478,#6479,#6480,#6481,#6482,#6483,#6484,#6485,#6486,#6487,
#6488,#6489,#6490,#6491,#6492,#6493));
#6495=DERIVED_UNIT_ELEMENT(#6497,1.);
#6496=DERIVED_UNIT_ELEMENT(#12788,-3.);
#6497=(
MASS_UNIT()
NAMED_UNIT(*)
SI_UNIT(.KILO.,.GRAM.)
);
#6498=DERIVED_UNIT((#6495,#6496));
#6499=MEASURE_REPRESENTATION_ITEM('density measure',
POSITIVE_RATIO_MEASURE(7850.),#6498);
#6500=PROPERTY_DEFINITION_REPRESENTATION(#6505,#6502);
#6501=PROPERTY_DEFINITION_REPRESENTATION(#6506,#6503);
#6502=REPRESENTATION('material name',(#6504),#12785);
#6503=REPRESENTATION('density',(#6499),#12785);
#6504=DESCRIPTIVE_REPRESENTATION_ITEM('Stahl','Stahl');
#6505=PROPERTY_DEFINITION('material property','material name',#12795);
#6506=PROPERTY_DEFINITION('material property','density of part',#12795);
#6507=AXIS2_PLACEMENT_3D('',#7668,#6717,#6718);
#6508=AXIS2_PLACEMENT_3D('',#7669,#6719,#6720);
#6509=AXIS2_PLACEMENT_3D('',#7671,#6721,#6722);
#6510=AXIS2_PLACEMENT_3D('',#7674,#6724,#6725);
#6511=AXIS2_PLACEMENT_3D('',#7675,#6726,#6727);
#6512=AXIS2_PLACEMENT_3D('',#7677,#6728,#6729);
#6513=AXIS2_PLACEMENT_3D('',#7680,#6731,#6732);
#6514=AXIS2_PLACEMENT_3D('',#7681,#6733,#6734);
#6515=AXIS2_PLACEMENT_3D('',#7683,#6735,#6736);
#6516=AXIS2_PLACEMENT_3D('',#7686,#6738,#6739);
#6517=AXIS2_PLACEMENT_3D('',#7687,#6740,#6741);
#6518=AXIS2_PLACEMENT_3D('',#7689,#6742,#6743);
#6519=AXIS2_PLACEMENT_3D('',#7692,#6745,#6746);
#6520=AXIS2_PLACEMENT_3D('',#7693,#6747,#6748);
#6521=AXIS2_PLACEMENT_3D('',#7695,#6749,#6750);
#6522=AXIS2_PLACEMENT_3D('',#7698,#6752,#6753);
#6523=AXIS2_PLACEMENT_3D('',#7699,#6754,#6755);
#6524=AXIS2_PLACEMENT_3D('',#7701,#6756,#6757);
#6525=AXIS2_PLACEMENT_3D('',#7704,#6759,#6760);
#6526=AXIS2_PLACEMENT_3D('',#7705,#6761,#6762);
#6527=AXIS2_PLACEMENT_3D('',#7707,#6763,#6764);
#6528=AXIS2_PLACEMENT_3D('',#7710,#6766,#6767);
#6529=AXIS2_PLACEMENT_3D('',#7711,#6768,#6769);
#6530=AXIS2_PLACEMENT_3D('',#7835,#6779,#6780);
#6531=AXIS2_PLACEMENT_3D('',#7841,#6784,#6785);
#6532=AXIS2_PLACEMENT_3D('',#7844,#6788,#6789);
#6533=AXIS2_PLACEMENT_3D('',#7853,#6794,#6795);
#6534=AXIS2_PLACEMENT_3D('',#7997,#6805,#6806);
#6535=AXIS2_PLACEMENT_3D('',#8003,#6810,#6811);
#6536=AXIS2_PLACEMENT_3D('',#8009,#6815,#6816);
#6537=AXIS2_PLACEMENT_3D('',#8012,#6819,#6820);
#6538=AXIS2_PLACEMENT_3D('',#8013,#6821,#6822);
#6539=AXIS2_PLACEMENT_3D('',#8014,#6823,#6824);
#6540=AXIS2_PLACEMENT_3D('',#8023,#6829,#6830);
#6541=AXIS2_PLACEMENT_3D('',#8029,#6834,#6835);
#6542=AXIS2_PLACEMENT_3D('',#8104,#6842,#6843);
#6543=AXIS2_PLACEMENT_3D('',#8202,#6851,#6852);
#6544=AXIS2_PLACEMENT_3D('',#8208,#6856,#6857);
#6545=AXIS2_PLACEMENT_3D('',#8211,#6860,#6861);
#6546=AXIS2_PLACEMENT_3D('',#8603,#6879,#6880);
#6547=AXIS2_PLACEMENT_3D('',#8604,#6881,#6882);
#6548=AXIS2_PLACEMENT_3D('',#8815,#6893,#6894);
#6549=AXIS2_PLACEMENT_3D('',#9143,#6912,#6913);
#6550=AXIS2_PLACEMENT_3D('',#9310,#6924,#6925);
#6551=AXIS2_PLACEMENT_3D('',#9362,#6931,#6932);
#6552=AXIS2_PLACEMENT_3D('',#9388,#6936,#6937);
#6553=AXIS2_PLACEMENT_3D('',#9389,#6938,#6939);
#6554=AXIS2_PLACEMENT_3D('',#9390,#6940,#6941);
#6555=AXIS2_PLACEMENT_3D('',#9488,#6949,#6950);
#6556=AXIS2_PLACEMENT_3D('',#9704,#6964,#6965);
#6557=AXIS2_PLACEMENT_3D('',#9799,#6972,#6973);
#6558=AXIS2_PLACEMENT_3D('',#9800,#6974,#6975);
#6559=AXIS2_PLACEMENT_3D('',#9801,#6976,#6977);
#6560=AXIS2_PLACEMENT_3D('',#9810,#6982,#6983);
#6561=AXIS2_PLACEMENT_3D('',#9816,#6987,#6988);
#6562=AXIS2_PLACEMENT_3D('',#9822,#6992,#6993);
#6563=AXIS2_PLACEMENT_3D('',#9828,#6997,#6998);
#6564=AXIS2_PLACEMENT_3D('',#9834,#7002,#7003);
#6565=AXIS2_PLACEMENT_3D('',#9837,#7006,#7007);
#6566=AXIS2_PLACEMENT_3D('',#9838,#7008,#7009);
#6567=AXIS2_PLACEMENT_3D('',#9847,#7014,#7015);
#6568=AXIS2_PLACEMENT_3D('',#9853,#7019,#7020);
#6569=AXIS2_PLACEMENT_3D('',#9859,#7024,#7025);
#6570=AXIS2_PLACEMENT_3D('',#9862,#7028,#7029);
#6571=AXIS2_PLACEMENT_3D('',#9863,#7030,#7031);
#6572=AXIS2_PLACEMENT_3D('',#9872,#7036,#7037);
#6573=AXIS2_PLACEMENT_3D('',#9878,#7041,#7042);
#6574=AXIS2_PLACEMENT_3D('',#9884,#7046,#7047);
#6575=AXIS2_PLACEMENT_3D('',#9890,#7051,#7052);
#6576=AXIS2_PLACEMENT_3D('',#9896,#7056,#7057);
#6577=AXIS2_PLACEMENT_3D('',#9902,#7061,#7062);
#6578=AXIS2_PLACEMENT_3D('',#9908,#7066,#7067);
#6579=AXIS2_PLACEMENT_3D('',#9914,#7071,#7072);
#6580=AXIS2_PLACEMENT_3D('',#9920,#7076,#7077);
#6581=AXIS2_PLACEMENT_3D('',#9926,#7081,#7082);
#6582=AXIS2_PLACEMENT_3D('',#9932,#7086,#7087);
#6583=AXIS2_PLACEMENT_3D('',#9935,#7090,#7091);
#6584=AXIS2_PLACEMENT_3D('',#10120,#7100,#7101);
#6585=AXIS2_PLACEMENT_3D('',#10405,#7118,#7119);
#6586=AXIS2_PLACEMENT_3D('',#10411,#7123,#7124);
#6587=AXIS2_PLACEMENT_3D('',#10417,#7128,#7129);
#6588=AXIS2_PLACEMENT_3D('',#10535,#7137,#7138);
#6589=AXIS2_PLACEMENT_3D('',#10536,#7139,#7140);
#6590=AXIS2_PLACEMENT_3D('',#10747,#7151,#7152);
#6591=AXIS2_PLACEMENT_3D('',#11075,#7170,#7171);
#6592=AXIS2_PLACEMENT_3D('',#11242,#7182,#7183);
#6593=AXIS2_PLACEMENT_3D('',#11294,#7189,#7190);
#6594=AXIS2_PLACEMENT_3D('',#11320,#7194,#7195);
#6595=AXIS2_PLACEMENT_3D('',#11321,#7196,#7197);
#6596=AXIS2_PLACEMENT_3D('',#11322,#7198,#7199);
#6597=AXIS2_PLACEMENT_3D('',#11331,#7204,#7205);
#6598=AXIS2_PLACEMENT_3D('',#11337,#7209,#7210);
#6599=AXIS2_PLACEMENT_3D('',#11458,#7219,#7220);
#6600=AXIS2_PLACEMENT_3D('',#11464,#7224,#7225);
#6601=AXIS2_PLACEMENT_3D('',#11470,#7229,#7230);
#6602=AXIS2_PLACEMENT_3D('',#11591,#7239,#7240);
#6603=AXIS2_PLACEMENT_3D('',#11597,#7244,#7245);
#6604=AXIS2_PLACEMENT_3D('',#11600,#7248,#7249);
#6605=AXIS2_PLACEMENT_3D('',#11601,#7250,#7251);
#6606=AXIS2_PLACEMENT_3D('',#11610,#7256,#7257);
#6607=AXIS2_PLACEMENT_3D('',#11616,#7261,#7262);
#6608=AXIS2_PLACEMENT_3D('',#11622,#7266,#7267);
#6609=AXIS2_PLACEMENT_3D('',#11625,#7270,#7271);
#6610=AXIS2_PLACEMENT_3D('',#11626,#7272,#7273);
#6611=AXIS2_PLACEMENT_3D('',#11635,#7278,#7279);
#6612=AXIS2_PLACEMENT_3D('',#11664,#7284,#7285);
#6613=AXIS2_PLACEMENT_3D('',#11670,#7289,#7290);
#6614=AXIS2_PLACEMENT_3D('',#11676,#7294,#7295);
#6615=AXIS2_PLACEMENT_3D('',#11682,#7299,#7300);
#6616=AXIS2_PLACEMENT_3D('',#11688,#7304,#7305);
#6617=AXIS2_PLACEMENT_3D('',#11694,#7309,#7310);
#6618=AXIS2_PLACEMENT_3D('',#11723,#7315,#7316);
#6619=AXIS2_PLACEMENT_3D('',#11729,#7320,#7321);
#6620=AXIS2_PLACEMENT_3D('',#11735,#7325,#7326);
#6621=AXIS2_PLACEMENT_3D('',#11738,#7329,#7330);
#6622=AXIS2_PLACEMENT_3D('',#11739,#7331,#7332);
#6623=AXIS2_PLACEMENT_3D('',#11840,#7341,#7342);
#6624=AXIS2_PLACEMENT_3D('',#11846,#7346,#7347);
#6625=AXIS2_PLACEMENT_3D('',#11852,#7351,#7352);
#6626=AXIS2_PLACEMENT_3D('',#11858,#7356,#7357);
#6627=AXIS2_PLACEMENT_3D('',#11864,#7361,#7362);
#6628=AXIS2_PLACEMENT_3D('',#11870,#7366,#7367);
#6629=AXIS2_PLACEMENT_3D('',#11876,#7371,#7372);
#6630=AXIS2_PLACEMENT_3D('',#11882,#7376,#7377);
#6631=AXIS2_PLACEMENT_3D('',#11888,#7381,#7382);
#6632=AXIS2_PLACEMENT_3D('',#11894,#7386,#7387);
#6633=AXIS2_PLACEMENT_3D('',#11900,#7391,#7392);
#6634=AXIS2_PLACEMENT_3D('',#11995,#7399,#7400);
#6635=AXIS2_PLACEMENT_3D('',#11996,#7401,#7402);
#6636=AXIS2_PLACEMENT_3D('',#12005,#7407,#7408);
#6637=AXIS2_PLACEMENT_3D('',#12011,#7412,#7413);
#6638=AXIS2_PLACEMENT_3D('',#12017,#7417,#7418);
#6639=AXIS2_PLACEMENT_3D('',#12020,#7421,#7422);
#6640=AXIS2_PLACEMENT_3D('',#12021,#7423,#7424);
#6641=AXIS2_PLACEMENT_3D('',#12030,#7429,#7430);
#6642=AXIS2_PLACEMENT_3D('',#12036,#7434,#7435);
#6643=AXIS2_PLACEMENT_3D('',#12111,#7442,#7443);
#6644=AXIS2_PLACEMENT_3D('',#12209,#7451,#7452);
#6645=AXIS2_PLACEMENT_3D('',#12215,#7456,#7457);
#6646=AXIS2_PLACEMENT_3D('',#12218,#7460,#7461);
#6647=AXIS2_PLACEMENT_3D('',#12219,#7462,#7463);
#6648=AXIS2_PLACEMENT_3D('',#12317,#7471,#7472);
#6649=AXIS2_PLACEMENT_3D('',#12533,#7486,#7487);
#6650=AXIS2_PLACEMENT_3D('',#12628,#7494,#7495);
#6651=AXIS2_PLACEMENT_3D('',#12629,#7496,#7497);
#6652=AXIS2_PLACEMENT_3D('',#12630,#7498,#7499);
#6653=AXIS2_PLACEMENT_3D('',#12632,#7500,#7501);
#6654=AXIS2_PLACEMENT_3D('',#12635,#7503,#7504);
#6655=AXIS2_PLACEMENT_3D('',#12636,#7505,#7506);
#6656=AXIS2_PLACEMENT_3D('',#12637,#7507,#7508);
#6657=AXIS2_PLACEMENT_3D('',#12639,#7509,#7510);
#6658=AXIS2_PLACEMENT_3D('',#12642,#7512,#7513);
#6659=AXIS2_PLACEMENT_3D('',#12643,#7514,#7515);
#6660=AXIS2_PLACEMENT_3D('',#12644,#7516,#7517);
#6661=AXIS2_PLACEMENT_3D('',#12646,#7518,#7519);
#6662=AXIS2_PLACEMENT_3D('',#12647,#7520,#7521);
#6663=AXIS2_PLACEMENT_3D('',#12649,#7522,#7523);
#6664=AXIS2_PLACEMENT_3D('',#12650,#7524,#7525);
#6665=AXIS2_PLACEMENT_3D('',#12652,#7526,#7527);
#6666=AXIS2_PLACEMENT_3D('',#12654,#7528,#7529);
#6667=AXIS2_PLACEMENT_3D('',#12655,#7530,#7531);
#6668=AXIS2_PLACEMENT_3D('',#12657,#7532,#7533);
#6669=AXIS2_PLACEMENT_3D('',#12659,#7534,#7535);
#6670=AXIS2_PLACEMENT_3D('',#12662,#7536,#7537);
#6671=AXIS2_PLACEMENT_3D('',#12663,#7538,#7539);
#6672=AXIS2_PLACEMENT_3D('',#12668,#7541,#7542);
#6673=AXIS2_PLACEMENT_3D('',#12672,#7544,#7545);
#6674=AXIS2_PLACEMENT_3D('',#12678,#7548,#7549);
#6675=AXIS2_PLACEMENT_3D('',#12684,#7552,#7553);
#6676=AXIS2_PLACEMENT_3D('',#12690,#7556,#7557);
#6677=AXIS2_PLACEMENT_3D('',#12691,#7558,#7559);
#6678=AXIS2_PLACEMENT_3D('',#12693,#7560,#7561);
#6679=AXIS2_PLACEMENT_3D('',#12694,#7562,#7563);
#6680=AXIS2_PLACEMENT_3D('',#12696,#7564,#7565);
#6681=AXIS2_PLACEMENT_3D('',#12699,#7567,#7568);
#6682=AXIS2_PLACEMENT_3D('',#12700,#7569,#7570);
#6683=AXIS2_PLACEMENT_3D('',#12701,#7571,#7572);
#6684=AXIS2_PLACEMENT_3D('',#12704,#7573,#7574);
#6685=AXIS2_PLACEMENT_3D('',#12707,#7577,#7578);
#6686=AXIS2_PLACEMENT_3D('',#12711,#7580,#7581);
#6687=AXIS2_PLACEMENT_3D('',#12713,#7583,#7584);
#6688=AXIS2_PLACEMENT_3D('',#12718,#7587,#7588);
#6689=AXIS2_PLACEMENT_3D('',#12719,#7589,#7590);
#6690=AXIS2_PLACEMENT_3D('',#12720,#7591,#7592);
#6691=AXIS2_PLACEMENT_3D('',#12721,#7593,#7594);
#6692=AXIS2_PLACEMENT_3D('',#12727,#7598,#7599);
#6693=AXIS2_PLACEMENT_3D('',#12731,#7602,#7603);
#6694=AXIS2_PLACEMENT_3D('',#12732,#7604,#7605);
#6695=AXIS2_PLACEMENT_3D('',#12733,#7606,#7607);
#6696=AXIS2_PLACEMENT_3D('',#12735,#7609,#7610);
#6697=AXIS2_PLACEMENT_3D('',#12739,#7613,#7614);
#6698=AXIS2_PLACEMENT_3D('',#12740,#7615,#7616);
#6699=AXIS2_PLACEMENT_3D('',#12741,#7617,#7618);
#6700=AXIS2_PLACEMENT_3D('',#12747,#7622,#7623);
#6701=AXIS2_PLACEMENT_3D('',#12751,#7626,#7627);
#6702=AXIS2_PLACEMENT_3D('',#12752,#7628,#7629);
#6703=AXIS2_PLACEMENT_3D('',#12753,#7630,#7631);
#6704=AXIS2_PLACEMENT_3D('',#12759,#7635,#7636);
#6705=AXIS2_PLACEMENT_3D('',#12763,#7639,#7640);
#6706=AXIS2_PLACEMENT_3D('',#12764,#7641,#7642);
#6707=AXIS2_PLACEMENT_3D('',#12765,#7643,#7644);
#6708=AXIS2_PLACEMENT_3D('',#12768,#7646,#7647);
#6709=AXIS2_PLACEMENT_3D('',#12769,#7648,#7649);
#6710=AXIS2_PLACEMENT_3D('',#12772,#7651,#7652);
#6711=AXIS2_PLACEMENT_3D('',#12773,#7653,#7654);
#6712=AXIS2_PLACEMENT_3D('',#12774,#7655,#7656);
#6713=AXIS2_PLACEMENT_3D('',#12776,#7657,#7658);
#6714=AXIS2_PLACEMENT_3D('',#12778,#7660,#7661);
#6715=AXIS2_PLACEMENT_3D('',#12779,#7662,#7663);
#6716=AXIS2_PLACEMENT_3D('',#12781,#7665,#7666);
#6717=DIRECTION('axis',(0.,0.,1.));
#6718=DIRECTION('refdir',(1.,0.,0.));
#6719=DIRECTION('center_axis',(0.,0.,-1.));
#6720=DIRECTION('ref_axis',(1.,0.,0.));
#6721=DIRECTION('center_axis',(0.,0.,-1.));
#6722=DIRECTION('ref_axis',(1.,0.,0.));
#6723=DIRECTION('',(0.,0.,-1.));
#6724=DIRECTION('center_axis',(0.,0.,1.));
#6725=DIRECTION('ref_axis',(1.,0.,0.));
#6726=DIRECTION('center_axis',(0.,0.,-1.));
#6727=DIRECTION('ref_axis',(1.,0.,0.));
#6728=DIRECTION('center_axis',(0.,0.,-1.));
#6729=DIRECTION('ref_axis',(1.,0.,0.));
#6730=DIRECTION('',(0.,0.,-1.));
#6731=DIRECTION('center_axis',(0.,0.,1.));
#6732=DIRECTION('ref_axis',(1.,0.,0.));
#6733=DIRECTION('center_axis',(0.,0.,-1.));
#6734=DIRECTION('ref_axis',(1.,0.,0.));
#6735=DIRECTION('center_axis',(0.,0.,-1.));
#6736=DIRECTION('ref_axis',(1.,0.,0.));
#6737=DIRECTION('',(0.,0.,-1.));
#6738=DIRECTION('center_axis',(0.,0.,1.));
#6739=DIRECTION('ref_axis',(1.,0.,0.));
#6740=DIRECTION('center_axis',(0.,0.,-1.));
#6741=DIRECTION('ref_axis',(1.,0.,0.));
#6742=DIRECTION('center_axis',(0.,0.,-1.));
#6743=DIRECTION('ref_axis',(1.,0.,0.));
#6744=DIRECTION('',(0.,0.,-1.));
#6745=DIRECTION('center_axis',(0.,0.,1.));
#6746=DIRECTION('ref_axis',(1.,0.,0.));
#6747=DIRECTION('center_axis',(0.,0.,-1.));
#6748=DIRECTION('ref_axis',(1.,0.,0.));
#6749=DIRECTION('center_axis',(0.,0.,-1.));
#6750=DIRECTION('ref_axis',(1.,0.,0.));
#6751=DIRECTION('',(0.,0.,-1.));
#6752=DIRECTION('center_axis',(0.,0.,1.));
#6753=DIRECTION('ref_axis',(1.,0.,0.));
#6754=DIRECTION('center_axis',(0.,0.,-1.));
#6755=DIRECTION('ref_axis',(1.,0.,0.));
#6756=DIRECTION('center_axis',(0.,0.,-1.));
#6757=DIRECTION('ref_axis',(1.,0.,0.));
#6758=DIRECTION('',(0.,0.,-1.));
#6759=DIRECTION('center_axis',(0.,0.,1.));
#6760=DIRECTION('ref_axis',(1.,0.,0.));
#6761=DIRECTION('center_axis',(0.,0.,-1.));
#6762=DIRECTION('ref_axis',(1.,0.,0.));
#6763=DIRECTION('center_axis',(0.,0.,-1.));
#6764=DIRECTION('ref_axis',(1.,0.,0.));
#6765=DIRECTION('',(0.,0.,-1.));
#6766=DIRECTION('center_axis',(0.,0.,1.));
#6767=DIRECTION('ref_axis',(1.,0.,0.));
#6768=DIRECTION('center_axis',(0.,-1.,0.));
#6769=DIRECTION('ref_axis',(1.,0.,0.));
#6770=DIRECTION('',(-1.,0.,0.));
#6771=DIRECTION('',(0.,0.,1.));
#6772=DIRECTION('',(1.,0.,0.));
#6773=DIRECTION('',(0.,0.,1.));
#6774=DIRECTION('',(0.,0.,1.));
#6775=DIRECTION('',(0.,0.,1.));
#6776=DIRECTION('',(0.,0.,1.));
#6777=DIRECTION('',(0.,0.,1.));
#6778=DIRECTION('',(0.,0.,1.));
#6779=DIRECTION('center_axis',(0.,1.,0.));
#6780=DIRECTION('ref_axis',(-1.,0.,0.));
#6781=DIRECTION('',(1.,0.,0.));
#6782=DIRECTION('',(-1.,0.,0.));
#6783=DIRECTION('',(0.,0.,1.));
#6784=DIRECTION('center_axis',(-1.,0.,0.));
#6785=DIRECTION('ref_axis',(0.,-1.,0.));
#6786=DIRECTION('',(0.,1.,0.));
#6787=DIRECTION('',(0.,-1.,0.));
#6788=DIRECTION('center_axis',(1.,0.,0.));
#6789=DIRECTION('ref_axis',(0.,1.,0.));
#6790=DIRECTION('',(0.,-1.,0.));
#6791=DIRECTION('',(0.,0.,1.));
#6792=DIRECTION('',(0.,1.,0.));
#6793=DIRECTION('',(0.,0.,1.));
#6794=DIRECTION('center_axis',(0.,-1.,0.));
#6795=DIRECTION('ref_axis',(1.,0.,0.));
#6796=DIRECTION('',(-1.,0.,0.));
#6797=DIRECTION('',(1.,0.,0.));
#6798=DIRECTION('',(0.,0.,1.));
#6799=DIRECTION('',(0.,0.,1.));
#6800=DIRECTION('',(0.,0.,1.));
#6801=DIRECTION('',(0.,0.,1.));
#6802=DIRECTION('',(0.,0.,1.));
#6803=DIRECTION('',(0.,0.,1.));
#6804=DIRECTION('',(0.,0.,1.));
#6805=DIRECTION('center_axis',(0.,1.,0.));
#6806=DIRECTION('ref_axis',(-1.,0.,0.));
#6807=DIRECTION('',(1.,0.,0.));
#6808=DIRECTION('',(-1.,0.,0.));
#6809=DIRECTION('',(0.,0.,1.));
#6810=DIRECTION('center_axis',(-1.,0.,0.));
#6811=DIRECTION('ref_axis',(0.,-1.,0.));
#6812=DIRECTION('',(0.,1.,0.));
#6813=DIRECTION('',(0.,-1.,0.));
#6814=DIRECTION('',(0.,0.,1.));
#6815=DIRECTION('center_axis',(0.,1.,0.));
#6816=DIRECTION('ref_axis',(-1.,0.,0.));
#6817=DIRECTION('',(1.,0.,0.));
#6818=DIRECTION('',(-1.,0.,0.));
#6819=DIRECTION('center_axis',(0.,0.,1.));
#6820=DIRECTION('ref_axis',(-1.,0.,0.));
#6821=DIRECTION('center_axis',(0.,0.,1.));
#6822=DIRECTION('ref_axis',(1.,0.,0.));
#6823=DIRECTION('center_axis',(1.,0.,0.));
#6824=DIRECTION('ref_axis',(0.,1.,0.));
#6825=DIRECTION('',(0.,-1.,0.));
#6826=DIRECTION('',(0.,0.,1.));
#6827=DIRECTION('',(0.,1.,0.));
#6828=DIRECTION('',(0.,0.,1.));
#6829=DIRECTION('center_axis',(0.,-1.,0.));
#6830=DIRECTION('ref_axis',(1.,0.,0.));
#6831=DIRECTION('',(-1.,0.,0.));
#6832=DIRECTION('',(1.,0.,0.));
#6833=DIRECTION('',(0.,0.,1.));
#6834=DIRECTION('center_axis',(-1.,0.,0.));
#6835=DIRECTION('ref_axis',(0.,-1.,0.));
#6836=DIRECTION('',(0.,1.,0.));
#6837=DIRECTION('',(0.,-1.,0.));
#6838=DIRECTION('',(0.,0.,1.));
#6839=DIRECTION('',(0.,0.,1.));
#6840=DIRECTION('',(0.,0.,1.));
#6841=DIRECTION('',(0.,0.,1.));
#6842=DIRECTION('center_axis',(-0.937477741799417,0.348045232161951,0.));
#6843=DIRECTION('ref_axis',(-0.348045232161951,-0.937477741799417,0.));
#6844=DIRECTION('',(0.348045232161951,0.937477741799417,0.));
#6845=DIRECTION('',(-0.348045232161951,-0.937477741799417,0.));
#6846=DIRECTION('',(0.,0.,1.));
#6847=DIRECTION('',(0.,0.,1.));
#6848=DIRECTION('',(0.,0.,1.));
#6849=DIRECTION('',(0.,0.,1.));
#6850=DIRECTION('',(0.,0.,1.));
#6851=DIRECTION('center_axis',(-1.,0.,0.));
#6852=DIRECTION('ref_axis',(0.,-1.,0.));
#6853=DIRECTION('',(0.,1.,0.));
#6854=DIRECTION('',(0.,-1.,0.));
#6855=DIRECTION('',(0.,0.,1.));
#6856=DIRECTION('center_axis',(0.,1.,0.));
#6857=DIRECTION('ref_axis',(-1.,0.,0.));
#6858=DIRECTION('',(1.,0.,0.));
#6859=DIRECTION('',(-1.,0.,0.));
#6860=DIRECTION('center_axis',(0.,0.,1.));
#6861=DIRECTION('ref_axis',(-1.,0.,0.));
#6862=DIRECTION('',(0.,0.,1.));
#6863=DIRECTION('',(0.,0.,1.));
#6864=DIRECTION('',(0.,0.,1.));
#6865=DIRECTION('',(0.,0.,1.));
#6866=DIRECTION('',(0.,0.,1.));
#6867=DIRECTION('',(0.,0.,1.));
#6868=DIRECTION('',(0.,0.,1.));
#6869=DIRECTION('',(0.,0.,1.));
#6870=DIRECTION('',(0.,0.,1.));
#6871=DIRECTION('',(0.,0.,1.));
#6872=DIRECTION('',(0.,0.,1.));
#6873=DIRECTION('',(0.,0.,1.));
#6874=DIRECTION('',(0.,0.,1.));
#6875=DIRECTION('',(0.,0.,1.));
#6876=DIRECTION('',(0.,0.,1.));
#6877=DIRECTION('',(0.,0.,1.));
#6878=DIRECTION('',(0.,0.,1.));
#6879=DIRECTION('center_axis',(0.,0.,1.));
#6880=DIRECTION('ref_axis',(-1.,0.,0.));
#6881=DIRECTION('center_axis',(0.,0.,1.));
#6882=DIRECTION('ref_axis',(1.,0.,0.));
#6883=DIRECTION('',(0.,0.,1.));
#6884=DIRECTION('',(0.,0.,1.));
#6885=DIRECTION('',(0.,0.,1.));
#6886=DIRECTION('',(0.,0.,1.));
#6887=DIRECTION('',(0.,0.,1.));
#6888=DIRECTION('',(0.,0.,1.));
#6889=DIRECTION('',(0.,0.,1.));
#6890=DIRECTION('',(0.,0.,1.));
#6891=DIRECTION('',(0.,0.,1.));
#6892=DIRECTION('',(0.,0.,1.));
#6893=DIRECTION('center_axis',(1.,0.,0.));
#6894=DIRECTION('ref_axis',(0.,1.,0.));
#6895=DIRECTION('',(0.,-1.,0.));
#6896=DIRECTION('',(0.,1.,0.));
#6897=DIRECTION('',(0.,0.,1.));
#6898=DIRECTION('',(0.,0.,1.));
#6899=DIRECTION('',(0.,0.,1.));
#6900=DIRECTION('',(0.,0.,1.));
#6901=DIRECTION('',(0.,0.,1.));
#6902=DIRECTION('',(0.,0.,1.));
#6903=DIRECTION('',(0.,0.,1.));
#6904=DIRECTION('',(0.,0.,1.));
#6905=DIRECTION('',(0.,0.,1.));
#6906=DIRECTION('',(0.,0.,1.));
#6907=DIRECTION('',(0.,0.,1.));
#6908=DIRECTION('',(0.,0.,1.));
#6909=DIRECTION('',(0.,0.,1.));
#6910=DIRECTION('',(0.,0.,1.));
#6911=DIRECTION('',(0.,0.,1.));
#6912=DIRECTION('center_axis',(0.135113369374297,0.990830145593242,0.));
#6913=DIRECTION('ref_axis',(-0.990830145593242,0.135113369374297,0.));
#6914=DIRECTION('',(0.990830145593242,-0.135113369374297,0.));
#6915=DIRECTION('',(-0.990830145593242,0.135113369374297,0.));
#6916=DIRECTION('',(0.,0.,1.));
#6917=DIRECTION('',(0.,0.,1.));
#6918=DIRECTION('',(0.,0.,1.));
#6919=DIRECTION('',(0.,0.,1.));
#6920=DIRECTION('',(0.,0.,1.));
#6921=DIRECTION('',(0.,0.,1.));
#6922=DIRECTION('',(0.,0.,1.));
#6923=DIRECTION('',(0.,0.,1.));
#6924=DIRECTION('center_axis',(-1.,0.,0.));
#6925=DIRECTION('ref_axis',(0.,-1.,0.));
#6926=DIRECTION('',(0.,1.,0.));
#6927=DIRECTION('',(0.,-1.,0.));
#6928=DIRECTION('',(0.,0.,1.));
#6929=DIRECTION('',(0.,0.,1.));
#6930=DIRECTION('',(0.,0.,1.));
#6931=DIRECTION('center_axis',(0.,1.,0.));
#6932=DIRECTION('ref_axis',(-1.,0.,0.));
#6933=DIRECTION('',(1.,0.,0.));
#6934=DIRECTION('',(-1.,0.,0.));
#6935=DIRECTION('',(0.,0.,1.));
#6936=DIRECTION('center_axis',(0.,0.,1.));
#6937=DIRECTION('ref_axis',(-1.,0.,0.));
#6938=DIRECTION('center_axis',(0.,0.,1.));
#6939=DIRECTION('ref_axis',(1.,0.,0.));
#6940=DIRECTION('center_axis',(0.,-1.,0.));
#6941=DIRECTION('ref_axis',(1.,0.,0.));
#6942=DIRECTION('',(-1.,0.,0.));
#6943=DIRECTION('',(0.,0.,1.));
#6944=DIRECTION('',(1.,0.,0.));
#6945=DIRECTION('',(0.,0.,1.));
#6946=DIRECTION('',(0.,0.,1.));
#6947=DIRECTION('',(0.,0.,1.));
#6948=DIRECTION('',(0.,0.,1.));
#6949=DIRECTION('center_axis',(-0.122721128974109,-0.992441194481225,0.));
#6950=DIRECTION('ref_axis',(0.992441194481225,-0.122721128974109,0.));
#6951=DIRECTION('',(-0.992441194481225,0.122721128974109,0.));
#6952=DIRECTION('',(0.,0.,1.));
#6953=DIRECTION('',(0.992441194481225,-0.122721128974109,0.));
#6954=DIRECTION('',(0.,0.,1.));
#6955=DIRECTION('',(0.,0.,1.));
#6956=DIRECTION('',(0.,0.,1.));
#6957=DIRECTION('',(0.,0.,1.));
#6958=DIRECTION('',(0.,0.,1.));
#6959=DIRECTION('',(0.,0.,1.));
#6960=DIRECTION('',(0.,0.,1.));
#6961=DIRECTION('',(0.,0.,1.));
#6962=DIRECTION('',(0.,0.,1.));
#6963=DIRECTION('',(0.,0.,1.));
#6964=DIRECTION('center_axis',(0.,1.,0.));
#6965=DIRECTION('ref_axis',(-1.,0.,0.));
#6966=DIRECTION('',(1.,0.,0.));
#6967=DIRECTION('',(-1.,0.,0.));
#6968=DIRECTION('',(0.,0.,1.));
#6969=DIRECTION('',(0.,0.,1.));
#6970=DIRECTION('',(0.,0.,1.));
#6971=DIRECTION('',(0.,0.,1.));
#6972=DIRECTION('center_axis',(0.,0.,1.));
#6973=DIRECTION('ref_axis',(-1.,0.,0.));
#6974=DIRECTION('center_axis',(0.,0.,1.));
#6975=DIRECTION('ref_axis',(1.,0.,0.));
#6976=DIRECTION('center_axis',(1.,0.,0.));
#6977=DIRECTION('ref_axis',(0.,1.,0.));
#6978=DIRECTION('',(0.,-1.,0.));
#6979=DIRECTION('',(0.,0.,1.));
#6980=DIRECTION('',(0.,1.,0.));
#6981=DIRECTION('',(0.,0.,1.));
#6982=DIRECTION('center_axis',(0.,-1.,0.));
#6983=DIRECTION('ref_axis',(1.,0.,0.));
#6984=DIRECTION('',(-1.,0.,0.));
#6985=DIRECTION('',(1.,0.,0.));
#6986=DIRECTION('',(0.,0.,1.));
#6987=DIRECTION('center_axis',(-1.,0.,0.));
#6988=DIRECTION('ref_axis',(0.,-1.,0.));
#6989=DIRECTION('',(0.,1.,0.));
#6990=DIRECTION('',(0.,-1.,0.));
#6991=DIRECTION('',(0.,0.,1.));
#6992=DIRECTION('center_axis',(0.,-1.,0.));
#6993=DIRECTION('ref_axis',(1.,0.,0.));
#6994=DIRECTION('',(-1.,0.,0.));
#6995=DIRECTION('',(1.,0.,0.));
#6996=DIRECTION('',(0.,0.,1.));
#6997=DIRECTION('center_axis',(-1.,0.,0.));
#6998=DIRECTION('ref_axis',(0.,-1.,0.));
#6999=DIRECTION('',(0.,1.,0.));
#7000=DIRECTION('',(0.,-1.,0.));
#7001=DIRECTION('',(0.,0.,1.));
#7002=DIRECTION('center_axis',(0.,1.,0.));
#7003=DIRECTION('ref_axis',(-1.,0.,0.));
#7004=DIRECTION('',(1.,0.,0.));
#7005=DIRECTION('',(-1.,0.,0.));
#7006=DIRECTION('center_axis',(0.,0.,1.));
#7007=DIRECTION('ref_axis',(1.,0.,0.));
#7008=DIRECTION('center_axis',(1.,0.,0.));
#7009=DIRECTION('ref_axis',(0.,1.,0.));
#7010=DIRECTION('',(0.,-1.,0.));
#7011=DIRECTION('',(0.,0.,1.));
#7012=DIRECTION('',(0.,1.,0.));
#7013=DIRECTION('',(0.,0.,1.));
#7014=DIRECTION('center_axis',(0.,-1.,0.));
#7015=DIRECTION('ref_axis',(1.,0.,0.));
#7016=DIRECTION('',(-1.,0.,0.));
#7017=DIRECTION('',(1.,0.,0.));
#7018=DIRECTION('',(0.,0.,1.));
#7019=DIRECTION('center_axis',(-1.,0.,0.));
#7020=DIRECTION('ref_axis',(0.,-1.,0.));
#7021=DIRECTION('',(0.,1.,0.));
#7022=DIRECTION('',(0.,-1.,0.));
#7023=DIRECTION('',(0.,0.,1.));
#7024=DIRECTION('center_axis',(0.,1.,0.));
#7025=DIRECTION('ref_axis',(-1.,0.,0.));
#7026=DIRECTION('',(1.,0.,0.));
#7027=DIRECTION('',(-1.,0.,0.));
#7028=DIRECTION('center_axis',(0.,0.,1.));
#7029=DIRECTION('ref_axis',(1.,0.,0.));
#7030=DIRECTION('center_axis',(1.,0.,0.));
#7031=DIRECTION('ref_axis',(0.,1.,0.));
#7032=DIRECTION('',(0.,-1.,0.));
#7033=DIRECTION('',(0.,0.,1.));
#7034=DIRECTION('',(0.,1.,0.));
#7035=DIRECTION('',(0.,0.,1.));
#7036=DIRECTION('center_axis',(0.,-1.,0.));
#7037=DIRECTION('ref_axis',(1.,0.,0.));
#7038=DIRECTION('',(-1.,0.,0.));
#7039=DIRECTION('',(1.,0.,0.));
#7040=DIRECTION('',(0.,0.,1.));
#7041=DIRECTION('center_axis',(-1.,0.,0.));
#7042=DIRECTION('ref_axis',(0.,-1.,0.));
#7043=DIRECTION('',(0.,1.,0.));
#7044=DIRECTION('',(0.,-1.,0.));
#7045=DIRECTION('',(0.,0.,1.));
#7046=DIRECTION('center_axis',(0.712034514085759,-0.702144465726717,0.));
#7047=DIRECTION('ref_axis',(0.702144465726717,0.712034514085759,0.));
#7048=DIRECTION('',(-0.702144465726717,-0.712034514085759,0.));
#7049=DIRECTION('',(0.702144465726717,0.712034514085759,0.));
#7050=DIRECTION('',(0.,0.,1.));
#7051=DIRECTION('center_axis',(0.,-1.,0.));
#7052=DIRECTION('ref_axis',(1.,0.,0.));
#7053=DIRECTION('',(-1.,0.,0.));
#7054=DIRECTION('',(1.,0.,0.));
#7055=DIRECTION('',(0.,0.,1.));
#7056=DIRECTION('center_axis',(-0.69642187952009,0.717632611944096,0.));
#7057=DIRECTION('ref_axis',(-0.717632611944096,-0.69642187952009,0.));
#7058=DIRECTION('',(0.717632611944096,0.69642187952009,0.));
#7059=DIRECTION('',(-0.717632611944096,-0.69642187952009,0.));
#7060=DIRECTION('',(0.,0.,1.));
#7061=DIRECTION('center_axis',(-0.831091658596987,-0.556135464622164,0.));
#7062=DIRECTION('ref_axis',(0.556135464622164,-0.831091658596987,0.));
#7063=DIRECTION('',(-0.556135464622164,0.831091658596987,0.));
#7064=DIRECTION('',(0.556135464622164,-0.831091658596987,0.));
#7065=DIRECTION('',(0.,0.,1.));
#7066=DIRECTION('center_axis',(0.,1.,0.));
#7067=DIRECTION('ref_axis',(-1.,0.,0.));
#7068=DIRECTION('',(1.,0.,0.));
#7069=DIRECTION('',(-1.,0.,0.));
#7070=DIRECTION('',(0.,0.,1.));
#7071=DIRECTION('center_axis',(0.839818955829392,0.542866577926502,0.));
#7072=DIRECTION('ref_axis',(-0.542866577926502,0.839818955829392,0.));
#7073=DIRECTION('',(0.542866577926502,-0.839818955829392,0.));
#7074=DIRECTION('',(-0.542866577926502,0.839818955829392,0.));
#7075=DIRECTION('',(0.,0.,1.));
#7076=DIRECTION('center_axis',(-0.692769386361602,0.721159189999108,0.));
#7077=DIRECTION('ref_axis',(-0.721159189999108,-0.692769386361602,0.));
#7078=DIRECTION('',(0.721159189999108,0.692769386361602,0.));
#7079=DIRECTION('',(-0.721159189999108,-0.692769386361602,0.));
#7080=DIRECTION('',(0.,0.,1.));
#7081=DIRECTION('center_axis',(-1.,0.,0.));
#7082=DIRECTION('ref_axis',(0.,-1.,0.));
#7083=DIRECTION('',(0.,1.,0.));
#7084=DIRECTION('',(0.,-1.,0.));
#7085=DIRECTION('',(0.,0.,1.));
#7086=DIRECTION('center_axis',(0.,1.,0.));
#7087=DIRECTION('ref_axis',(-1.,0.,0.));
#7088=DIRECTION('',(1.,0.,0.));
#7089=DIRECTION('',(-1.,0.,0.));
#7090=DIRECTION('center_axis',(0.,0.,1.));
#7091=DIRECTION('ref_axis',(1.,0.,0.));
#7092=DIRECTION('',(0.,0.,1.));
#7093=DIRECTION('',(0.,0.,1.));
#7094=DIRECTION('',(0.,0.,1.));
#7095=DIRECTION('',(0.,0.,1.));
#7096=DIRECTION('',(0.,0.,1.));
#7097=DIRECTION('',(0.,0.,1.));
#7098=DIRECTION('',(0.,0.,1.));
#7099=DIRECTION('',(0.,0.,1.));
#7100=DIRECTION('center_axis',(-0.146958368979949,-0.989142678174768,0.));
#7101=DIRECTION('ref_axis',(0.989142678174768,-0.146958368979949,0.));
#7102=DIRECTION('',(-0.989142678174768,0.146958368979949,0.));
#7103=DIRECTION('',(0.,0.,1.));
#7104=DIRECTION('',(0.989142678174768,-0.146958368979949,0.));
#7105=DIRECTION('',(0.,0.,1.));
#7106=DIRECTION('',(0.,0.,1.));
#7107=DIRECTION('',(0.,0.,1.));
#7108=DIRECTION('',(0.,0.,1.));
#7109=DIRECTION('',(0.,0.,1.));
#7110=DIRECTION('',(0.,0.,1.));
#7111=DIRECTION('',(0.,0.,1.));
#7112=DIRECTION('',(0.,0.,1.));
#7113=DIRECTION('',(0.,0.,1.));
#7114=DIRECTION('',(0.,0.,1.));
#7115=DIRECTION('',(0.,0.,1.));
#7116=DIRECTION('',(0.,0.,1.));
#7117=DIRECTION('',(0.,0.,1.));
#7118=DIRECTION('center_axis',(1.,0.,0.));
#7119=DIRECTION('ref_axis',(0.,1.,0.));
#7120=DIRECTION('',(0.,-1.,0.));
#7121=DIRECTION('',(0.,1.,0.));
#7122=DIRECTION('',(0.,0.,1.));
#7123=DIRECTION('center_axis',(0.,-1.,0.));
#7124=DIRECTION('ref_axis',(1.,0.,0.));
#7125=DIRECTION('',(-1.,0.,0.));
#7126=DIRECTION('',(1.,0.,0.));
#7127=DIRECTION('',(0.,0.,1.));
#7128=DIRECTION('center_axis',(-1.,0.,0.));
#7129=DIRECTION('ref_axis',(0.,-1.,0.));
#7130=DIRECTION('',(0.,1.,0.));
#7131=DIRECTION('',(0.,-1.,0.));
#7132=DIRECTION('',(0.,0.,1.));
#7133=DIRECTION('',(0.,0.,1.));
#7134=DIRECTION('',(0.,0.,1.));
#7135=DIRECTION('',(0.,0.,1.));
#7136=DIRECTION('',(0.,0.,1.));
#7137=DIRECTION('center_axis',(0.,0.,1.));
#7138=DIRECTION('ref_axis',(-1.,0.,0.));
#7139=DIRECTION('center_axis',(0.,0.,1.));
#7140=DIRECTION('ref_axis',(1.,0.,0.));
#7141=DIRECTION('',(0.,0.,1.));
#7142=DIRECTION('',(0.,0.,1.));
#7143=DIRECTION('',(0.,0.,1.));
#7144=DIRECTION('',(0.,0.,1.));
#7145=DIRECTION('',(0.,0.,1.));
#7146=DIRECTION('',(0.,0.,1.));
#7147=DIRECTION('',(0.,0.,1.));
#7148=DIRECTION('',(0.,0.,1.));
#7149=DIRECTION('',(0.,0.,1.));
#7150=DIRECTION('',(0.,0.,1.));
#7151=DIRECTION('center_axis',(1.,0.,0.));
#7152=DIRECTION('ref_axis',(0.,1.,0.));
#7153=DIRECTION('',(0.,-1.,0.));
#7154=DIRECTION('',(0.,1.,0.));
#7155=DIRECTION('',(0.,0.,1.));
#7156=DIRECTION('',(0.,0.,1.));
#7157=DIRECTION('',(0.,0.,1.));
#7158=DIRECTION('',(0.,0.,1.));
#7159=DIRECTION('',(0.,0.,1.));
#7160=DIRECTION('',(0.,0.,1.));
#7161=DIRECTION('',(0.,0.,1.));
#7162=DIRECTION('',(0.,0.,1.));
#7163=DIRECTION('',(0.,0.,1.));
#7164=DIRECTION('',(0.,0.,1.));
#7165=DIRECTION('',(0.,0.,1.));
#7166=DIRECTION('',(0.,0.,1.));
#7167=DIRECTION('',(0.,0.,1.));
#7168=DIRECTION('',(0.,0.,1.));
#7169=DIRECTION('',(0.,0.,1.));
#7170=DIRECTION('center_axis',(0.135113369374297,0.990830145593242,0.));
#7171=DIRECTION('ref_axis',(-0.990830145593242,0.135113369374297,0.));
#7172=DIRECTION('',(0.990830145593242,-0.135113369374297,0.));
#7173=DIRECTION('',(-0.990830145593242,0.135113369374297,0.));
#7174=DIRECTION('',(0.,0.,1.));
#7175=DIRECTION('',(0.,0.,1.));
#7176=DIRECTION('',(0.,0.,1.));
#7177=DIRECTION('',(0.,0.,1.));
#7178=DIRECTION('',(0.,0.,1.));
#7179=DIRECTION('',(0.,0.,1.));
#7180=DIRECTION('',(0.,0.,1.));
#7181=DIRECTION('',(0.,0.,1.));
#7182=DIRECTION('center_axis',(-1.,0.,0.));
#7183=DIRECTION('ref_axis',(0.,-1.,0.));
#7184=DIRECTION('',(0.,1.,0.));
#7185=DIRECTION('',(0.,-1.,0.));
#7186=DIRECTION('',(0.,0.,1.));
#7187=DIRECTION('',(0.,0.,1.));
#7188=DIRECTION('',(0.,0.,1.));
#7189=DIRECTION('center_axis',(0.,1.,0.));
#7190=DIRECTION('ref_axis',(-1.,0.,0.));
#7191=DIRECTION('',(1.,0.,0.));
#7192=DIRECTION('',(-1.,0.,0.));
#7193=DIRECTION('',(0.,0.,1.));
#7194=DIRECTION('center_axis',(0.,0.,1.));
#7195=DIRECTION('ref_axis',(-1.,0.,0.));
#7196=DIRECTION('center_axis',(0.,0.,1.));
#7197=DIRECTION('ref_axis',(1.,0.,0.));
#7198=DIRECTION('center_axis',(1.,0.,0.));
#7199=DIRECTION('ref_axis',(0.,1.,0.));
#7200=DIRECTION('',(0.,-1.,0.));
#7201=DIRECTION('',(0.,0.,1.));
#7202=DIRECTION('',(0.,1.,0.));
#7203=DIRECTION('',(0.,0.,1.));
#7204=DIRECTION('center_axis',(0.,-1.,0.));
#7205=DIRECTION('ref_axis',(1.,0.,0.));
#7206=DIRECTION('',(-1.,0.,0.));
#7207=DIRECTION('',(1.,0.,0.));
#7208=DIRECTION('',(0.,0.,1.));
#7209=DIRECTION('center_axis',(-1.,0.,0.));
#7210=DIRECTION('ref_axis',(0.,-1.,0.));
#7211=DIRECTION('',(0.,1.,0.));
#7212=DIRECTION('',(0.,-1.,0.));
#7213=DIRECTION('',(0.,0.,1.));
#7214=DIRECTION('',(0.,0.,1.));
#7215=DIRECTION('',(0.,0.,1.));
#7216=DIRECTION('',(0.,0.,1.));
#7217=DIRECTION('',(0.,0.,1.));
#7218=DIRECTION('',(0.,0.,1.));
#7219=DIRECTION('center_axis',(-1.,0.,0.));
#7220=DIRECTION('ref_axis',(0.,-1.,0.));
#7221=DIRECTION('',(0.,1.,0.));
#7222=DIRECTION('',(0.,-1.,0.));
#7223=DIRECTION('',(0.,0.,1.));
#7224=DIRECTION('center_axis',(0.,1.,0.));
#7225=DIRECTION('ref_axis',(-1.,0.,0.));
#7226=DIRECTION('',(1.,0.,0.));
#7227=DIRECTION('',(-1.,0.,0.));
#7228=DIRECTION('',(0.,0.,1.));
#7229=DIRECTION('center_axis',(1.,0.,0.));
#7230=DIRECTION('ref_axis',(0.,1.,0.));
#7231=DIRECTION('',(0.,-1.,0.));
#7232=DIRECTION('',(0.,1.,0.));
#7233=DIRECTION('',(0.,0.,1.));
#7234=DIRECTION('',(0.,0.,1.));
#7235=DIRECTION('',(0.,0.,1.));
#7236=DIRECTION('',(0.,0.,1.));
#7237=DIRECTION('',(0.,0.,1.));
#7238=DIRECTION('',(0.,0.,1.));
#7239=DIRECTION('center_axis',(-1.,0.,0.));
#7240=DIRECTION('ref_axis',(0.,-1.,0.));
#7241=DIRECTION('',(0.,1.,0.));
#7242=DIRECTION('',(0.,-1.,0.));
#7243=DIRECTION('',(0.,0.,1.));
#7244=DIRECTION('center_axis',(0.,1.,0.));
#7245=DIRECTION('ref_axis',(-1.,0.,0.));
#7246=DIRECTION('',(1.,0.,0.));
#7247=DIRECTION('',(-1.,0.,0.));
#7248=DIRECTION('center_axis',(0.,0.,1.));
#7249=DIRECTION('ref_axis',(-1.,0.,0.));
#7250=DIRECTION('center_axis',(1.,0.,0.));
#7251=DIRECTION('ref_axis',(0.,1.,0.));
#7252=DIRECTION('',(0.,-1.,0.));
#7253=DIRECTION('',(0.,0.,1.));
#7254=DIRECTION('',(0.,1.,0.));
#7255=DIRECTION('',(0.,0.,1.));
#7256=DIRECTION('center_axis',(0.,-1.,0.));
#7257=DIRECTION('ref_axis',(1.,0.,0.));
#7258=DIRECTION('',(-1.,0.,0.));
#7259=DIRECTION('',(1.,0.,0.));
#7260=DIRECTION('',(0.,0.,1.));
#7261=DIRECTION('center_axis',(-1.,0.,0.));
#7262=DIRECTION('ref_axis',(0.,-1.,0.));
#7263=DIRECTION('',(0.,1.,0.));
#7264=DIRECTION('',(0.,-1.,0.));
#7265=DIRECTION('',(0.,0.,1.));
#7266=DIRECTION('center_axis',(0.,1.,0.));
#7267=DIRECTION('ref_axis',(-1.,0.,0.));
#7268=DIRECTION('',(1.,0.,0.));
#7269=DIRECTION('',(-1.,0.,0.));
#7270=DIRECTION('center_axis',(0.,0.,1.));
#7271=DIRECTION('ref_axis',(1.,0.,0.));
#7272=DIRECTION('center_axis',(1.,0.,0.));
#7273=DIRECTION('ref_axis',(0.,1.,0.));
#7274=DIRECTION('',(0.,-1.,0.));
#7275=DIRECTION('',(0.,0.,1.));
#7276=DIRECTION('',(0.,1.,0.));
#7277=DIRECTION('',(0.,0.,1.));
#7278=DIRECTION('center_axis',(0.754019393017117,-0.656852156085446,0.));
#7279=DIRECTION('ref_axis',(0.656852156085446,0.754019393017116,0.));
#7280=DIRECTION('',(-0.656852156085446,-0.754019393017116,0.));
#7281=DIRECTION('',(0.656852156085446,0.754019393017116,0.));
#7282=DIRECTION('',(0.,0.,1.));
#7283=DIRECTION('',(0.,0.,1.));
#7284=DIRECTION('center_axis',(0.,1.,0.));
#7285=DIRECTION('ref_axis',(-1.,0.,0.));
#7286=DIRECTION('',(1.,0.,0.));
#7287=DIRECTION('',(-1.,0.,0.));
#7288=DIRECTION('',(0.,0.,1.));
#7289=DIRECTION('center_axis',(1.,0.,0.));
#7290=DIRECTION('ref_axis',(0.,1.,0.));
#7291=DIRECTION('',(0.,-1.,0.));
#7292=DIRECTION('',(0.,1.,0.));
#7293=DIRECTION('',(0.,0.,1.));
#7294=DIRECTION('center_axis',(0.,-1.,0.));
#7295=DIRECTION('ref_axis',(1.,0.,0.));
#7296=DIRECTION('',(-1.,0.,0.));
#7297=DIRECTION('',(1.,0.,0.));
#7298=DIRECTION('',(0.,0.,1.));
#7299=DIRECTION('center_axis',(-1.,0.,0.));
#7300=DIRECTION('ref_axis',(0.,-1.,0.));
#7301=DIRECTION('',(0.,1.,0.));
#7302=DIRECTION('',(0.,-1.,0.));
#7303=DIRECTION('',(0.,0.,1.));
#7304=DIRECTION('center_axis',(-0.760768521739808,0.649023309542752,0.));
#7305=DIRECTION('ref_axis',(-0.649023309542752,-0.760768521739808,0.));
#7306=DIRECTION('',(0.649023309542752,0.760768521739808,0.));
#7307=DIRECTION('',(-0.649023309542752,-0.760768521739808,0.));
#7308=DIRECTION('',(0.,0.,1.));
#7309=DIRECTION('center_axis',(-0.742394956978622,0.669962482421748,0.));
#7310=DIRECTION('ref_axis',(-0.669962482421748,-0.742394956978622,0.));
#7311=DIRECTION('',(0.669962482421748,0.742394956978622,0.));
#7312=DIRECTION('',(-0.669962482421748,-0.742394956978622,0.));
#7313=DIRECTION('',(0.,0.,1.));
#7314=DIRECTION('',(0.,0.,1.));
#7315=DIRECTION('center_axis',(0.,-1.,0.));
#7316=DIRECTION('ref_axis',(1.,0.,0.));
#7317=DIRECTION('',(-1.,0.,0.));
#7318=DIRECTION('',(1.,0.,0.));
#7319=DIRECTION('',(0.,0.,1.));
#7320=DIRECTION('center_axis',(-1.,0.,0.));
#7321=DIRECTION('ref_axis',(0.,-1.,0.));
#7322=DIRECTION('',(0.,1.,0.));
#7323=DIRECTION('',(0.,-1.,0.));
#7324=DIRECTION('',(0.,0.,1.));
#7325=DIRECTION('center_axis',(0.,1.,0.));
#7326=DIRECTION('ref_axis',(-1.,0.,0.));
#7327=DIRECTION('',(1.,0.,0.));
#7328=DIRECTION('',(-1.,0.,0.));
#7329=DIRECTION('center_axis',(0.,0.,1.));
#7330=DIRECTION('ref_axis',(-1.,0.,0.));
#7331=DIRECTION('center_axis',(-0.986892541544706,-0.161378782506965,0.));
#7332=DIRECTION('ref_axis',(0.161378782506965,-0.986892541544706,0.));
#7333=DIRECTION('',(-0.161378782506965,0.986892541544706,0.));
#7334=DIRECTION('',(0.,0.,1.));
#7335=DIRECTION('',(0.161378782506965,-0.986892541544706,0.));
#7336=DIRECTION('',(0.,0.,1.));
#7337=DIRECTION('',(0.,0.,1.));
#7338=DIRECTION('',(0.,0.,1.));
#7339=DIRECTION('',(0.,0.,1.));
#7340=DIRECTION('',(0.,0.,1.));
#7341=DIRECTION('center_axis',(1.,0.,0.));
#7342=DIRECTION('ref_axis',(0.,1.,0.));
#7343=DIRECTION('',(0.,-1.,0.));
#7344=DIRECTION('',(0.,1.,0.));
#7345=DIRECTION('',(0.,0.,1.));
#7346=DIRECTION('center_axis',(0.,1.,0.));
#7347=DIRECTION('ref_axis',(-1.,0.,0.));
#7348=DIRECTION('',(1.,0.,0.));
#7349=DIRECTION('',(-1.,0.,0.));
#7350=DIRECTION('',(0.,0.,1.));
#7351=DIRECTION('center_axis',(1.,0.,0.));
#7352=DIRECTION('ref_axis',(0.,1.,0.));
#7353=DIRECTION('',(0.,-1.,0.));
#7354=DIRECTION('',(0.,1.,0.));
#7355=DIRECTION('',(0.,0.,1.));
#7356=DIRECTION('center_axis',(0.,-1.,0.));
#7357=DIRECTION('ref_axis',(1.,0.,0.));
#7358=DIRECTION('',(-1.,0.,0.));
#7359=DIRECTION('',(1.,0.,0.));
#7360=DIRECTION('',(0.,0.,1.));
#7361=DIRECTION('center_axis',(1.,0.,0.));
#7362=DIRECTION('ref_axis',(0.,1.,0.));
#7363=DIRECTION('',(0.,-1.,0.));
#7364=DIRECTION('',(0.,1.,0.));
#7365=DIRECTION('',(0.,0.,1.));
#7366=DIRECTION('center_axis',(0.516604347277836,-0.856224239538709,0.));
#7367=DIRECTION('ref_axis',(0.856224239538709,0.516604347277836,0.));
#7368=DIRECTION('',(-0.856224239538709,-0.516604347277836,0.));
#7369=DIRECTION('',(0.856224239538709,0.516604347277836,0.));
#7370=DIRECTION('',(0.,0.,1.));
#7371=DIRECTION('center_axis',(-1.,0.,0.));
#7372=DIRECTION('ref_axis',(0.,-1.,0.));
#7373=DIRECTION('',(0.,1.,0.));
#7374=DIRECTION('',(0.,-1.,0.));
#7375=DIRECTION('',(0.,0.,1.));
#7376=DIRECTION('center_axis',(0.,-1.,0.));
#7377=DIRECTION('ref_axis',(1.,0.,0.));
#7378=DIRECTION('',(-1.,0.,0.));
#7379=DIRECTION('',(1.,0.,0.));
#7380=DIRECTION('',(0.,0.,1.));
#7381=DIRECTION('center_axis',(-1.,0.,0.));
#7382=DIRECTION('ref_axis',(0.,-1.,0.));
#7383=DIRECTION('',(0.,1.,0.));
#7384=DIRECTION('',(0.,-1.,0.));
#7385=DIRECTION('',(0.,0.,1.));
#7386=DIRECTION('center_axis',(0.,1.,0.));
#7387=DIRECTION('ref_axis',(-1.,0.,0.));
#7388=DIRECTION('',(1.,0.,0.));
#7389=DIRECTION('',(-1.,0.,0.));
#7390=DIRECTION('',(0.,0.,1.));
#7391=DIRECTION('center_axis',(-1.,0.,0.));
#7392=DIRECTION('ref_axis',(0.,-1.,0.));
#7393=DIRECTION('',(0.,1.,0.));
#7394=DIRECTION('',(0.,-1.,0.));
#7395=DIRECTION('',(0.,0.,1.));
#7396=DIRECTION('',(0.,0.,1.));
#7397=DIRECTION('',(0.,0.,1.));
#7398=DIRECTION('',(0.,0.,1.));
#7399=DIRECTION('center_axis',(0.,0.,1.));
#7400=DIRECTION('ref_axis',(-1.,0.,0.));
#7401=DIRECTION('center_axis',(1.,0.,0.));
#7402=DIRECTION('ref_axis',(0.,1.,0.));
#7403=DIRECTION('',(0.,-1.,0.));
#7404=DIRECTION('',(0.,0.,1.));
#7405=DIRECTION('',(0.,1.,0.));
#7406=DIRECTION('',(0.,0.,1.));
#7407=DIRECTION('center_axis',(0.,-1.,0.));
#7408=DIRECTION('ref_axis',(1.,0.,0.));
#7409=DIRECTION('',(-1.,0.,0.));
#7410=DIRECTION('',(1.,0.,0.));
#7411=DIRECTION('',(0.,0.,1.));
#7412=DIRECTION('center_axis',(-1.,0.,0.));
#7413=DIRECTION('ref_axis',(0.,-1.,0.));
#7414=DIRECTION('',(0.,1.,0.));
#7415=DIRECTION('',(0.,-1.,0.));
#7416=DIRECTION('',(0.,0.,1.));
#7417=DIRECTION('center_axis',(0.,1.,0.));
#7418=DIRECTION('ref_axis',(-1.,0.,0.));
#7419=DIRECTION('',(1.,0.,0.));
#7420=DIRECTION('',(-1.,0.,0.));
#7421=DIRECTION('center_axis',(0.,0.,1.));
#7422=DIRECTION('ref_axis',(1.,0.,0.));
#7423=DIRECTION('center_axis',(1.,0.,0.));
#7424=DIRECTION('ref_axis',(0.,1.,0.));
#7425=DIRECTION('',(0.,-1.,0.));
#7426=DIRECTION('',(0.,0.,1.));
#7427=DIRECTION('',(0.,1.,0.));
#7428=DIRECTION('',(0.,0.,1.));
#7429=DIRECTION('center_axis',(0.,-1.,0.));
#7430=DIRECTION('ref_axis',(1.,0.,0.));
#7431=DIRECTION('',(-1.,0.,0.));
#7432=DIRECTION('',(1.,0.,0.));
#7433=DIRECTION('',(0.,0.,1.));
#7434=DIRECTION('center_axis',(-1.,0.,0.));
#7435=DIRECTION('ref_axis',(0.,-1.,0.));
#7436=DIRECTION('',(0.,1.,0.));
#7437=DIRECTION('',(0.,-1.,0.));
#7438=DIRECTION('',(0.,0.,1.));
#7439=DIRECTION('',(0.,0.,1.));
#7440=DIRECTION('',(0.,0.,1.));
#7441=DIRECTION('',(0.,0.,1.));
#7442=DIRECTION('center_axis',(-0.937477741799417,0.348045232161951,0.));
#7443=DIRECTION('ref_axis',(-0.348045232161951,-0.937477741799417,0.));
#7444=DIRECTION('',(0.348045232161951,0.937477741799417,0.));
#7445=DIRECTION('',(-0.348045232161951,-0.937477741799417,0.));
#7446=DIRECTION('',(0.,0.,1.));
#7447=DIRECTION('',(0.,0.,1.));
#7448=DIRECTION('',(0.,0.,1.));
#7449=DIRECTION('',(0.,0.,1.));
#7450=DIRECTION('',(0.,0.,1.));
#7451=DIRECTION('center_axis',(-1.,0.,0.));
#7452=DIRECTION('ref_axis',(0.,-1.,0.));
#7453=DIRECTION('',(0.,1.,0.));
#7454=DIRECTION('',(0.,-1.,0.));
#7455=DIRECTION('',(0.,0.,1.));
#7456=DIRECTION('center_axis',(0.,1.,0.));
#7457=DIRECTION('ref_axis',(-1.,0.,0.));
#7458=DIRECTION('',(1.,0.,0.));
#7459=DIRECTION('',(-1.,0.,0.));
#7460=DIRECTION('center_axis',(0.,0.,1.));
#7461=DIRECTION('ref_axis',(-1.,0.,0.));
#7462=DIRECTION('center_axis',(0.,-1.,0.));
#7463=DIRECTION('ref_axis',(1.,0.,0.));
#7464=DIRECTION('',(-1.,0.,0.));
#7465=DIRECTION('',(0.,0.,1.));
#7466=DIRECTION('',(1.,0.,0.));
#7467=DIRECTION('',(0.,0.,1.));
#7468=DIRECTION('',(0.,0.,1.));
#7469=DIRECTION('',(0.,0.,1.));
#7470=DIRECTION('',(0.,0.,1.));
#7471=DIRECTION('center_axis',(-0.122720987012708,-0.992441212035568,0.));
#7472=DIRECTION('ref_axis',(0.992441212035568,-0.122720987012708,0.));
#7473=DIRECTION('',(-0.992441212035568,0.122720987012708,0.));
#7474=DIRECTION('',(0.,0.,1.));
#7475=DIRECTION('',(0.992441212035568,-0.122720987012708,0.));
#7476=DIRECTION('',(0.,0.,1.));
#7477=DIRECTION('',(0.,0.,1.));
#7478=DIRECTION('',(0.,0.,1.));
#7479=DIRECTION('',(0.,0.,1.));
#7480=DIRECTION('',(0.,0.,1.));
#7481=DIRECTION('',(0.,0.,1.));
#7482=DIRECTION('',(0.,0.,1.));
#7483=DIRECTION('',(0.,0.,1.));
#7484=DIRECTION('',(0.,0.,1.));
#7485=DIRECTION('',(0.,0.,1.));
#7486=DIRECTION('center_axis',(0.,1.,0.));
#7487=DIRECTION('ref_axis',(-1.,0.,0.));
#7488=DIRECTION('',(1.,0.,0.));
#7489=DIRECTION('',(-1.,0.,0.));
#7490=DIRECTION('',(0.,0.,1.));
#7491=DIRECTION('',(0.,0.,1.));
#7492=DIRECTION('',(0.,0.,1.));
#7493=DIRECTION('',(0.,0.,1.));
#7494=DIRECTION('center_axis',(0.,0.,1.));
#7495=DIRECTION('ref_axis',(-1.,0.,0.));
#7496=DIRECTION('center_axis',(0.,0.,1.));
#7497=DIRECTION('ref_axis',(1.,0.,0.));
#7498=DIRECTION('center_axis',(0.,0.,-1.));
#7499=DIRECTION('ref_axis',(1.,0.,0.));
#7500=DIRECTION('center_axis',(0.,0.,-1.));
#7501=DIRECTION('ref_axis',(1.,0.,0.));
#7502=DIRECTION('',(0.,0.,-1.));
#7503=DIRECTION('center_axis',(0.,0.,-1.));
#7504=DIRECTION('ref_axis',(1.,0.,0.));
#7505=DIRECTION('center_axis',(0.,0.,-1.));
#7506=DIRECTION('ref_axis',(1.,0.,0.));
#7507=DIRECTION('center_axis',(0.,0.,-1.));
#7508=DIRECTION('ref_axis',(1.,0.,0.));
#7509=DIRECTION('center_axis',(0.,0.,-1.));
#7510=DIRECTION('ref_axis',(1.,0.,0.));
#7511=DIRECTION('',(0.,0.,-1.));
#7512=DIRECTION('center_axis',(0.,0.,-1.));
#7513=DIRECTION('ref_axis',(1.,0.,0.));
#7514=DIRECTION('center_axis',(0.,0.,-1.));
#7515=DIRECTION('ref_axis',(1.,0.,0.));
#7516=DIRECTION('center_axis',(0.,0.,-1.));
#7517=DIRECTION('ref_axis',(1.,0.,0.));
#7518=DIRECTION('center_axis',(0.,0.,-1.));
#7519=DIRECTION('ref_axis',(1.,0.,0.));
#7520=DIRECTION('center_axis',(0.,0.,-1.));
#7521=DIRECTION('ref_axis',(1.,0.,0.));
#7522=DIRECTION('center_axis',(0.,0.,-1.));
#7523=DIRECTION('ref_axis',(1.,0.,0.));
#7524=DIRECTION('center_axis',(0.,0.,1.));
#7525=DIRECTION('ref_axis',(1.,0.,0.));
#7526=DIRECTION('center_axis',(0.,0.,1.));
#7527=DIRECTION('ref_axis',(1.,0.,0.));
#7528=DIRECTION('center_axis',(0.,0.,1.));
#7529=DIRECTION('ref_axis',(1.,0.,0.));
#7530=DIRECTION('center_axis',(0.,0.,1.));
#7531=DIRECTION('ref_axis',(1.,0.,0.));
#7532=DIRECTION('center_axis',(0.,0.,-1.));
#7533=DIRECTION('ref_axis',(1.,0.,0.));
#7534=DIRECTION('center_axis',(0.,0.,1.));
#7535=DIRECTION('ref_axis',(1.,0.,0.));
#7536=DIRECTION('center_axis',(0.,0.,-1.));
#7537=DIRECTION('ref_axis',(1.,0.,0.));
#7538=DIRECTION('center_axis',(0.,0.,1.));
#7539=DIRECTION('ref_axis',(1.,0.,0.));
#7540=DIRECTION('',(0.573576436351046,-0.819152044288992,0.));
#7541=DIRECTION('center_axis',(0.,0.,1.));
#7542=DIRECTION('ref_axis',(1.,0.,0.));
#7543=DIRECTION('',(1.,9.64547405011153E-14,0.));
#7544=DIRECTION('center_axis',(0.,0.,1.));
#7545=DIRECTION('ref_axis',(1.,0.,0.));
#7546=DIRECTION('',(0.573576436351046,-0.819152044288992,0.));
#7547=DIRECTION('',(-1.,-5.95808235193008E-16,0.));
#7548=DIRECTION('center_axis',(0.,0.,1.));
#7549=DIRECTION('ref_axis',(1.,0.,0.));
#7550=DIRECTION('',(-0.573576436351046,0.819152044288992,0.));
#7551=DIRECTION('',(1.,9.64547405011153E-14,0.));
#7552=DIRECTION('center_axis',(0.,0.,1.));
#7553=DIRECTION('ref_axis',(1.,0.,0.));
#7554=DIRECTION('',(-1.,-5.95808235193008E-16,0.));
#7555=DIRECTION('',(-0.573576436351046,0.819152044288992,0.));
#7556=DIRECTION('center_axis',(0.,0.,1.));
#7557=DIRECTION('ref_axis',(1.,0.,0.));
#7558=DIRECTION('center_axis',(0.,0.,1.));
#7559=DIRECTION('ref_axis',(1.,0.,0.));
#7560=DIRECTION('center_axis',(0.,0.,-1.));
#7561=DIRECTION('ref_axis',(1.,0.,0.));
#7562=DIRECTION('center_axis',(0.,0.,1.));
#7563=DIRECTION('ref_axis',(1.,0.,0.));
#7564=DIRECTION('center_axis',(0.,0.,1.));
#7565=DIRECTION('ref_axis',(1.,0.,0.));
#7566=DIRECTION('',(0.,0.,1.));
#7567=DIRECTION('center_axis',(0.,0.,1.));
#7568=DIRECTION('ref_axis',(1.,0.,0.));
#7569=DIRECTION('center_axis',(0.,0.,1.));
#7570=DIRECTION('ref_axis',(1.,0.,0.));
#7571=DIRECTION('center_axis',(0.,0.,-1.));
#7572=DIRECTION('ref_axis',(1.,0.,0.));
#7573=DIRECTION('center_axis',(0.,0.,-1.));
#7574=DIRECTION('ref_axis',(1.,0.,0.));
#7575=DIRECTION('',(0.,0.,1.));
#7576=DIRECTION('',(0.,0.,-1.));
#7577=DIRECTION('center_axis',(0.,0.,1.));
#7578=DIRECTION('ref_axis',(1.,0.,0.));
#7579=DIRECTION('',(0.,0.,-1.));
#7580=DIRECTION('center_axis',(0.,0.,1.));
#7581=DIRECTION('ref_axis',(1.,0.,0.));
#7582=DIRECTION('',(0.,0.,1.));
#7583=DIRECTION('center_axis',(0.,0.,1.));
#7584=DIRECTION('ref_axis',(1.,0.,0.));
#7585=DIRECTION('',(0.,0.,1.));
#7586=DIRECTION('',(0.,0.,-1.));
#7587=DIRECTION('center_axis',(0.,0.,1.));
#7588=DIRECTION('ref_axis',(1.,0.,0.));
#7589=DIRECTION('center_axis',(0.,0.,-1.));
#7590=DIRECTION('ref_axis',(1.,0.,0.));
#7591=DIRECTION('center_axis',(0.,0.,1.));
#7592=DIRECTION('ref_axis',(1.,0.,0.));
#7593=DIRECTION('center_axis',(0.819152044288992,0.573576436351046,0.));
#7594=DIRECTION('ref_axis',(-0.573576436351046,0.819152044288992,0.));
#7595=DIRECTION('',(0.573576436351046,-0.819152044288992,0.));
#7596=DIRECTION('',(0.,0.,-1.));
#7597=DIRECTION('',(0.,0.,-1.));
#7598=DIRECTION('center_axis',(5.95808235193008E-16,-1.,0.));
#7599=DIRECTION('ref_axis',(1.,5.95808235193008E-16,0.));
#7600=DIRECTION('',(-1.,-5.95808235193008E-16,0.));
#7601=DIRECTION('',(0.,0.,1.));
#7602=DIRECTION('center_axis',(0.,0.,1.));
#7603=DIRECTION('ref_axis',(1.,0.,0.));
#7604=DIRECTION('center_axis',(0.,0.,1.));
#7605=DIRECTION('ref_axis',(1.,0.,0.));
#7606=DIRECTION('center_axis',(-0.819152044288992,-0.573576436351046,0.));
#7607=DIRECTION('ref_axis',(0.573576436351046,-0.819152044288992,0.));
#7608=DIRECTION('',(-0.573576436351046,0.819152044288992,0.));
#7609=DIRECTION('center_axis',(-9.64547405011153E-14,1.,0.));
#7610=DIRECTION('ref_axis',(-1.,-9.64547405011153E-14,0.));
#7611=DIRECTION('',(1.,9.64547405011153E-14,0.));
#7612=DIRECTION('',(0.,0.,1.));
#7613=DIRECTION('center_axis',(0.,0.,1.));
#7614=DIRECTION('ref_axis',(1.,0.,0.));
#7615=DIRECTION('center_axis',(0.,0.,1.));
#7616=DIRECTION('ref_axis',(1.,0.,0.));
#7617=DIRECTION('center_axis',(-9.64547405011153E-14,1.,0.));
#7618=DIRECTION('ref_axis',(-1.,-9.64547405011153E-14,0.));
#7619=DIRECTION('',(1.,9.64547405011153E-14,0.));
#7620=DIRECTION('',(0.,0.,-1.));
#7621=DIRECTION('',(0.,0.,-1.));
#7622=DIRECTION('center_axis',(-0.819152044288992,-0.573576436351046,0.));
#7623=DIRECTION('ref_axis',(0.573576436351046,-0.819152044288992,0.));
#7624=DIRECTION('',(-0.573576436351046,0.819152044288992,0.));
#7625=DIRECTION('',(0.,0.,1.));
#7626=DIRECTION('center_axis',(0.,0.,1.));
#7627=DIRECTION('ref_axis',(1.,0.,0.));
#7628=DIRECTION('center_axis',(0.,0.,1.));
#7629=DIRECTION('ref_axis',(1.,0.,0.));
#7630=DIRECTION('center_axis',(5.95808235193008E-16,-1.,0.));
#7631=DIRECTION('ref_axis',(1.,5.95808235193008E-16,0.));
#7632=DIRECTION('',(-1.,-5.95808235193008E-16,0.));
#7633=DIRECTION('',(0.,0.,-1.));
#7634=DIRECTION('',(0.,0.,1.));
#7635=DIRECTION('center_axis',(0.819152044288992,0.573576436351046,0.));
#7636=DIRECTION('ref_axis',(-0.573576436351046,0.819152044288992,0.));
#7637=DIRECTION('',(0.573576436351046,-0.819152044288992,0.));
#7638=DIRECTION('',(0.,0.,1.));
#7639=DIRECTION('center_axis',(0.,0.,1.));
#7640=DIRECTION('ref_axis',(1.,0.,0.));
#7641=DIRECTION('center_axis',(0.,0.,1.));
#7642=DIRECTION('ref_axis',(1.,0.,0.));
#7643=DIRECTION('center_axis',(0.,0.,1.));
#7644=DIRECTION('ref_axis',(1.,0.,0.));
#7645=DIRECTION('',(0.,0.,-1.));
#7646=DIRECTION('center_axis',(0.,0.,-1.));
#7647=DIRECTION('ref_axis',(1.,0.,0.));
#7648=DIRECTION('center_axis',(0.,0.,1.));
#7649=DIRECTION('ref_axis',(1.,0.,0.));
#7650=DIRECTION('',(0.,0.,-1.));
#7651=DIRECTION('center_axis',(0.,0.,1.));
#7652=DIRECTION('ref_axis',(1.,0.,0.));
#7653=DIRECTION('center_axis',(0.,0.,1.));
#7654=DIRECTION('ref_axis',(1.,0.,0.));
#7655=DIRECTION('center_axis',(0.,0.,1.));
#7656=DIRECTION('ref_axis',(1.,0.,0.));
#7657=DIRECTION('center_axis',(0.,0.,-1.));
#7658=DIRECTION('ref_axis',(1.,0.,0.));
#7659=DIRECTION('',(0.,0.,-1.));
#7660=DIRECTION('center_axis',(0.,0.,1.));
#7661=DIRECTION('ref_axis',(1.,0.,0.));
#7662=DIRECTION('center_axis',(0.,0.,-1.));
#7663=DIRECTION('ref_axis',(1.,0.,0.));
#7664=DIRECTION('',(0.,0.,-1.));
#7665=DIRECTION('center_axis',(0.,0.,1.));
#7666=DIRECTION('ref_axis',(1.,0.,0.));
#7667=DIRECTION('',(0.,0.,-1.));
#7668=CARTESIAN_POINT('',(0.,0.,0.));
#7669=CARTESIAN_POINT('Origin',(126.04169598397,-100.93602935808,3.));
#7670=CARTESIAN_POINT('',(123.04169598397,-100.93602935808,6.));
#7671=CARTESIAN_POINT('Origin',(126.04169598397,-100.93602935808,6.));
#7672=CARTESIAN_POINT('',(123.04169598397,-100.93602935808,0.));
#7673=CARTESIAN_POINT('',(123.04169598397,-100.93602935808,3.));
#7674=CARTESIAN_POINT('Origin',(126.04169598397,-100.93602935808,0.));
#7675=CARTESIAN_POINT('Origin',(71.8922649472969,-72.2046203699882,3.));
#7676=CARTESIAN_POINT('',(68.8922649472969,-72.2046203699882,6.));
#7677=CARTESIAN_POINT('Origin',(71.8922649472969,-72.2046203699882,6.));
#7678=CARTESIAN_POINT('',(68.8922649472969,-72.2046203699882,0.));
#7679=CARTESIAN_POINT('',(68.8922649472969,-72.2046203699882,3.));
#7680=CARTESIAN_POINT('Origin',(71.8922649472969,-72.2046203699882,0.));
#7681=CARTESIAN_POINT('Origin',(86.2470786366524,-44.126467272461,3.));
#7682=CARTESIAN_POINT('',(83.2470786366524,-44.126467272461,6.));
#7683=CARTESIAN_POINT('Origin',(86.2470786366524,-44.126467272461,6.));
#7684=CARTESIAN_POINT('',(83.2470786366524,-44.126467272461,0.));
#7685=CARTESIAN_POINT('',(83.2470786366524,-44.126467272461,3.));
#7686=CARTESIAN_POINT('Origin',(86.2470786366524,-44.126467272461,0.));
#7687=CARTESIAN_POINT('Origin',(155.998571830703,-27.5623154845286,3.));
#7688=CARTESIAN_POINT('',(152.998571830703,-27.5623154845286,6.));
#7689=CARTESIAN_POINT('Origin',(155.998571830703,-27.5623154845286,6.));
#7690=CARTESIAN_POINT('',(152.998571830703,-27.5623154845286,0.));
#7691=CARTESIAN_POINT('',(152.998571830703,-27.5623154845286,3.));
#7692=CARTESIAN_POINT('Origin',(155.998571830703,-27.5623154845286,0.));
#7693=CARTESIAN_POINT('Origin',(110.135881533779,-4.99498362538851,3.));
#7694=CARTESIAN_POINT('',(107.135881533779,-4.99498362538851,6.));
#7695=CARTESIAN_POINT('Origin',(110.135881533779,-4.99498362538851,6.));
#7696=CARTESIAN_POINT('',(107.135881533779,-4.99498362538851,0.));
#7697=CARTESIAN_POINT('',(107.135881533779,-4.99498362538851,3.));
#7698=CARTESIAN_POINT('Origin',(110.135881533779,-4.99498362538851,0.));
#7699=CARTESIAN_POINT('Origin',(106.37802136255,-113.983354846451,3.));
#7700=CARTESIAN_POINT('',(103.37802136255,-113.983354846451,6.));
#7701=CARTESIAN_POINT('Origin',(106.37802136255,-113.983354846451,6.));
#7702=CARTESIAN_POINT('',(103.37802136255,-113.983354846451,0.));
#7703=CARTESIAN_POINT('',(103.37802136255,-113.983354846451,3.));
#7704=CARTESIAN_POINT('Origin',(106.37802136255,-113.983354846451,0.));
#7705=CARTESIAN_POINT('Origin',(72.6493756790009,-95.5418554762569,3.));
#7706=CARTESIAN_POINT('',(69.6493756790009,-95.5418554762569,6.));
#7707=CARTESIAN_POINT('Origin',(72.6493756790009,-95.5418554762569,6.));
#7708=CARTESIAN_POINT('',(69.6493756790009,-95.5418554762569,0.));
#7709=CARTESIAN_POINT('',(69.6493756790009,-95.5418554762569,3.));
#7710=CARTESIAN_POINT('Origin',(72.6493756790009,-95.5418554762569,0.));
#7711=CARTESIAN_POINT('Origin',(160.975145983691,-73.3562975100452,6.));
#7712=CARTESIAN_POINT('',(162.009252372379,-73.3562975100452,6.));
#7713=CARTESIAN_POINT('',(160.975145983691,-73.3562975100452,6.));
#7714=CARTESIAN_POINT('',(133.420431952195,-73.3562975100452,6.));
#7715=CARTESIAN_POINT('',(162.009252372379,-73.3562975100452,7.));
#7716=CARTESIAN_POINT('',(162.009252372379,-73.3562975100452,6.));
#7717=CARTESIAN_POINT('',(160.975145983691,-73.3562975100452,7.));
#7718=CARTESIAN_POINT('',(162.009252372379,-73.3562975100452,7.));
#7719=CARTESIAN_POINT('',(160.975145983691,-73.3562975100452,6.));
#7720=CARTESIAN_POINT('Ctrl Pts',(160.246632832284,-73.5472934416705,6.));
#7721=CARTESIAN_POINT('Ctrl Pts',(160.246632832284,-73.5472934416705,7.));
#7722=CARTESIAN_POINT('Ctrl Pts',(160.341043031028,-73.4919138754286,6.));
#7723=CARTESIAN_POINT('Ctrl Pts',(160.341043031028,-73.4919138754286,7.));
#7724=CARTESIAN_POINT('Ctrl Pts',(160.564267060268,-73.3609741032587,6.));
#7725=CARTESIAN_POINT('Ctrl Pts',(160.564267060268,-73.3609741032587,7.));
#7726=CARTESIAN_POINT('Ctrl Pts',(160.824801676872,-73.3580087177146,6.));
#7727=CARTESIAN_POINT('Ctrl Pts',(160.824801676872,-73.3580087177146,7.));
#7728=CARTESIAN_POINT('Ctrl Pts',(160.975145983691,-73.3562975100452,6.));
#7729=CARTESIAN_POINT('Ctrl Pts',(160.975145983691,-73.3562975100452,7.));
#7730=CARTESIAN_POINT('',(160.246632832284,-73.5472934416705,6.));
#7731=CARTESIAN_POINT('Ctrl Pts',(160.975145983691,-73.3562975100452,6.));
#7732=CARTESIAN_POINT('Ctrl Pts',(160.824801676872,-73.3580087177146,6.));
#7733=CARTESIAN_POINT('Ctrl Pts',(160.564267060268,-73.3609741032587,6.));
#7734=CARTESIAN_POINT('Ctrl Pts',(160.341043031028,-73.4919138754286,6.));
#7735=CARTESIAN_POINT('Ctrl Pts',(160.246632832284,-73.5472934416705,6.));
#7736=CARTESIAN_POINT('',(160.246632832284,-73.5472934416705,7.));
#7737=CARTESIAN_POINT('Ctrl Pts',(160.246632832284,-73.5472934416705,7.));
#7738=CARTESIAN_POINT('Ctrl Pts',(160.341043031028,-73.4919138754286,7.));
#7739=CARTESIAN_POINT('Ctrl Pts',(160.564267060268,-73.3609741032587,7.));
#7740=CARTESIAN_POINT('Ctrl Pts',(160.824801676872,-73.3580087177146,7.));
#7741=CARTESIAN_POINT('Ctrl Pts',(160.975145983691,-73.3562975100452,7.));
#7742=CARTESIAN_POINT('',(160.246632832284,-73.5472934416705,6.));
#7743=CARTESIAN_POINT('Ctrl Pts',(160.031080383058,-74.0848102144176,6.));
#7744=CARTESIAN_POINT('Ctrl Pts',(160.031080383058,-74.0848102144176,7.));
#7745=CARTESIAN_POINT('Ctrl Pts',(160.038008854968,-73.9776872326361,6.));
#7746=CARTESIAN_POINT('Ctrl Pts',(160.038008854968,-73.9776872326361,7.));
#7747=CARTESIAN_POINT('Ctrl Pts',(160.051171637034,-73.7741738920809,6.));
#7748=CARTESIAN_POINT('Ctrl Pts',(160.051171637034,-73.7741738920809,7.));
#7749=CARTESIAN_POINT('Ctrl Pts',(160.183810750467,-73.6202138093177,6.));
#7750=CARTESIAN_POINT('Ctrl Pts',(160.183810750467,-73.6202138093177,7.));
#7751=CARTESIAN_POINT('Ctrl Pts',(160.246632832284,-73.5472934416705,6.));
#7752=CARTESIAN_POINT('Ctrl Pts',(160.246632832284,-73.5472934416705,7.));
#7753=CARTESIAN_POINT('',(160.031080383058,-74.0848102144176,6.));
#7754=CARTESIAN_POINT('Ctrl Pts',(160.246632832284,-73.5472934416705,6.));
#7755=CARTESIAN_POINT('Ctrl Pts',(160.183810750467,-73.6202138093177,6.));
#7756=CARTESIAN_POINT('Ctrl Pts',(160.051171637034,-73.7741738920809,6.));
#7757=CARTESIAN_POINT('Ctrl Pts',(160.038008854968,-73.9776872326361,6.));
#7758=CARTESIAN_POINT('Ctrl Pts',(160.031080383058,-74.0848102144176,6.));
#7759=CARTESIAN_POINT('',(160.031080383058,-74.0848102144176,7.));
#7760=CARTESIAN_POINT('Ctrl Pts',(160.031080383058,-74.0848102144176,7.));
#7761=CARTESIAN_POINT('Ctrl Pts',(160.038008854968,-73.9776872326361,7.));
#7762=CARTESIAN_POINT('Ctrl Pts',(160.051171637034,-73.7741738920809,7.));
#7763=CARTESIAN_POINT('Ctrl Pts',(160.183810750467,-73.6202138093177,7.));
#7764=CARTESIAN_POINT('Ctrl Pts',(160.246632832284,-73.5472934416705,7.));
#7765=CARTESIAN_POINT('',(160.031080383058,-74.0848102144176,6.));
#7766=CARTESIAN_POINT('Ctrl Pts',(160.157956320043,-74.5145510605747,6.));
#7767=CARTESIAN_POINT('Ctrl Pts',(160.157956320043,-74.5145510605747,7.));
#7768=CARTESIAN_POINT('Ctrl Pts',(160.12096430157,-74.4505429948112,6.));
#7769=CARTESIAN_POINT('Ctrl Pts',(160.12096430157,-74.4505429948112,7.));
#7770=CARTESIAN_POINT('Ctrl Pts',(160.044187401687,-74.3176943139397,6.));
#7771=CARTESIAN_POINT('Ctrl Pts',(160.044187401687,-74.3176943139397,7.));
#7772=CARTESIAN_POINT('Ctrl Pts',(160.035554072255,-74.1642982436762,6.));
#7773=CARTESIAN_POINT('Ctrl Pts',(160.035554072255,-74.1642982436762,7.));
#7774=CARTESIAN_POINT('Ctrl Pts',(160.031080383058,-74.0848102144176,6.));
#7775=CARTESIAN_POINT('Ctrl Pts',(160.031080383058,-74.0848102144176,7.));
#7776=CARTESIAN_POINT('',(160.157956320043,-74.5145510605747,6.));
#7777=CARTESIAN_POINT('Ctrl Pts',(160.031080383058,-74.0848102144176,6.));
#7778=CARTESIAN_POINT('Ctrl Pts',(160.035554072255,-74.1642982436762,6.));
#7779=CARTESIAN_POINT('Ctrl Pts',(160.044187401687,-74.3176943139397,6.));
#7780=CARTESIAN_POINT('Ctrl Pts',(160.12096430157,-74.4505429948112,6.));
#7781=CARTESIAN_POINT('Ctrl Pts',(160.157956320043,-74.5145510605747,6.));
#7782=CARTESIAN_POINT('',(160.157956320043,-74.5145510605747,7.));
#7783=CARTESIAN_POINT('Ctrl Pts',(160.157956320043,-74.5145510605747,7.));
#7784=CARTESIAN_POINT('Ctrl Pts',(160.12096430157,-74.4505429948112,7.));
#7785=CARTESIAN_POINT('Ctrl Pts',(160.044187401687,-74.3176943139397,7.));
#7786=CARTESIAN_POINT('Ctrl Pts',(160.035554072255,-74.1642982436762,7.));
#7787=CARTESIAN_POINT('Ctrl Pts',(160.031080383058,-74.0848102144176,7.));
#7788=CARTESIAN_POINT('',(160.157956320043,-74.5145510605747,6.));
#7789=CARTESIAN_POINT('Ctrl Pts',(160.492199200387,-74.7505675724918,6.));
#7790=CARTESIAN_POINT('Ctrl Pts',(160.492199200387,-74.7505675724918,7.));
#7791=CARTESIAN_POINT('Ctrl Pts',(160.426324638879,-74.7262589208276,6.));
#7792=CARTESIAN_POINT('Ctrl Pts',(160.426324638879,-74.7262589208276,7.));
#7793=CARTESIAN_POINT('Ctrl Pts',(160.293903376263,-74.6773935884112,6.));
#7794=CARTESIAN_POINT('Ctrl Pts',(160.293903376263,-74.6773935884112,7.));
#7795=CARTESIAN_POINT('Ctrl Pts',(160.203425087715,-74.5690152709169,6.));
#7796=CARTESIAN_POINT('Ctrl Pts',(160.203425087715,-74.5690152709169,7.));
#7797=CARTESIAN_POINT('Ctrl Pts',(160.157956320043,-74.5145510605747,6.));
#7798=CARTESIAN_POINT('Ctrl Pts',(160.157956320043,-74.5145510605747,7.));
#7799=CARTESIAN_POINT('',(160.492199200387,-74.7505675724918,6.));
#7800=CARTESIAN_POINT('Ctrl Pts',(160.157956320043,-74.5145510605747,6.));
#7801=CARTESIAN_POINT('Ctrl Pts',(160.203425087715,-74.5690152709169,6.));
#7802=CARTESIAN_POINT('Ctrl Pts',(160.293903376263,-74.6773935884112,6.));
#7803=CARTESIAN_POINT('Ctrl Pts',(160.426324638879,-74.7262589208276,6.));
#7804=CARTESIAN_POINT('Ctrl Pts',(160.492199200387,-74.7505675724918,6.));
#7805=CARTESIAN_POINT('',(160.492199200387,-74.7505675724918,7.));
#7806=CARTESIAN_POINT('Ctrl Pts',(160.492199200387,-74.7505675724918,7.));
#7807=CARTESIAN_POINT('Ctrl Pts',(160.426324638879,-74.7262589208276,7.));
#7808=CARTESIAN_POINT('Ctrl Pts',(160.293903376263,-74.6773935884112,7.));
#7809=CARTESIAN_POINT('Ctrl Pts',(160.203425087715,-74.5690152709169,7.));
#7810=CARTESIAN_POINT('Ctrl Pts',(160.157956320043,-74.5145510605747,7.));
#7811=CARTESIAN_POINT('',(160.492199200387,-74.7505675724918,6.));
#7812=CARTESIAN_POINT('Ctrl Pts',(160.986060041185,-74.7860382965976,6.));
#7813=CARTESIAN_POINT('Ctrl Pts',(160.986060041185,-74.7860382965976,7.));
#7814=CARTESIAN_POINT('Ctrl Pts',(160.884592419847,-74.7864685309613,6.));
#7815=CARTESIAN_POINT('Ctrl Pts',(160.884592419847,-74.7864685309613,7.));
#7816=CARTESIAN_POINT('Ctrl Pts',(160.718916898341,-74.7871710141932,6.));
#7817=CARTESIAN_POINT('Ctrl Pts',(160.718916898341,-74.7871710141932,7.));
#7818=CARTESIAN_POINT('Ctrl Pts',(160.555522893808,-74.7607911463079,6.));
#7819=CARTESIAN_POINT('Ctrl Pts',(160.555522893808,-74.7607911463079,7.));
#7820=CARTESIAN_POINT('Ctrl Pts',(160.492199200387,-74.7505675724918,6.));
#7821=CARTESIAN_POINT('Ctrl Pts',(160.492199200387,-74.7505675724918,7.));
#7822=CARTESIAN_POINT('',(160.986060041185,-74.7860382965976,6.));
#7823=CARTESIAN_POINT('Ctrl Pts',(160.492199200387,-74.7505675724918,6.));
#7824=CARTESIAN_POINT('Ctrl Pts',(160.555522893808,-74.7607911463079,6.));
#7825=CARTESIAN_POINT('Ctrl Pts',(160.718916898341,-74.7871710141932,6.));
#7826=CARTESIAN_POINT('Ctrl Pts',(160.884592419847,-74.7864685309613,6.));
#7827=CARTESIAN_POINT('Ctrl Pts',(160.986060041185,-74.7860382965976,6.));
#7828=CARTESIAN_POINT('',(160.986060041185,-74.7860382965976,7.));
#7829=CARTESIAN_POINT('Ctrl Pts',(160.986060041185,-74.7860382965976,7.));
#7830=CARTESIAN_POINT('Ctrl Pts',(160.884592419847,-74.7864685309613,7.));
#7831=CARTESIAN_POINT('Ctrl Pts',(160.718916898341,-74.7871710141932,7.));
#7832=CARTESIAN_POINT('Ctrl Pts',(160.555522893808,-74.7607911463079,7.));
#7833=CARTESIAN_POINT('Ctrl Pts',(160.492199200387,-74.7505675724918,7.));
#7834=CARTESIAN_POINT('',(160.986060041185,-74.7860382965976,6.));
#7835=CARTESIAN_POINT('Origin',(162.009252372379,-74.7860382965976,6.));
#7836=CARTESIAN_POINT('',(162.009252372379,-74.7860382965976,6.));
#7837=CARTESIAN_POINT('',(133.937485146539,-74.7860382965976,6.));
#7838=CARTESIAN_POINT('',(162.009252372379,-74.7860382965976,7.));
#7839=CARTESIAN_POINT('',(160.986060041185,-74.7860382965976,7.));
#7840=CARTESIAN_POINT('',(162.009252372379,-74.7860382965976,6.));
#7841=CARTESIAN_POINT('Origin',(162.009252372379,-73.3562975100452,6.));
#7842=CARTESIAN_POINT('',(162.009252372379,-72.8071842662269,6.));
#7843=CARTESIAN_POINT('',(162.009252372379,-74.7860382965976,7.));
#7844=CARTESIAN_POINT('Origin',(162.538583862777,-75.2580710224086,6.));
#7845=CARTESIAN_POINT('',(162.538583862777,-71.258070962804,6.));
#7846=CARTESIAN_POINT('',(162.538583862777,-75.2580710224086,6.));
#7847=CARTESIAN_POINT('',(162.538583862777,-73.7580710224086,6.));
#7848=CARTESIAN_POINT('',(162.538583862777,-71.258070962804,7.));
#7849=CARTESIAN_POINT('',(162.538583862777,-71.258070962804,6.));
#7850=CARTESIAN_POINT('',(162.538583862777,-75.2580710224086,7.));
#7851=CARTESIAN_POINT('',(162.538583862777,-71.258070962804,7.));
#7852=CARTESIAN_POINT('',(162.538583862777,-75.2580710224086,6.));
#7853=CARTESIAN_POINT('Origin',(161.029716271157,-75.2580710224086,6.));
#7854=CARTESIAN_POINT('',(161.029716271157,-75.2580710224086,6.));
#7855=CARTESIAN_POINT('',(133.447717095928,-75.2580710224086,6.));
#7856=CARTESIAN_POINT('',(161.029716271157,-75.2580710224086,7.));
#7857=CARTESIAN_POINT('',(162.538583862777,-75.2580710224086,7.));
#7858=CARTESIAN_POINT('',(161.029716271157,-75.2580710224086,6.));
#7859=CARTESIAN_POINT('Ctrl Pts',(160.421257752175,-75.219871597665,6.));
#7860=CARTESIAN_POINT('Ctrl Pts',(160.421257752175,-75.219871597665,7.));
#7861=CARTESIAN_POINT('Ctrl Pts',(160.50687287951,-75.2309493501475,6.));
#7862=CARTESIAN_POINT('Ctrl Pts',(160.50687287951,-75.2309493501475,7.));
#7863=CARTESIAN_POINT('Ctrl Pts',(160.708766162774,-75.2570723483781,6.));
#7864=CARTESIAN_POINT('Ctrl Pts',(160.708766162774,-75.2570723483781,7.));
#7865=CARTESIAN_POINT('Ctrl Pts',(160.912422629582,-75.2577060494401,6.));
#7866=CARTESIAN_POINT('Ctrl Pts',(160.912422629582,-75.2577060494401,7.));
#7867=CARTESIAN_POINT('Ctrl Pts',(161.029716271157,-75.2580710224086,6.));
#7868=CARTESIAN_POINT('Ctrl Pts',(161.029716271157,-75.2580710224086,7.));
#7869=CARTESIAN_POINT('',(160.421257752175,-75.219871597665,6.));
#7870=CARTESIAN_POINT('Ctrl Pts',(161.029716271157,-75.2580710224086,6.));
#7871=CARTESIAN_POINT('Ctrl Pts',(160.912422629582,-75.2577060494401,6.));
#7872=CARTESIAN_POINT('Ctrl Pts',(160.708766162774,-75.2570723483781,6.));
#7873=CARTESIAN_POINT('Ctrl Pts',(160.50687287951,-75.2309493501475,6.));
#7874=CARTESIAN_POINT('Ctrl Pts',(160.421257752175,-75.219871597665,6.));
#7875=CARTESIAN_POINT('',(160.421257752175,-75.219871597665,7.));
#7876=CARTESIAN_POINT('Ctrl Pts',(160.421257752175,-75.219871597665,7.));
#7877=CARTESIAN_POINT('Ctrl Pts',(160.50687287951,-75.2309493501475,7.));
#7878=CARTESIAN_POINT('Ctrl Pts',(160.708766162774,-75.2570723483781,7.));
#7879=CARTESIAN_POINT('Ctrl Pts',(160.912422629582,-75.2577060494401,7.));
#7880=CARTESIAN_POINT('Ctrl Pts',(161.029716271157,-75.2580710224086,7.));
#7881=CARTESIAN_POINT('',(160.421257752175,-75.219871597665,6.));
#7882=CARTESIAN_POINT('Ctrl Pts',(159.927396911378,-75.0329687169963,6.));
#7883=CARTESIAN_POINT('Ctrl Pts',(159.927396911378,-75.0329687169963,7.));
#7884=CARTESIAN_POINT('Ctrl Pts',(160.000179757796,-75.0755811663577,6.));
#7885=CARTESIAN_POINT('Ctrl Pts',(160.000179757796,-75.0755811663577,7.));
#7886=CARTESIAN_POINT('Ctrl Pts',(160.154085144469,-75.1656887372868,6.));
#7887=CARTESIAN_POINT('Ctrl Pts',(160.154085144469,-75.1656887372868,7.));
#7888=CARTESIAN_POINT('Ctrl Pts',(160.329040112736,-75.2011697721857,6.));
#7889=CARTESIAN_POINT('Ctrl Pts',(160.329040112736,-75.2011697721857,7.));
#7890=CARTESIAN_POINT('Ctrl Pts',(160.421257752175,-75.219871597665,6.));
#7891=CARTESIAN_POINT('Ctrl Pts',(160.421257752175,-75.219871597665,7.));
#7892=CARTESIAN_POINT('',(159.927396911378,-75.0329687169963,6.));
#7893=CARTESIAN_POINT('Ctrl Pts',(160.421257752175,-75.219871597665,6.));
#7894=CARTESIAN_POINT('Ctrl Pts',(160.329040112736,-75.2011697721857,6.));
#7895=CARTESIAN_POINT('Ctrl Pts',(160.154085144469,-75.1656887372868,6.));
#7896=CARTESIAN_POINT('Ctrl Pts',(160.000179757796,-75.0755811663577,6.));
#7897=CARTESIAN_POINT('Ctrl Pts',(159.927396911378,-75.0329687169963,6.));
#7898=CARTESIAN_POINT('',(159.927396911378,-75.0329687169963,7.));
#7899=CARTESIAN_POINT('Ctrl Pts',(159.927396911378,-75.0329687169963,7.));
#7900=CARTESIAN_POINT('Ctrl Pts',(160.000179757796,-75.0755811663577,7.));
#7901=CARTESIAN_POINT('Ctrl Pts',(160.154085144469,-75.1656887372868,7.));
#7902=CARTESIAN_POINT('Ctrl Pts',(160.329040112736,-75.2011697721857,7.));
#7903=CARTESIAN_POINT('Ctrl Pts',(160.421257752175,-75.219871597665,7.));
#7904=CARTESIAN_POINT('',(159.927396911378,-75.0329687169963,6.));
#7905=CARTESIAN_POINT('Ctrl Pts',(159.606796640153,-74.6468841008121,6.));
#7906=CARTESIAN_POINT('Ctrl Pts',(159.606796640153,-74.6468841008121,7.));
#7907=CARTESIAN_POINT('Ctrl Pts',(159.649285988551,-74.724181003298,6.));
#7908=CARTESIAN_POINT('Ctrl Pts',(159.649285988551,-74.724181003298,7.));
#7909=CARTESIAN_POINT('Ctrl Pts',(159.731421073634,-74.8736016911103,6.));
#7910=CARTESIAN_POINT('Ctrl Pts',(159.731421073634,-74.8736016911103,7.));
#7911=CARTESIAN_POINT('Ctrl Pts',(159.863596993238,-74.9810867945982,6.));
#7912=CARTESIAN_POINT('Ctrl Pts',(159.863596993238,-74.9810867945982,7.));
#7913=CARTESIAN_POINT('Ctrl Pts',(159.927396911378,-75.0329687169963,6.));
#7914=CARTESIAN_POINT('Ctrl Pts',(159.927396911378,-75.0329687169963,7.));
#7915=CARTESIAN_POINT('',(159.606796640153,-74.6468841008121,6.));
#7916=CARTESIAN_POINT('Ctrl Pts',(159.927396911378,-75.0329687169963,6.));
#7917=CARTESIAN_POINT('Ctrl Pts',(159.863596993238,-74.9810867945982,6.));
#7918=CARTESIAN_POINT('Ctrl Pts',(159.731421073634,-74.8736016911103,6.));
#7919=CARTESIAN_POINT('Ctrl Pts',(159.649285988551,-74.724181003298,6.));
#7920=CARTESIAN_POINT('Ctrl Pts',(159.606796640153,-74.6468841008121,6.));
#7921=CARTESIAN_POINT('',(159.606796640153,-74.6468841008121,7.));
#7922=CARTESIAN_POINT('Ctrl Pts',(159.606796640153,-74.6468841008121,7.));
#7923=CARTESIAN_POINT('Ctrl Pts',(159.649285988551,-74.724181003298,7.));
#7924=CARTESIAN_POINT('Ctrl Pts',(159.731421073634,-74.8736016911103,7.));
#7925=CARTESIAN_POINT('Ctrl Pts',(159.863596993238,-74.9810867945982,7.));
#7926=CARTESIAN_POINT('Ctrl Pts',(159.927396911378,-75.0329687169963,7.));
#7927=CARTESIAN_POINT('',(159.606796640153,-74.6468841008121,6.));
#7928=CARTESIAN_POINT('Ctrl Pts',(159.48537780642,-74.1011815241748,6.));
#7929=CARTESIAN_POINT('Ctrl Pts',(159.48537780642,-74.1011815241748,7.));
#7930=CARTESIAN_POINT('Ctrl Pts',(159.49004053312,-74.197451173647,6.));
#7931=CARTESIAN_POINT('Ctrl Pts',(159.49004053312,-74.197451173647,7.));
#7932=CARTESIAN_POINT('Ctrl Pts',(159.499191769788,-74.3863934820695,6.));
#7933=CARTESIAN_POINT('Ctrl Pts',(159.499191769788,-74.3863934820695,7.));
#7934=CARTESIAN_POINT('Ctrl Pts',(159.571386485836,-74.5611629529068,6.));
#7935=CARTESIAN_POINT('Ctrl Pts',(159.571386485836,-74.5611629529068,7.));
#7936=CARTESIAN_POINT('Ctrl Pts',(159.606796640153,-74.6468841008121,6.));
#7937=CARTESIAN_POINT('Ctrl Pts',(159.606796640153,-74.6468841008121,7.));
#7938=CARTESIAN_POINT('',(159.48537780642,-74.1011815241748,6.));
#7939=CARTESIAN_POINT('Ctrl Pts',(159.606796640153,-74.6468841008121,6.));
#7940=CARTESIAN_POINT('Ctrl Pts',(159.571386485836,-74.5611629529068,6.));
#7941=CARTESIAN_POINT('Ctrl Pts',(159.499191769788,-74.3863934820695,6.));
#7942=CARTESIAN_POINT('Ctrl Pts',(159.49004053312,-74.197451173647,6.));
#7943=CARTESIAN_POINT('Ctrl Pts',(159.48537780642,-74.1011815241748,6.));
#7944=CARTESIAN_POINT('',(159.48537780642,-74.1011815241748,7.));
#7945=CARTESIAN_POINT('Ctrl Pts',(159.48537780642,-74.1011815241748,7.));
#7946=CARTESIAN_POINT('Ctrl Pts',(159.49004053312,-74.197451173647,7.));
#7947=CARTESIAN_POINT('Ctrl Pts',(159.499191769788,-74.3863934820695,7.));
#7948=CARTESIAN_POINT('Ctrl Pts',(159.571386485836,-74.5611629529068,7.));
#7949=CARTESIAN_POINT('Ctrl Pts',(159.606796640153,-74.6468841008121,7.));
#7950=CARTESIAN_POINT('',(159.48537780642,-74.1011815241748,6.));
#7951=CARTESIAN_POINT('Ctrl Pts',(159.810071128602,-73.2376070789272,6.));
#7952=CARTESIAN_POINT('Ctrl Pts',(159.810071128602,-73.2376070789272,7.));
#7953=CARTESIAN_POINT('Ctrl Pts',(159.715376536559,-73.3633270336968,6.));
#7954=CARTESIAN_POINT('Ctrl Pts',(159.715376536559,-73.3633270336968,7.));
#7955=CARTESIAN_POINT('Ctrl Pts',(159.522709519112,-73.6191187129916,6.));
#7956=CARTESIAN_POINT('Ctrl Pts',(159.522709519112,-73.6191187129916,7.));
#7957=CARTESIAN_POINT('Ctrl Pts',(159.497962053077,-73.9386816846997,6.));
#7958=CARTESIAN_POINT('Ctrl Pts',(159.497962053077,-73.9386816846997,7.));
#7959=CARTESIAN_POINT('Ctrl Pts',(159.48537780642,-74.1011815241748,6.));
#7960=CARTESIAN_POINT('Ctrl Pts',(159.48537780642,-74.1011815241748,7.));
#7961=CARTESIAN_POINT('',(159.810071128602,-73.2376070789272,6.));
#7962=CARTESIAN_POINT('Ctrl Pts',(159.48537780642,-74.1011815241748,6.));
#7963=CARTESIAN_POINT('Ctrl Pts',(159.497962053077,-73.9386816846997,6.));
#7964=CARTESIAN_POINT('Ctrl Pts',(159.522709519112,-73.6191187129916,6.));
#7965=CARTESIAN_POINT('Ctrl Pts',(159.715376536559,-73.3633270336968,6.));
#7966=CARTESIAN_POINT('Ctrl Pts',(159.810071128602,-73.2376070789272,6.));
#7967=CARTESIAN_POINT('',(159.810071128602,-73.2376070789272,7.));
#7968=CARTESIAN_POINT('Ctrl Pts',(159.810071128602,-73.2376070789272,7.));
#7969=CARTESIAN_POINT('Ctrl Pts',(159.715376536559,-73.3633270336968,7.));
#7970=CARTESIAN_POINT('Ctrl Pts',(159.522709519112,-73.6191187129916,7.));
#7971=CARTESIAN_POINT('Ctrl Pts',(159.497962053077,-73.9386816846997,7.));
#7972=CARTESIAN_POINT('Ctrl Pts',(159.48537780642,-74.1011815241748,7.));
#7973=CARTESIAN_POINT('',(159.810071128602,-73.2376070789272,6.));
#7974=CARTESIAN_POINT('Ctrl Pts',(160.983331489558,-72.884264486211,6.));
#7975=CARTESIAN_POINT('Ctrl Pts',(160.983331489558,-72.884264486211,7.));
#7976=CARTESIAN_POINT('Ctrl Pts',(160.735206072136,-72.8871868988981,6.));
#7977=CARTESIAN_POINT('Ctrl Pts',(160.735206072136,-72.8871868988981,7.));
#7978=CARTESIAN_POINT('Ctrl Pts',(160.306182735997,-72.8922399210901,6.));
#7979=CARTESIAN_POINT('Ctrl Pts',(160.306182735997,-72.8922399210901,7.));
#7980=CARTESIAN_POINT('Ctrl Pts',(159.957213987643,-73.1351738557062,6.));
#7981=CARTESIAN_POINT('Ctrl Pts',(159.957213987643,-73.1351738557062,7.));
#7982=CARTESIAN_POINT('Ctrl Pts',(159.810071128602,-73.2376070789272,6.));
#7983=CARTESIAN_POINT('Ctrl Pts',(159.810071128602,-73.2376070789272,7.));
#7984=CARTESIAN_POINT('',(160.983331489558,-72.884264486211,6.));
#7985=CARTESIAN_POINT('Ctrl Pts',(159.810071128602,-73.2376070789272,6.));
#7986=CARTESIAN_POINT('Ctrl Pts',(159.957213987643,-73.1351738557062,6.));
#7987=CARTESIAN_POINT('Ctrl Pts',(160.306182735997,-72.8922399210901,6.));
#7988=CARTESIAN_POINT('Ctrl Pts',(160.735206072136,-72.8871868988981,6.));
#7989=CARTESIAN_POINT('Ctrl Pts',(160.983331489558,-72.884264486211,6.));
#7990=CARTESIAN_POINT('',(160.983331489558,-72.884264486211,7.));
#7991=CARTESIAN_POINT('Ctrl Pts',(160.983331489558,-72.884264486211,7.));
#7992=CARTESIAN_POINT('Ctrl Pts',(160.735206072136,-72.8871868988981,7.));
#7993=CARTESIAN_POINT('Ctrl Pts',(160.306182735997,-72.8922399210901,7.));
#7994=CARTESIAN_POINT('Ctrl Pts',(159.957213987643,-73.1351738557062,7.));
#7995=CARTESIAN_POINT('Ctrl Pts',(159.810071128602,-73.2376070789272,7.));
#7996=CARTESIAN_POINT('',(160.983331489558,-72.884264486211,6.));
#7997=CARTESIAN_POINT('Origin',(162.009252372379,-72.884264486211,6.));
#7998=CARTESIAN_POINT('',(162.009252372379,-72.884264486211,6.));
#7999=CARTESIAN_POINT('',(133.937485146539,-72.884264486211,6.));
#8000=CARTESIAN_POINT('',(162.009252372379,-72.884264486211,7.));
#8001=CARTESIAN_POINT('',(160.983331489558,-72.884264486211,7.));
#8002=CARTESIAN_POINT('',(162.009252372379,-72.884264486211,6.));
#8003=CARTESIAN_POINT('Origin',(162.009252372379,-71.258070962804,6.));
#8004=CARTESIAN_POINT('',(162.009252372379,-71.258070962804,6.));
#8005=CARTESIAN_POINT('',(162.009252372379,-71.7580709926063,6.));
#8006=CARTESIAN_POINT('',(162.009252372379,-71.258070962804,7.));
#8007=CARTESIAN_POINT('',(162.009252372379,-72.884264486211,7.));
#8008=CARTESIAN_POINT('',(162.009252372379,-71.258070962804,6.));
#8009=CARTESIAN_POINT('Origin',(162.538583862777,-71.258070962804,6.));
#8010=CARTESIAN_POINT('',(134.202150891738,-71.258070962804,6.));
#8011=CARTESIAN_POINT('',(162.009252372379,-71.258070962804,7.));
#8012=CARTESIAN_POINT('Origin',(141.12657910883,-72.6700765363151,7.));
#8013=CARTESIAN_POINT('Origin',(105.865717920699,-72.2580710224086,6.));
#8014=CARTESIAN_POINT('Origin',(155.771871942277,-74.1557516626293,6.));
#8015=CARTESIAN_POINT('',(155.771871942277,-71.258070962804,6.));
#8016=CARTESIAN_POINT('',(155.771871942277,-74.1557516626293,6.));
#8017=CARTESIAN_POINT('',(155.771871942277,-73.2069113425189,6.));
#8018=CARTESIAN_POINT('',(155.771871942277,-71.258070962804,7.));
#8019=CARTESIAN_POINT('',(155.771871942277,-71.258070962804,6.));
#8020=CARTESIAN_POINT('',(155.771871942277,-74.1557516626293,7.));
#8021=CARTESIAN_POINT('',(155.771871942277,-71.258070962804,7.));
#8022=CARTESIAN_POINT('',(155.771871942277,-74.1557516626293,6.));
#8023=CARTESIAN_POINT('Origin',(155.329852837319,-74.1557516626293,6.));
#8024=CARTESIAN_POINT('',(155.329852837319,-74.1557516626293,6.));
#8025=CARTESIAN_POINT('',(130.597785379009,-74.1557516626293,6.));
#8026=CARTESIAN_POINT('',(155.329852837319,-74.1557516626293,7.));
#8027=CARTESIAN_POINT('',(155.771871942277,-74.1557516626293,7.));
#8028=CARTESIAN_POINT('',(155.329852837319,-74.1557516626293,6.));
#8029=CARTESIAN_POINT('Origin',(155.329852837319,-73.7164609602863,6.));
#8030=CARTESIAN_POINT('',(155.329852837319,-73.7164609602863,6.));
#8031=CARTESIAN_POINT('',(155.329852837319,-72.9872659913475,6.));
#8032=CARTESIAN_POINT('',(155.329852837319,-73.7164609602863,7.));
#8033=CARTESIAN_POINT('',(155.329852837319,-74.1557516626293,7.));
#8034=CARTESIAN_POINT('',(155.329852837319,-73.7164609602863,6.));
#8035=CARTESIAN_POINT('Ctrl Pts',(155.017438071962,-74.1230096391612,6.));
#8036=CARTESIAN_POINT('Ctrl Pts',(155.017438071962,-74.1230096391612,7.));
#8037=CARTESIAN_POINT('Ctrl Pts',(155.069799267395,-74.0747190310834,6.));
#8038=CARTESIAN_POINT('Ctrl Pts',(155.069799267395,-74.0747190310834,7.));
#8039=CARTESIAN_POINT('Ctrl Pts',(155.196868382046,-73.9575283374089,6.));
#8040=CARTESIAN_POINT('Ctrl Pts',(155.196868382046,-73.9575283374089,7.));
#8041=CARTESIAN_POINT('Ctrl Pts',(155.280615360926,-73.8057161237251,6.));
#8042=CARTESIAN_POINT('Ctrl Pts',(155.280615360926,-73.8057161237251,7.));
#8043=CARTESIAN_POINT('Ctrl Pts',(155.329852837319,-73.7164609602863,6.));
#8044=CARTESIAN_POINT('Ctrl Pts',(155.329852837319,-73.7164609602863,7.));
#8045=CARTESIAN_POINT('',(155.017438071962,-74.1230096391612,6.));
#8046=CARTESIAN_POINT('Ctrl Pts',(155.329852837319,-73.7164609602863,6.));
#8047=CARTESIAN_POINT('Ctrl Pts',(155.280615360926,-73.8057161237251,6.));
#8048=CARTESIAN_POINT('Ctrl Pts',(155.196868382046,-73.9575283374089,6.));
#8049=CARTESIAN_POINT('Ctrl Pts',(155.069799267395,-74.0747190310834,6.));
#8050=CARTESIAN_POINT('Ctrl Pts',(155.017438071962,-74.1230096391612,6.));
#8051=CARTESIAN_POINT('',(155.017438071962,-74.1230096391612,7.));
#8052=CARTESIAN_POINT('Ctrl Pts',(155.017438071962,-74.1230096391612,7.));
#8053=CARTESIAN_POINT('Ctrl Pts',(155.069799267395,-74.0747190310834,7.));
#8054=CARTESIAN_POINT('Ctrl Pts',(155.196868382046,-73.9575283374089,7.));
#8055=CARTESIAN_POINT('Ctrl Pts',(155.280615360926,-73.8057161237251,7.));
#8056=CARTESIAN_POINT('Ctrl Pts',(155.329852837319,-73.7164609602863,7.));
#8057=CARTESIAN_POINT('',(155.017438071962,-74.1230096391612,6.));
#8058=CARTESIAN_POINT('Ctrl Pts',(154.702294605966,-74.2212360075885,6.));
#8059=CARTESIAN_POINT('Ctrl Pts',(154.702294605966,-74.2212360075885,7.));
#8060=CARTESIAN_POINT('Ctrl Pts',(154.758465627723,-74.2170980052872,6.));
#8061=CARTESIAN_POINT('Ctrl Pts',(154.758465627723,-74.2170980052872,7.));
#8062=CARTESIAN_POINT('Ctrl Pts',(154.871120517658,-74.2087989539398,6.));
#8063=CARTESIAN_POINT('Ctrl Pts',(154.871120517658,-74.2087989539398,7.));
#8064=CARTESIAN_POINT('Ctrl Pts',(154.968575342085,-74.1516589706393,6.));
#8065=CARTESIAN_POINT('Ctrl Pts',(154.968575342085,-74.1516589706393,7.));
#8066=CARTESIAN_POINT('Ctrl Pts',(155.017438071962,-74.1230096391612,6.));
#8067=CARTESIAN_POINT('Ctrl Pts',(155.017438071962,-74.1230096391612,7.));
#8068=CARTESIAN_POINT('',(154.702294605966,-74.2212360075885,6.));
#8069=CARTESIAN_POINT('Ctrl Pts',(155.017438071962,-74.1230096391612,6.));
#8070=CARTESIAN_POINT('Ctrl Pts',(154.968575342085,-74.1516589706393,6.));
#8071=CARTESIAN_POINT('Ctrl Pts',(154.871120517658,-74.2087989539398,6.));
#8072=CARTESIAN_POINT('Ctrl Pts',(154.758465627723,-74.2170980052872,6.));
#8073=CARTESIAN_POINT('Ctrl Pts',(154.702294605966,-74.2212360075885,6.));
#8074=CARTESIAN_POINT('',(154.702294605966,-74.2212360075885,7.));
#8075=CARTESIAN_POINT('Ctrl Pts',(154.702294605966,-74.2212360075885,7.));
#8076=CARTESIAN_POINT('Ctrl Pts',(154.758465627723,-74.2170980052872,7.));
#8077=CARTESIAN_POINT('Ctrl Pts',(154.871120517658,-74.2087989539398,7.));
#8078=CARTESIAN_POINT('Ctrl Pts',(154.968575342085,-74.1516589706393,7.));
#8079=CARTESIAN_POINT('Ctrl Pts',(155.017438071962,-74.1230096391612,7.));
#8080=CARTESIAN_POINT('',(154.702294605966,-74.2212360075885,6.));
#8081=CARTESIAN_POINT('Ctrl Pts',(154.19752015471,-74.0629820994312,6.));
#8082=CARTESIAN_POINT('Ctrl Pts',(154.19752015471,-74.0629820994312,7.));
#8083=CARTESIAN_POINT('Ctrl Pts',(154.280327224762,-74.1091031699206,6.));
#8084=CARTESIAN_POINT('Ctrl Pts',(154.280327224762,-74.1091031699206,7.));
#8085=CARTESIAN_POINT('Ctrl Pts',(154.437886956971,-74.1968592457112,6.));
#8086=CARTESIAN_POINT('Ctrl Pts',(154.437886956971,-74.1968592457112,7.));
#8087=CARTESIAN_POINT('Ctrl Pts',(154.617214446076,-74.2133921392057,6.));
#8088=CARTESIAN_POINT('Ctrl Pts',(154.617214446076,-74.2133921392057,7.));
#8089=CARTESIAN_POINT('Ctrl Pts',(154.702294605966,-74.2212360075885,6.));
#8090=CARTESIAN_POINT('Ctrl Pts',(154.702294605966,-74.2212360075885,7.));
#8091=CARTESIAN_POINT('',(154.19752015471,-74.0629820994312,6.));
#8092=CARTESIAN_POINT('Ctrl Pts',(154.702294605966,-74.2212360075885,6.));
#8093=CARTESIAN_POINT('Ctrl Pts',(154.617214446076,-74.2133921392057,6.));
#8094=CARTESIAN_POINT('Ctrl Pts',(154.437886956971,-74.1968592457112,6.));
#8095=CARTESIAN_POINT('Ctrl Pts',(154.280327224762,-74.1091031699206,6.));
#8096=CARTESIAN_POINT('Ctrl Pts',(154.19752015471,-74.0629820994312,6.));
#8097=CARTESIAN_POINT('',(154.19752015471,-74.0629820994312,7.));
#8098=CARTESIAN_POINT('Ctrl Pts',(154.19752015471,-74.0629820994312,7.));
#8099=CARTESIAN_POINT('Ctrl Pts',(154.280327224762,-74.1091031699206,7.));
#8100=CARTESIAN_POINT('Ctrl Pts',(154.437886956971,-74.1968592457112,7.));
#8101=CARTESIAN_POINT('Ctrl Pts',(154.617214446076,-74.2133921392057,7.));
#8102=CARTESIAN_POINT('Ctrl Pts',(154.702294605966,-74.2212360075885,7.));
#8103=CARTESIAN_POINT('',(154.19752015471,-74.0629820994312,6.));
#8104=CARTESIAN_POINT('Origin',(154.366687673326,-73.6073206833774,6.));
#8105=CARTESIAN_POINT('',(154.366687673326,-73.6073206833774,6.));
#8106=CARTESIAN_POINT('',(151.649213191845,-80.9269780292678,6.));
#8107=CARTESIAN_POINT('',(154.366687673326,-73.6073206833774,7.));
#8108=CARTESIAN_POINT('',(154.19752015471,-74.0629820994312,7.));
#8109=CARTESIAN_POINT('',(154.366687673326,-73.6073206833774,6.));
#8110=CARTESIAN_POINT('Ctrl Pts',(154.726851719613,-73.7137325576717,6.));
#8111=CARTESIAN_POINT('Ctrl Pts',(154.726851719613,-73.7137325576717,7.));
#8112=CARTESIAN_POINT('Ctrl Pts',(154.665731039043,-73.7086394643073,6.));
#8113=CARTESIAN_POINT('Ctrl Pts',(154.665731039043,-73.7086394643073,7.));
#8114=CARTESIAN_POINT('Ctrl Pts',(154.538474228291,-73.6980353477892,6.));
#8115=CARTESIAN_POINT('Ctrl Pts',(154.538474228291,-73.6980353477892,7.));
#8116=CARTESIAN_POINT('Ctrl Pts',(154.425434894956,-73.6383431024276,6.));
#8117=CARTESIAN_POINT('Ctrl Pts',(154.425434894956,-73.6383431024276,7.));
#8118=CARTESIAN_POINT('Ctrl Pts',(154.366687673326,-73.6073206833774,6.));
#8119=CARTESIAN_POINT('Ctrl Pts',(154.366687673326,-73.6073206833774,7.));
#8120=CARTESIAN_POINT('',(154.726851719613,-73.7137325576717,6.));
#8121=CARTESIAN_POINT('Ctrl Pts',(154.366687673326,-73.6073206833774,6.));
#8122=CARTESIAN_POINT('Ctrl Pts',(154.425434894956,-73.6383431024276,6.));
#8123=CARTESIAN_POINT('Ctrl Pts',(154.538474228291,-73.6980353477892,6.));
#8124=CARTESIAN_POINT('Ctrl Pts',(154.665731039043,-73.7086394643073,6.));
#8125=CARTESIAN_POINT('Ctrl Pts',(154.726851719613,-73.7137325576717,6.));
#8126=CARTESIAN_POINT('',(154.726851719613,-73.7137325576717,7.));
#8127=CARTESIAN_POINT('Ctrl Pts',(154.726851719613,-73.7137325576717,7.));
#8128=CARTESIAN_POINT('Ctrl Pts',(154.665731039043,-73.7086394643073,7.));
#8129=CARTESIAN_POINT('Ctrl Pts',(154.538474228291,-73.6980353477892,7.));
#8130=CARTESIAN_POINT('Ctrl Pts',(154.425434894956,-73.6383431024276,7.));
#8131=CARTESIAN_POINT('Ctrl Pts',(154.366687673326,-73.6073206833774,7.));
#8132=CARTESIAN_POINT('',(154.726851719613,-73.7137325576717,6.));
#8133=CARTESIAN_POINT('Ctrl Pts',(155.016073721643,-73.6168705395633,6.));
#8134=CARTESIAN_POINT('Ctrl Pts',(155.016073721643,-73.6168705395633,7.));
#8135=CARTESIAN_POINT('Ctrl Pts',(154.971950562803,-73.6451220715529,6.));
#8136=CARTESIAN_POINT('Ctrl Pts',(154.971950562803,-73.6451220715529,7.));
#8137=CARTESIAN_POINT('Ctrl Pts',(154.883663918111,-73.7016509564367,6.));
#8138=CARTESIAN_POINT('Ctrl Pts',(154.883663918111,-73.7016509564367,7.));
#8139=CARTESIAN_POINT('Ctrl Pts',(154.779138367285,-73.7097041311007,6.));
#8140=CARTESIAN_POINT('Ctrl Pts',(154.779138367285,-73.7097041311007,7.));
#8141=CARTESIAN_POINT('Ctrl Pts',(154.726851719613,-73.7137325576717,6.));
#8142=CARTESIAN_POINT('Ctrl Pts',(154.726851719613,-73.7137325576717,7.));
#8143=CARTESIAN_POINT('',(155.016073721643,-73.6168705395633,6.));
#8144=CARTESIAN_POINT('Ctrl Pts',(154.726851719613,-73.7137325576717,6.));
#8145=CARTESIAN_POINT('Ctrl Pts',(154.779138367285,-73.7097041311007,6.));
#8146=CARTESIAN_POINT('Ctrl Pts',(154.883663918111,-73.7016509564367,6.));
#8147=CARTESIAN_POINT('Ctrl Pts',(154.971950562803,-73.6451220715529,6.));
#8148=CARTESIAN_POINT('Ctrl Pts',(155.016073721643,-73.6168705395633,6.));
#8149=CARTESIAN_POINT('',(155.016073721643,-73.6168705395633,7.));
#8150=CARTESIAN_POINT('Ctrl Pts',(155.016073721643,-73.6168705395633,7.));
#8151=CARTESIAN_POINT('Ctrl Pts',(154.971950562803,-73.6451220715529,7.));
#8152=CARTESIAN_POINT('Ctrl Pts',(154.883663918111,-73.7016509564367,7.));
#8153=CARTESIAN_POINT('Ctrl Pts',(154.779138367285,-73.7097041311007,7.));
#8154=CARTESIAN_POINT('Ctrl Pts',(154.726851719613,-73.7137325576717,7.));
#8155=CARTESIAN_POINT('',(155.016073721643,-73.6168705395633,6.));
#8156=CARTESIAN_POINT('Ctrl Pts',(155.198884147401,-73.3481120041782,6.));
#8157=CARTESIAN_POINT('Ctrl Pts',(155.198884147401,-73.3481120041782,7.));
#8158=CARTESIAN_POINT('Ctrl Pts',(155.178321529407,-73.4017471161278,6.));
#8159=CARTESIAN_POINT('Ctrl Pts',(155.178321529407,-73.4017471161278,7.));
#8160=CARTESIAN_POINT('Ctrl Pts',(155.138429808451,-73.5057998646629,6.));
#8161=CARTESIAN_POINT('Ctrl Pts',(155.138429808451,-73.5057998646629,7.));
#8162=CARTESIAN_POINT('Ctrl Pts',(155.056009562509,-73.5806181477662,6.));
#8163=CARTESIAN_POINT('Ctrl Pts',(155.056009562509,-73.5806181477662,7.));
#8164=CARTESIAN_POINT('Ctrl Pts',(155.016073721643,-73.6168705395633,6.));
#8165=CARTESIAN_POINT('Ctrl Pts',(155.016073721643,-73.6168705395633,7.));
#8166=CARTESIAN_POINT('',(155.198884147401,-73.3481120041782,6.));
#8167=CARTESIAN_POINT('Ctrl Pts',(155.016073721643,-73.6168705395633,6.));
#8168=CARTESIAN_POINT('Ctrl Pts',(155.056009562509,-73.5806181477662,6.));
#8169=CARTESIAN_POINT('Ctrl Pts',(155.138429808451,-73.5057998646629,6.));
#8170=CARTESIAN_POINT('Ctrl Pts',(155.178321529407,-73.4017471161278,6.));
#8171=CARTESIAN_POINT('Ctrl Pts',(155.198884147401,-73.3481120041782,6.));
#8172=CARTESIAN_POINT('',(155.198884147401,-73.3481120041782,7.));
#8173=CARTESIAN_POINT('Ctrl Pts',(155.198884147401,-73.3481120041782,7.));
#8174=CARTESIAN_POINT('Ctrl Pts',(155.178321529407,-73.4017471161278,7.));
#8175=CARTESIAN_POINT('Ctrl Pts',(155.138429808451,-73.5057998646629,7.));
#8176=CARTESIAN_POINT('Ctrl Pts',(155.056009562509,-73.5806181477662,7.));
#8177=CARTESIAN_POINT('Ctrl Pts',(155.016073721643,-73.6168705395633,7.));
#8178=CARTESIAN_POINT('',(155.198884147401,-73.3481120041782,6.));
#8179=CARTESIAN_POINT('Ctrl Pts',(155.280739802117,-72.7751242093021,6.));
#8180=CARTESIAN_POINT('Ctrl Pts',(155.280739802117,-72.7751242093021,7.));
#8181=CARTESIAN_POINT('Ctrl Pts',(155.277784520586,-72.8752767778277,6.));
#8182=CARTESIAN_POINT('Ctrl Pts',(155.277784520586,-72.8752767778277,7.));
#8183=CARTESIAN_POINT('Ctrl Pts',(155.272056208789,-73.0694055380554,6.));
#8184=CARTESIAN_POINT('Ctrl Pts',(155.272056208789,-73.0694055380554,7.));
#8185=CARTESIAN_POINT('Ctrl Pts',(155.22275194843,-73.2572014796852,6.));
#8186=CARTESIAN_POINT('Ctrl Pts',(155.22275194843,-73.2572014796852,7.));
#8187=CARTESIAN_POINT('Ctrl Pts',(155.198884147401,-73.3481120041782,6.));
#8188=CARTESIAN_POINT('Ctrl Pts',(155.198884147401,-73.3481120041782,7.));
#8189=CARTESIAN_POINT('',(155.280739802117,-72.7751242093021,6.));
#8190=CARTESIAN_POINT('Ctrl Pts',(155.198884147401,-73.3481120041782,6.));
#8191=CARTESIAN_POINT('Ctrl Pts',(155.22275194843,-73.2572014796852,6.));
#8192=CARTESIAN_POINT('Ctrl Pts',(155.272056208789,-73.0694055380554,6.));
#8193=CARTESIAN_POINT('Ctrl Pts',(155.277784520586,-72.8752767778277,6.));
#8194=CARTESIAN_POINT('Ctrl Pts',(155.280739802117,-72.7751242093021,6.));
#8195=CARTESIAN_POINT('',(155.280739802117,-72.7751242093021,7.));
#8196=CARTESIAN_POINT('Ctrl Pts',(155.280739802117,-72.7751242093021,7.));
#8197=CARTESIAN_POINT('Ctrl Pts',(155.277784520586,-72.8752767778277,7.));
#8198=CARTESIAN_POINT('Ctrl Pts',(155.272056208789,-73.0694055380554,7.));
#8199=CARTESIAN_POINT('Ctrl Pts',(155.22275194843,-73.2572014796852,7.));
#8200=CARTESIAN_POINT('Ctrl Pts',(155.198884147401,-73.3481120041782,7.));
#8201=CARTESIAN_POINT('',(155.280739802117,-72.7751242093021,6.));
#8202=CARTESIAN_POINT('Origin',(155.280739802117,-71.258070962804,6.));
#8203=CARTESIAN_POINT('',(155.280739802117,-71.258070962804,6.));
#8204=CARTESIAN_POINT('',(155.280739802117,-71.7580709926063,6.));
#8205=CARTESIAN_POINT('',(155.280739802117,-71.258070962804,7.));
#8206=CARTESIAN_POINT('',(155.280739802117,-72.7751242093021,7.));
#8207=CARTESIAN_POINT('',(155.280739802117,-71.258070962804,6.));
#8208=CARTESIAN_POINT('Origin',(155.771871942277,-71.258070962804,6.));
#8209=CARTESIAN_POINT('',(130.818794931488,-71.258070962804,6.));
#8210=CARTESIAN_POINT('',(155.280739802117,-71.258070962804,7.));
#8211=CARTESIAN_POINT('Origin',(141.12657910883,-72.6700765363151,7.));
#8212=CARTESIAN_POINT('Ctrl Pts',(151.479920881982,-71.873350637334,6.));
#8213=CARTESIAN_POINT('Ctrl Pts',(151.479920881982,-71.873350637334,7.));
#8214=CARTESIAN_POINT('Ctrl Pts',(151.550520602145,-71.9858706353167,6.));
#8215=CARTESIAN_POINT('Ctrl Pts',(151.550520602145,-71.9858706353167,7.));
#8216=CARTESIAN_POINT('Ctrl Pts',(151.709506528803,-72.2392582706435,6.));
#8217=CARTESIAN_POINT('Ctrl Pts',(151.709506528803,-72.2392582706435,7.));
#8218=CARTESIAN_POINT('Ctrl Pts',(151.718023594793,-72.5398187056104,6.));
#8219=CARTESIAN_POINT('Ctrl Pts',(151.718023594793,-72.5398187056104,7.));
#8220=CARTESIAN_POINT('Ctrl Pts',(151.722758549447,-72.7069114617282,6.));
#8221=CARTESIAN_POINT('Ctrl Pts',(151.722758549447,-72.7069114617282,7.));
#8222=CARTESIAN_POINT('',(151.722758549447,-72.7069114617282,6.));
#8223=CARTESIAN_POINT('',(151.479920881982,-71.873350637334,6.));
#8224=CARTESIAN_POINT('Ctrl Pts',(151.722758549447,-72.7069114617282,6.));
#8225=CARTESIAN_POINT('Ctrl Pts',(151.718023594793,-72.5398187056104,6.));
#8226=CARTESIAN_POINT('Ctrl Pts',(151.709506528803,-72.2392582706435,6.));
#8227=CARTESIAN_POINT('Ctrl Pts',(151.550520602145,-71.9858706353167,6.));
#8228=CARTESIAN_POINT('Ctrl Pts',(151.479920881982,-71.873350637334,6.));
#8229=CARTESIAN_POINT('',(151.722758549447,-72.7069114617282,7.));
#8230=CARTESIAN_POINT('',(151.722758549447,-72.7069114617282,6.));
#8231=CARTESIAN_POINT('',(151.479920881982,-71.873350637334,7.));
#8232=CARTESIAN_POINT('Ctrl Pts',(151.479920881982,-71.873350637334,7.));
#8233=CARTESIAN_POINT('Ctrl Pts',(151.550520602145,-71.9858706353167,7.));
#8234=CARTESIAN_POINT('Ctrl Pts',(151.709506528803,-72.2392582706435,7.));
#8235=CARTESIAN_POINT('Ctrl Pts',(151.718023594793,-72.5398187056104,7.));
#8236=CARTESIAN_POINT('Ctrl Pts',(151.722758549447,-72.7069114617282,7.));
#8237=CARTESIAN_POINT('',(151.479920881982,-71.873350637334,6.));
#8238=CARTESIAN_POINT('Ctrl Pts',(150.868733662362,-71.5964065960819,6.));
#8239=CARTESIAN_POINT('Ctrl Pts',(150.868733662362,-71.5964065960819,7.));
#8240=CARTESIAN_POINT('Ctrl Pts',(150.986286492831,-71.6079453867167,6.));
#8241=CARTESIAN_POINT('Ctrl Pts',(150.986286492831,-71.6079453867167,7.));
#8242=CARTESIAN_POINT('Ctrl Pts',(151.221389001343,-71.6310226585493,6.));
#8243=CARTESIAN_POINT('Ctrl Pts',(151.221389001343,-71.6310226585493,7.));
#8244=CARTESIAN_POINT('Ctrl Pts',(151.393744358791,-71.7925753664781,6.));
#8245=CARTESIAN_POINT('Ctrl Pts',(151.393744358791,-71.7925753664781,7.));
#8246=CARTESIAN_POINT('Ctrl Pts',(151.479920881982,-71.873350637334,6.));
#8247=CARTESIAN_POINT('Ctrl Pts',(151.479920881982,-71.873350637334,7.));
#8248=CARTESIAN_POINT('',(150.868733662362,-71.5964065960819,6.));
#8249=CARTESIAN_POINT('Ctrl Pts',(151.479920881982,-71.873350637334,6.));
#8250=CARTESIAN_POINT('Ctrl Pts',(151.393744358791,-71.7925753664781,6.));
#8251=CARTESIAN_POINT('Ctrl Pts',(151.221389001343,-71.6310226585493,6.));
#8252=CARTESIAN_POINT('Ctrl Pts',(150.986286492831,-71.6079453867167,6.));
#8253=CARTESIAN_POINT('Ctrl Pts',(150.868733662362,-71.5964065960819,6.));
#8254=CARTESIAN_POINT('',(150.868733662362,-71.5964065960819,7.));
#8255=CARTESIAN_POINT('Ctrl Pts',(150.868733662362,-71.5964065960819,7.));
#8256=CARTESIAN_POINT('Ctrl Pts',(150.986286492831,-71.6079453867167,7.));
#8257=CARTESIAN_POINT('Ctrl Pts',(151.221389001343,-71.6310226585493,7.));
#8258=CARTESIAN_POINT('Ctrl Pts',(151.393744358791,-71.7925753664781,7.));
#8259=CARTESIAN_POINT('Ctrl Pts',(151.479920881982,-71.873350637334,7.));
#8260=CARTESIAN_POINT('',(150.868733662362,-71.5964065960819,6.));
#8261=CARTESIAN_POINT('Ctrl Pts',(150.260276335473,-71.8747149876529,6.));
#8262=CARTESIAN_POINT('Ctrl Pts',(150.260276335473,-71.8747149876529,7.));
#8263=CARTESIAN_POINT('Ctrl Pts',(150.346159250324,-71.7935419047772,6.));
#8264=CARTESIAN_POINT('Ctrl Pts',(150.346159250324,-71.7935419047772,7.));
#8265=CARTESIAN_POINT('Ctrl Pts',(150.517425395134,-71.6316680211237,6.));
#8266=CARTESIAN_POINT('Ctrl Pts',(150.517425395134,-71.6316680211237,7.));
#8267=CARTESIAN_POINT('Ctrl Pts',(150.751858900465,-71.6081375202882,6.));
#8268=CARTESIAN_POINT('Ctrl Pts',(150.751858900465,-71.6081375202882,7.));
#8269=CARTESIAN_POINT('Ctrl Pts',(150.868733662362,-71.5964065960819,6.));
#8270=CARTESIAN_POINT('Ctrl Pts',(150.868733662362,-71.5964065960819,7.));
#8271=CARTESIAN_POINT('',(150.260276335473,-71.8747149876529,6.));
#8272=CARTESIAN_POINT('Ctrl Pts',(150.868733662362,-71.5964065960819,6.));
#8273=CARTESIAN_POINT('Ctrl Pts',(150.751858900465,-71.6081375202882,6.));
#8274=CARTESIAN_POINT('Ctrl Pts',(150.517425395134,-71.6316680211237,6.));
#8275=CARTESIAN_POINT('Ctrl Pts',(150.346159250324,-71.7935419047772,6.));
#8276=CARTESIAN_POINT('Ctrl Pts',(150.260276335473,-71.8747149876529,6.));
#8277=CARTESIAN_POINT('',(150.260276335473,-71.8747149876529,7.));
#8278=CARTESIAN_POINT('Ctrl Pts',(150.260276335473,-71.8747149876529,7.));
#8279=CARTESIAN_POINT('Ctrl Pts',(150.346159250324,-71.7935419047772,7.));
#8280=CARTESIAN_POINT('Ctrl Pts',(150.517425395134,-71.6316680211237,7.));
#8281=CARTESIAN_POINT('Ctrl Pts',(150.751858900465,-71.6081375202882,7.));
#8282=CARTESIAN_POINT('Ctrl Pts',(150.868733662362,-71.5964065960819,7.));
#8283=CARTESIAN_POINT('',(150.260276335473,-71.8747149876529,6.));
#8284=CARTESIAN_POINT('Ctrl Pts',(150.017437475915,-72.7232824734622,6.));
#8285=CARTESIAN_POINT('Ctrl Pts',(150.017437475915,-72.7232824734622,7.));
#8286=CARTESIAN_POINT('Ctrl Pts',(150.021856601846,-72.5526343115995,6.));
#8287=CARTESIAN_POINT('Ctrl Pts',(150.021856601846,-72.5526343115995,7.));
#8288=CARTESIAN_POINT('Ctrl Pts',(150.029766313278,-72.2471943359036,6.));
#8289=CARTESIAN_POINT('Ctrl Pts',(150.029766313278,-72.2471943359036,7.));
#8290=CARTESIAN_POINT('Ctrl Pts',(150.189697915792,-71.9887621059217,6.));
#8291=CARTESIAN_POINT('Ctrl Pts',(150.189697915792,-71.9887621059217,7.));
#8292=CARTESIAN_POINT('Ctrl Pts',(150.260276335473,-71.8747149876529,6.));
#8293=CARTESIAN_POINT('Ctrl Pts',(150.260276335473,-71.8747149876529,7.));
#8294=CARTESIAN_POINT('',(150.017437475915,-72.7232824734622,6.));
#8295=CARTESIAN_POINT('Ctrl Pts',(150.260276335473,-71.8747149876529,6.));
#8296=CARTESIAN_POINT('Ctrl Pts',(150.189697915792,-71.9887621059217,6.));
#8297=CARTESIAN_POINT('Ctrl Pts',(150.029766313278,-72.2471943359036,6.));
#8298=CARTESIAN_POINT('Ctrl Pts',(150.021856601846,-72.5526343115995,6.));
#8299=CARTESIAN_POINT('Ctrl Pts',(150.017437475915,-72.7232824734622,6.));
#8300=CARTESIAN_POINT('',(150.017437475915,-72.7232824734622,7.));
#8301=CARTESIAN_POINT('Ctrl Pts',(150.017437475915,-72.7232824734622,7.));
#8302=CARTESIAN_POINT('Ctrl Pts',(150.021856601846,-72.5526343115995,7.));
#8303=CARTESIAN_POINT('Ctrl Pts',(150.029766313278,-72.2471943359036,7.));
#8304=CARTESIAN_POINT('Ctrl Pts',(150.189697915792,-71.9887621059217,7.));
#8305=CARTESIAN_POINT('Ctrl Pts',(150.260276335473,-71.8747149876529,7.));
#8306=CARTESIAN_POINT('',(150.017437475915,-72.7232824734622,6.));
#8307=CARTESIAN_POINT('Ctrl Pts',(150.261640089746,-73.5377435854846,6.));
#8308=CARTESIAN_POINT('Ctrl Pts',(150.261640089746,-73.5377435854846,7.));
#8309=CARTESIAN_POINT('Ctrl Pts',(150.190606909331,-73.4269127158583,6.));
#8310=CARTESIAN_POINT('Ctrl Pts',(150.190606909331,-73.4269127158583,7.));
#8311=CARTESIAN_POINT('Ctrl Pts',(150.032381522657,-73.1800385494547,6.));
#8312=CARTESIAN_POINT('Ctrl Pts',(150.032381522657,-73.1800385494547,7.));
#8313=CARTESIAN_POINT('Ctrl Pts',(150.02274681169,-72.8855592259636,6.));
#8314=CARTESIAN_POINT('Ctrl Pts',(150.02274681169,-72.8855592259636,7.));
#8315=CARTESIAN_POINT('Ctrl Pts',(150.017437475915,-72.7232824734622,6.));
#8316=CARTESIAN_POINT('Ctrl Pts',(150.017437475915,-72.7232824734622,7.));
#8317=CARTESIAN_POINT('',(150.261640089746,-73.5377435854846,6.));
#8318=CARTESIAN_POINT('Ctrl Pts',(150.017437475915,-72.7232824734622,6.));
#8319=CARTESIAN_POINT('Ctrl Pts',(150.02274681169,-72.8855592259636,6.));
#8320=CARTESIAN_POINT('Ctrl Pts',(150.032381522657,-73.1800385494547,6.));
#8321=CARTESIAN_POINT('Ctrl Pts',(150.190606909331,-73.4269127158583,6.));
#8322=CARTESIAN_POINT('Ctrl Pts',(150.261640089746,-73.5377435854846,6.));
#8323=CARTESIAN_POINT('',(150.261640089746,-73.5377435854846,7.));
#8324=CARTESIAN_POINT('Ctrl Pts',(150.261640089746,-73.5377435854846,7.));
#8325=CARTESIAN_POINT('Ctrl Pts',(150.190606909331,-73.4269127158583,7.));
#8326=CARTESIAN_POINT('Ctrl Pts',(150.032381522657,-73.1800385494547,7.));
#8327=CARTESIAN_POINT('Ctrl Pts',(150.02274681169,-72.8855592259636,7.));
#8328=CARTESIAN_POINT('Ctrl Pts',(150.017437475915,-72.7232824734622,7.));
#8329=CARTESIAN_POINT('',(150.261640089746,-73.5377435854846,6.));
#8330=CARTESIAN_POINT('Ctrl Pts',(150.868733662362,-73.8146876267368,6.));
#8331=CARTESIAN_POINT('Ctrl Pts',(150.868733662362,-73.8146876267368,7.));
#8332=CARTESIAN_POINT('Ctrl Pts',(150.75251532688,-73.8029210343452,6.));
#8333=CARTESIAN_POINT('Ctrl Pts',(150.75251532688,-73.8029210343452,7.));
#8334=CARTESIAN_POINT('Ctrl Pts',(150.518920345434,-73.7792705757496,6.));
#8335=CARTESIAN_POINT('Ctrl Pts',(150.518920345434,-73.7792705757496,7.));
#8336=CARTESIAN_POINT('Ctrl Pts',(150.347683208696,-73.6185182858107,6.));
#8337=CARTESIAN_POINT('Ctrl Pts',(150.347683208696,-73.6185182858107,7.));
#8338=CARTESIAN_POINT('Ctrl Pts',(150.261640089746,-73.5377435854846,6.));
#8339=CARTESIAN_POINT('Ctrl Pts',(150.261640089746,-73.5377435854846,7.));
#8340=CARTESIAN_POINT('',(150.868733662362,-73.8146876267368,6.));
#8341=CARTESIAN_POINT('Ctrl Pts',(150.261640089746,-73.5377435854846,6.));
#8342=CARTESIAN_POINT('Ctrl Pts',(150.347683208696,-73.6185182858107,6.));
#8343=CARTESIAN_POINT('Ctrl Pts',(150.518920345434,-73.7792705757496,6.));
#8344=CARTESIAN_POINT('Ctrl Pts',(150.75251532688,-73.8029210343452,6.));
#8345=CARTESIAN_POINT('Ctrl Pts',(150.868733662362,-73.8146876267368,6.));
#8346=CARTESIAN_POINT('',(150.868733662362,-73.8146876267368,7.));
#8347=CARTESIAN_POINT('Ctrl Pts',(150.868733662362,-73.8146876267368,7.));
#8348=CARTESIAN_POINT('Ctrl Pts',(150.75251532688,-73.8029210343452,7.));
#8349=CARTESIAN_POINT('Ctrl Pts',(150.518920345434,-73.7792705757496,7.));
#8350=CARTESIAN_POINT('Ctrl Pts',(150.347683208696,-73.6185182858107,7.));
#8351=CARTESIAN_POINT('Ctrl Pts',(150.261640089746,-73.5377435854846,7.));
#8352=CARTESIAN_POINT('',(150.868733662362,-73.8146876267368,6.));
#8353=CARTESIAN_POINT('Ctrl Pts',(151.479920881982,-73.5391079358035,6.));
#8354=CARTESIAN_POINT('Ctrl Pts',(151.479920881982,-73.5391079358035,7.));
#8355=CARTESIAN_POINT('Ctrl Pts',(151.39369546058,-73.6194853305627,6.));
#8356=CARTESIAN_POINT('Ctrl Pts',(151.39369546058,-73.6194853305627,7.));
#8357=CARTESIAN_POINT('Ctrl Pts',(151.221104627746,-73.7803706156326,6.));
#8358=CARTESIAN_POINT('Ctrl Pts',(151.221104627746,-73.7803706156326,7.));
#8359=CARTESIAN_POINT('Ctrl Pts',(150.986254147293,-73.8032424391858,6.));
#8360=CARTESIAN_POINT('Ctrl Pts',(150.986254147293,-73.8032424391858,7.));
#8361=CARTESIAN_POINT('Ctrl Pts',(150.868733662362,-73.8146876267368,6.));
#8362=CARTESIAN_POINT('Ctrl Pts',(150.868733662362,-73.8146876267368,7.));
#8363=CARTESIAN_POINT('',(151.479920881982,-73.5391079358035,6.));
#8364=CARTESIAN_POINT('Ctrl Pts',(150.868733662362,-73.8146876267368,6.));
#8365=CARTESIAN_POINT('Ctrl Pts',(150.986254147293,-73.8032424391858,6.));
#8366=CARTESIAN_POINT('Ctrl Pts',(151.221104627746,-73.7803706156326,6.));
#8367=CARTESIAN_POINT('Ctrl Pts',(151.39369546058,-73.6194853305627,6.));
#8368=CARTESIAN_POINT('Ctrl Pts',(151.479920881982,-73.5391079358035,6.));
#8369=CARTESIAN_POINT('',(151.479920881982,-73.5391079358035,7.));
#8370=CARTESIAN_POINT('Ctrl Pts',(151.479920881982,-73.5391079358035,7.));
#8371=CARTESIAN_POINT('Ctrl Pts',(151.39369546058,-73.6194853305627,7.));
#8372=CARTESIAN_POINT('Ctrl Pts',(151.221104627746,-73.7803706156326,7.));
#8373=CARTESIAN_POINT('Ctrl Pts',(150.986254147293,-73.8032424391858,7.));
#8374=CARTESIAN_POINT('Ctrl Pts',(150.868733662362,-73.8146876267368,7.));
#8375=CARTESIAN_POINT('',(151.479920881982,-73.5391079358035,6.));
#8376=CARTESIAN_POINT('Ctrl Pts',(151.722758549447,-72.7069114617282,6.));
#8377=CARTESIAN_POINT('Ctrl Pts',(151.722758549447,-72.7069114617282,7.));
#8378=CARTESIAN_POINT('Ctrl Pts',(151.718069084872,-72.8739157590752,6.));
#8379=CARTESIAN_POINT('Ctrl Pts',(151.718069084872,-72.8739157590752,7.));
#8380=CARTESIAN_POINT('Ctrl Pts',(151.709639916276,-73.1741008561695,6.));
#8381=CARTESIAN_POINT('Ctrl Pts',(151.709639916276,-73.1741008561695,7.));
#8382=CARTESIAN_POINT('Ctrl Pts',(151.550517495438,-73.4269349772634,6.));
#8383=CARTESIAN_POINT('Ctrl Pts',(151.550517495438,-73.4269349772634,7.));
#8384=CARTESIAN_POINT('Ctrl Pts',(151.479920881982,-73.5391079358035,6.));
#8385=CARTESIAN_POINT('Ctrl Pts',(151.479920881982,-73.5391079358035,7.));
#8386=CARTESIAN_POINT('Ctrl Pts',(151.479920881982,-73.5391079358035,6.));
#8387=CARTESIAN_POINT('Ctrl Pts',(151.550517495438,-73.4269349772634,6.));
#8388=CARTESIAN_POINT('Ctrl Pts',(151.709639916276,-73.1741008561695,6.));
#8389=CARTESIAN_POINT('Ctrl Pts',(151.718069084872,-72.8739157590752,6.));
#8390=CARTESIAN_POINT('Ctrl Pts',(151.722758549447,-72.7069114617282,6.));
#8391=CARTESIAN_POINT('Ctrl Pts',(151.722758549447,-72.7069114617282,7.));
#8392=CARTESIAN_POINT('Ctrl Pts',(151.718069084872,-72.8739157590752,7.));
#8393=CARTESIAN_POINT('Ctrl Pts',(151.709639916276,-73.1741008561695,7.));
#8394=CARTESIAN_POINT('Ctrl Pts',(151.550517495438,-73.4269349772634,7.));
#8395=CARTESIAN_POINT('Ctrl Pts',(151.479920881982,-73.5391079358035,7.));
#8396=CARTESIAN_POINT('Ctrl Pts',(151.780057686563,-73.8992713860446,6.));
#8397=CARTESIAN_POINT('Ctrl Pts',(151.780057686563,-73.8992713860446,7.));
#8398=CARTESIAN_POINT('Ctrl Pts',(151.910309394388,-73.7426453782301,6.));
#8399=CARTESIAN_POINT('Ctrl Pts',(151.910309394388,-73.7426453782301,7.));
#8400=CARTESIAN_POINT('Ctrl Pts',(152.195753973391,-73.3994019336097,6.));
#8401=CARTESIAN_POINT('Ctrl Pts',(152.195753973391,-73.3994019336097,7.));
#8402=CARTESIAN_POINT('Ctrl Pts',(152.216340787351,-72.9508071736123,6.));
#8403=CARTESIAN_POINT('Ctrl Pts',(152.216340787351,-72.9508071736123,7.));
#8404=CARTESIAN_POINT('Ctrl Pts',(152.227533596749,-72.7069114617282,6.));
#8405=CARTESIAN_POINT('Ctrl Pts',(152.227533596749,-72.7069114617282,7.));
#8406=CARTESIAN_POINT('',(152.227533596749,-72.7069114617282,6.));
#8407=CARTESIAN_POINT('',(151.780057686563,-73.8992713860446,6.));
#8408=CARTESIAN_POINT('Ctrl Pts',(152.227533596749,-72.7069114617282,6.));
#8409=CARTESIAN_POINT('Ctrl Pts',(152.216340787351,-72.9508071736123,6.));
#8410=CARTESIAN_POINT('Ctrl Pts',(152.195753973391,-73.3994019336097,6.));
#8411=CARTESIAN_POINT('Ctrl Pts',(151.910309394388,-73.7426453782301,6.));
#8412=CARTESIAN_POINT('Ctrl Pts',(151.780057686563,-73.8992713860446,6.));
#8413=CARTESIAN_POINT('',(152.227533596749,-72.7069114617282,7.));
#8414=CARTESIAN_POINT('',(152.227533596749,-72.7069114617282,6.));
#8415=CARTESIAN_POINT('',(151.780057686563,-73.8992713860446,7.));
#8416=CARTESIAN_POINT('Ctrl Pts',(151.780057686563,-73.8992713860446,7.));
#8417=CARTESIAN_POINT('Ctrl Pts',(151.910309394388,-73.7426453782301,7.));
#8418=CARTESIAN_POINT('Ctrl Pts',(152.195753973391,-73.3994019336097,7.));
#8419=CARTESIAN_POINT('Ctrl Pts',(152.216340787351,-72.9508071736123,7.));
#8420=CARTESIAN_POINT('Ctrl Pts',(152.227533596749,-72.7069114617282,7.));
#8421=CARTESIAN_POINT('',(151.780057686563,-73.8992713860446,6.));
#8422=CARTESIAN_POINT('Ctrl Pts',(150.868733662362,-74.2212360075885,6.));
#8423=CARTESIAN_POINT('Ctrl Pts',(150.868733662362,-74.2212360075885,7.));
#8424=CARTESIAN_POINT('Ctrl Pts',(151.039538516985,-74.2091309422023,6.));
#8425=CARTESIAN_POINT('Ctrl Pts',(151.039538516985,-74.2091309422023,7.));
#8426=CARTESIAN_POINT('Ctrl Pts',(151.373284459667,-74.1854781223367,6.));
#8427=CARTESIAN_POINT('Ctrl Pts',(151.373284459667,-74.1854781223367,7.));
#8428=CARTESIAN_POINT('Ctrl Pts',(151.646613348214,-73.99316318135,6.));
#8429=CARTESIAN_POINT('Ctrl Pts',(151.646613348214,-73.99316318135,7.));
#8430=CARTESIAN_POINT('Ctrl Pts',(151.780057686563,-73.8992713860446,6.));
#8431=CARTESIAN_POINT('Ctrl Pts',(151.780057686563,-73.8992713860446,7.));
#8432=CARTESIAN_POINT('',(150.868733662362,-74.2212360075885,6.));
#8433=CARTESIAN_POINT('Ctrl Pts',(151.780057686563,-73.8992713860446,6.));
#8434=CARTESIAN_POINT('Ctrl Pts',(151.646613348214,-73.99316318135,6.));
#8435=CARTESIAN_POINT('Ctrl Pts',(151.373284459667,-74.1854781223367,6.));
#8436=CARTESIAN_POINT('Ctrl Pts',(151.039538516985,-74.2091309422023,6.));
#8437=CARTESIAN_POINT('Ctrl Pts',(150.868733662362,-74.2212360075885,6.));
#8438=CARTESIAN_POINT('',(150.868733662362,-74.2212360075885,7.));
#8439=CARTESIAN_POINT('Ctrl Pts',(150.868733662362,-74.2212360075885,7.));
#8440=CARTESIAN_POINT('Ctrl Pts',(151.039538516985,-74.2091309422023,7.));
#8441=CARTESIAN_POINT('Ctrl Pts',(151.373284459667,-74.1854781223367,7.));
#8442=CARTESIAN_POINT('Ctrl Pts',(151.646613348214,-73.99316318135,7.));
#8443=CARTESIAN_POINT('Ctrl Pts',(151.780057686563,-73.8992713860446,7.));
#8444=CARTESIAN_POINT('',(150.868733662362,-74.2212360075885,6.));
#8445=CARTESIAN_POINT('Ctrl Pts',(149.891926783319,-73.8296942881519,6.));
#8446=CARTESIAN_POINT('Ctrl Pts',(149.891926783319,-73.8296942881519,7.));
#8447=CARTESIAN_POINT('Ctrl Pts',(150.029903411882,-73.9438726330012,6.));
#8448=CARTESIAN_POINT('Ctrl Pts',(150.029903411882,-73.9438726330012,7.));
#8449=CARTESIAN_POINT('Ctrl Pts',(150.313191815828,-74.1782992994186,6.));
#8450=CARTESIAN_POINT('Ctrl Pts',(150.313191815828,-74.1782992994186,7.));
#8451=CARTESIAN_POINT('Ctrl Pts',(150.680383829785,-74.2066788291407,6.));
#8452=CARTESIAN_POINT('Ctrl Pts',(150.680383829785,-74.2066788291407,7.));
#8453=CARTESIAN_POINT('Ctrl Pts',(150.868733662362,-74.2212360075885,6.));
#8454=CARTESIAN_POINT('Ctrl Pts',(150.868733662362,-74.2212360075885,7.));
#8455=CARTESIAN_POINT('',(149.891926783319,-73.8296942881519,6.));
#8456=CARTESIAN_POINT('Ctrl Pts',(150.868733662362,-74.2212360075885,6.));
#8457=CARTESIAN_POINT('Ctrl Pts',(150.680383829785,-74.2066788291407,6.));
#8458=CARTESIAN_POINT('Ctrl Pts',(150.313191815828,-74.1782992994186,6.));
#8459=CARTESIAN_POINT('Ctrl Pts',(150.029903411882,-73.9438726330012,6.));
#8460=CARTESIAN_POINT('Ctrl Pts',(149.891926783319,-73.8296942881519,6.));
#8461=CARTESIAN_POINT('',(149.891926783319,-73.8296942881519,7.));
#8462=CARTESIAN_POINT('Ctrl Pts',(149.891926783319,-73.8296942881519,7.));
#8463=CARTESIAN_POINT('Ctrl Pts',(150.029903411882,-73.9438726330012,7.));
#8464=CARTESIAN_POINT('Ctrl Pts',(150.313191815828,-74.1782992994186,7.));
#8465=CARTESIAN_POINT('Ctrl Pts',(150.680383829785,-74.2066788291407,7.));
#8466=CARTESIAN_POINT('Ctrl Pts',(150.868733662362,-74.2212360075885,7.));
#8467=CARTESIAN_POINT('',(149.891926783319,-73.8296942881519,6.));
#8468=CARTESIAN_POINT('Ctrl Pts',(149.512663620706,-72.7478389910632,6.));
#8469=CARTESIAN_POINT('Ctrl Pts',(149.512663620706,-72.7478389910632,7.));
#8470=CARTESIAN_POINT('Ctrl Pts',(149.5238804594,-72.9604954023542,6.));
#8471=CARTESIAN_POINT('Ctrl Pts',(149.5238804594,-72.9604954023542,7.));
#8472=CARTESIAN_POINT('Ctrl Pts',(149.544932480478,-73.3596138505053,6.));
#8473=CARTESIAN_POINT('Ctrl Pts',(149.544932480478,-73.3596138505053,7.));
#8474=CARTESIAN_POINT('Ctrl Pts',(149.781435969259,-73.6800100720018,6.));
#8475=CARTESIAN_POINT('Ctrl Pts',(149.781435969259,-73.6800100720018,7.));
#8476=CARTESIAN_POINT('Ctrl Pts',(149.891926783319,-73.8296942881519,6.));
#8477=CARTESIAN_POINT('Ctrl Pts',(149.891926783319,-73.8296942881519,7.));
#8478=CARTESIAN_POINT('',(149.512663620706,-72.7478389910632,6.));
#8479=CARTESIAN_POINT('Ctrl Pts',(149.891926783319,-73.8296942881519,6.));
#8480=CARTESIAN_POINT('Ctrl Pts',(149.781435969259,-73.6800100720018,6.));
#8481=CARTESIAN_POINT('Ctrl Pts',(149.544932480478,-73.3596138505053,6.));
#8482=CARTESIAN_POINT('Ctrl Pts',(149.5238804594,-72.9604954023542,6.));
#8483=CARTESIAN_POINT('Ctrl Pts',(149.512663620706,-72.7478389910632,6.));
#8484=CARTESIAN_POINT('',(149.512663620706,-72.7478389910632,7.));
#8485=CARTESIAN_POINT('Ctrl Pts',(149.512663620706,-72.7478389910632,7.));
#8486=CARTESIAN_POINT('Ctrl Pts',(149.5238804594,-72.9604954023542,7.));
#8487=CARTESIAN_POINT('Ctrl Pts',(149.544932480478,-73.3596138505053,7.));
#8488=CARTESIAN_POINT('Ctrl Pts',(149.781435969259,-73.6800100720018,7.));
#8489=CARTESIAN_POINT('Ctrl Pts',(149.891926783319,-73.8296942881519,7.));
#8490=CARTESIAN_POINT('',(149.512663620706,-72.7478389910632,6.));
#8491=CARTESIAN_POINT('Ctrl Pts',(149.680466192956,-71.8678935340816,6.));
#8492=CARTESIAN_POINT('Ctrl Pts',(149.680466192956,-71.8678935340816,7.));
#8493=CARTESIAN_POINT('Ctrl Pts',(149.631681137932,-71.9932582551877,6.));
#8494=CARTESIAN_POINT('Ctrl Pts',(149.631681137932,-71.9932582551877,7.));
#8495=CARTESIAN_POINT('Ctrl Pts',(149.521828935439,-72.2755494347616,6.));
#8496=CARTESIAN_POINT('Ctrl Pts',(149.521828935439,-72.2755494347616,7.));
#8497=CARTESIAN_POINT('Ctrl Pts',(149.515938262381,-72.5790963882566,6.));
#8498=CARTESIAN_POINT('Ctrl Pts',(149.515938262381,-72.5790963882566,7.));
#8499=CARTESIAN_POINT('Ctrl Pts',(149.512663620706,-72.7478389910632,6.));
#8500=CARTESIAN_POINT('Ctrl Pts',(149.512663620706,-72.7478389910632,7.));
#8501=CARTESIAN_POINT('',(149.680466192956,-71.8678935340816,6.));
#8502=CARTESIAN_POINT('Ctrl Pts',(149.512663620706,-72.7478389910632,6.));
#8503=CARTESIAN_POINT('Ctrl Pts',(149.515938262381,-72.5790963882566,6.));
#8504=CARTESIAN_POINT('Ctrl Pts',(149.521828935439,-72.2755494347616,6.));
#8505=CARTESIAN_POINT('Ctrl Pts',(149.631681137932,-71.9932582551877,6.));
#8506=CARTESIAN_POINT('Ctrl Pts',(149.680466192956,-71.8678935340816,6.));
#8507=CARTESIAN_POINT('',(149.680466192956,-71.8678935340816,7.));
#8508=CARTESIAN_POINT('Ctrl Pts',(149.680466192956,-71.8678935340816,7.));
#8509=CARTESIAN_POINT('Ctrl Pts',(149.631681137932,-71.9932582551877,7.));
#8510=CARTESIAN_POINT('Ctrl Pts',(149.521828935439,-72.2755494347616,7.));
#8511=CARTESIAN_POINT('Ctrl Pts',(149.515938262381,-72.5790963882566,7.));
#8512=CARTESIAN_POINT('Ctrl Pts',(149.512663620706,-72.7478389910632,7.));
#8513=CARTESIAN_POINT('',(149.680466192956,-71.8678935340816,6.));
#8514=CARTESIAN_POINT('Ctrl Pts',(150.168870228524,-71.3699399403507,6.));
#8515=CARTESIAN_POINT('Ctrl Pts',(150.168870228524,-71.3699399403507,7.));
#8516=CARTESIAN_POINT('Ctrl Pts',(150.06846354829,-71.434848389595,6.));
#8517=CARTESIAN_POINT('Ctrl Pts',(150.06846354829,-71.434848389595,7.));
#8518=CARTESIAN_POINT('Ctrl Pts',(149.868313247283,-71.5642366496574,6.));
#8519=CARTESIAN_POINT('Ctrl Pts',(149.868313247283,-71.5642366496574,7.));
#8520=CARTESIAN_POINT('Ctrl Pts',(149.742943435705,-71.7668983657057,6.));
#8521=CARTESIAN_POINT('Ctrl Pts',(149.742943435705,-71.7668983657057,7.));
#8522=CARTESIAN_POINT('Ctrl Pts',(149.680466192956,-71.8678935340816,6.));
#8523=CARTESIAN_POINT('Ctrl Pts',(149.680466192956,-71.8678935340816,7.));
#8524=CARTESIAN_POINT('',(150.168870228524,-71.3699399403507,6.));
#8525=CARTESIAN_POINT('Ctrl Pts',(149.680466192956,-71.8678935340816,6.));
#8526=CARTESIAN_POINT('Ctrl Pts',(149.742943435705,-71.7668983657057,6.));
#8527=CARTESIAN_POINT('Ctrl Pts',(149.868313247283,-71.5642366496574,6.));
#8528=CARTESIAN_POINT('Ctrl Pts',(150.06846354829,-71.434848389595,6.));
#8529=CARTESIAN_POINT('Ctrl Pts',(150.168870228524,-71.3699399403507,6.));
#8530=CARTESIAN_POINT('',(150.168870228524,-71.3699399403507,7.));
#8531=CARTESIAN_POINT('Ctrl Pts',(150.168870228524,-71.3699399403507,7.));
#8532=CARTESIAN_POINT('Ctrl Pts',(150.06846354829,-71.434848389595,7.));
#8533=CARTESIAN_POINT('Ctrl Pts',(149.868313247283,-71.5642366496574,7.));
#8534=CARTESIAN_POINT('Ctrl Pts',(149.742943435705,-71.7668983657057,7.));
#8535=CARTESIAN_POINT('Ctrl Pts',(149.680466192956,-71.8678935340816,7.));
#8536=CARTESIAN_POINT('',(150.168870228524,-71.3699399403507,6.));
#8537=CARTESIAN_POINT('Ctrl Pts',(150.868733662362,-71.1925869158679,6.));
#8538=CARTESIAN_POINT('Ctrl Pts',(150.868733662362,-71.1925869158679,7.));
#8539=CARTESIAN_POINT('Ctrl Pts',(150.745250431521,-71.1997051440929,6.));
#8540=CARTESIAN_POINT('Ctrl Pts',(150.745250431521,-71.1997051440929,7.));
#8541=CARTESIAN_POINT('Ctrl Pts',(150.500500840159,-71.2138138083821,6.));
#8542=CARTESIAN_POINT('Ctrl Pts',(150.500500840159,-71.2138138083821,7.));
#8543=CARTESIAN_POINT('Ctrl Pts',(150.278744230199,-71.3182131024665,6.));
#8544=CARTESIAN_POINT('Ctrl Pts',(150.278744230199,-71.3182131024665,7.));
#8545=CARTESIAN_POINT('Ctrl Pts',(150.168870228524,-71.3699399403507,6.));
#8546=CARTESIAN_POINT('Ctrl Pts',(150.168870228524,-71.3699399403507,7.));
#8547=CARTESIAN_POINT('',(150.868733662362,-71.1925869158679,6.));
#8548=CARTESIAN_POINT('Ctrl Pts',(150.168870228524,-71.3699399403507,6.));
#8549=CARTESIAN_POINT('Ctrl Pts',(150.278744230199,-71.3182131024665,6.));
#8550=CARTESIAN_POINT('Ctrl Pts',(150.500500840159,-71.2138138083821,6.));
#8551=CARTESIAN_POINT('Ctrl Pts',(150.745250431521,-71.1997051440929,6.));
#8552=CARTESIAN_POINT('Ctrl Pts',(150.868733662362,-71.1925869158679,6.));
#8553=CARTESIAN_POINT('',(150.868733662362,-71.1925869158679,7.));
#8554=CARTESIAN_POINT('Ctrl Pts',(150.868733662362,-71.1925869158679,7.));
#8555=CARTESIAN_POINT('Ctrl Pts',(150.745250431521,-71.1997051440929,7.));
#8556=CARTESIAN_POINT('Ctrl Pts',(150.500500840159,-71.2138138083821,7.));
#8557=CARTESIAN_POINT('Ctrl Pts',(150.278744230199,-71.3182131024665,7.));
#8558=CARTESIAN_POINT('Ctrl Pts',(150.168870228524,-71.3699399403507,7.));
#8559=CARTESIAN_POINT('',(150.868733662362,-71.1925869158679,6.));
#8560=CARTESIAN_POINT('Ctrl Pts',(151.852362889047,-71.5827639869624,6.));
#8561=CARTESIAN_POINT('Ctrl Pts',(151.852362889047,-71.5827639869624,7.));
#8562=CARTESIAN_POINT('Ctrl Pts',(151.714432452616,-71.4689965823306,6.));
#8563=CARTESIAN_POINT('Ctrl Pts',(151.714432452616,-71.4689965823306,7.));
#8564=CARTESIAN_POINT('Ctrl Pts',(151.429157485031,-71.2336968652517,6.));
#8565=CARTESIAN_POINT('Ctrl Pts',(151.429157485031,-71.2336968652517,7.));
#8566=CARTESIAN_POINT('Ctrl Pts',(151.059606671183,-71.2065884258216,6.));
#8567=CARTESIAN_POINT('Ctrl Pts',(151.059606671183,-71.2065884258216,7.));
#8568=CARTESIAN_POINT('Ctrl Pts',(150.868733662362,-71.1925869158679,6.));
#8569=CARTESIAN_POINT('Ctrl Pts',(150.868733662362,-71.1925869158679,7.));
#8570=CARTESIAN_POINT('',(151.852362889047,-71.5827639869624,6.));
#8571=CARTESIAN_POINT('Ctrl Pts',(150.868733662362,-71.1925869158679,6.));
#8572=CARTESIAN_POINT('Ctrl Pts',(151.059606671183,-71.2065884258216,6.));
#8573=CARTESIAN_POINT('Ctrl Pts',(151.429157485031,-71.2336968652517,6.));
#8574=CARTESIAN_POINT('Ctrl Pts',(151.714432452616,-71.4689965823306,6.));
#8575=CARTESIAN_POINT('Ctrl Pts',(151.852362889047,-71.5827639869624,6.));
#8576=CARTESIAN_POINT('',(151.852362889047,-71.5827639869624,7.));
#8577=CARTESIAN_POINT('Ctrl Pts',(151.852362889047,-71.5827639869624,7.));
#8578=CARTESIAN_POINT('Ctrl Pts',(151.714432452616,-71.4689965823306,7.));
#8579=CARTESIAN_POINT('Ctrl Pts',(151.429157485031,-71.2336968652517,7.));
#8580=CARTESIAN_POINT('Ctrl Pts',(151.059606671183,-71.2065884258216,7.));
#8581=CARTESIAN_POINT('Ctrl Pts',(150.868733662362,-71.1925869158679,7.));
#8582=CARTESIAN_POINT('',(151.852362889047,-71.5827639869624,6.));
#8583=CARTESIAN_POINT('Ctrl Pts',(152.227533596749,-72.7069114617282,6.));
#8584=CARTESIAN_POINT('Ctrl Pts',(152.227533596749,-72.7069114617282,7.));
#8585=CARTESIAN_POINT('Ctrl Pts',(152.217893834214,-72.4832853169788,6.));
#8586=CARTESIAN_POINT('Ctrl Pts',(152.217893834214,-72.4832853169788,7.));
#8587=CARTESIAN_POINT('Ctrl Pts',(152.200111852451,-72.0707734928527,6.));
#8588=CARTESIAN_POINT('Ctrl Pts',(152.200111852451,-72.0707734928527,7.));
#8589=CARTESIAN_POINT('Ctrl Pts',(151.961583161533,-71.7360369994467,6.));
#8590=CARTESIAN_POINT('Ctrl Pts',(151.961583161533,-71.7360369994467,7.));
#8591=CARTESIAN_POINT('Ctrl Pts',(151.852362889047,-71.5827639869624,6.));
#8592=CARTESIAN_POINT('Ctrl Pts',(151.852362889047,-71.5827639869624,7.));
#8593=CARTESIAN_POINT('Ctrl Pts',(151.852362889047,-71.5827639869624,6.));
#8594=CARTESIAN_POINT('Ctrl Pts',(151.961583161533,-71.7360369994467,6.));
#8595=CARTESIAN_POINT('Ctrl Pts',(152.200111852451,-72.0707734928527,6.));
#8596=CARTESIAN_POINT('Ctrl Pts',(152.217893834214,-72.4832853169788,6.));
#8597=CARTESIAN_POINT('Ctrl Pts',(152.227533596749,-72.7069114617282,6.));
#8598=CARTESIAN_POINT('Ctrl Pts',(152.227533596749,-72.7069114617282,7.));
#8599=CARTESIAN_POINT('Ctrl Pts',(152.217893834214,-72.4832853169788,7.));
#8600=CARTESIAN_POINT('Ctrl Pts',(152.200111852451,-72.0707734928527,7.));
#8601=CARTESIAN_POINT('Ctrl Pts',(151.961583161533,-71.7360369994467,7.));
#8602=CARTESIAN_POINT('Ctrl Pts',(151.852362889047,-71.5827639869624,7.));
#8603=CARTESIAN_POINT('Origin',(141.12657910883,-72.6700765363151,7.));
#8604=CARTESIAN_POINT('Origin',(105.865717920699,-72.2580710224086,6.));
#8605=CARTESIAN_POINT('Ctrl Pts',(146.647724646325,-72.5268294385845,6.));
#8606=CARTESIAN_POINT('Ctrl Pts',(146.647724646325,-72.5268294385845,7.));
#8607=CARTESIAN_POINT('Ctrl Pts',(146.490521695243,-72.5499395548376,6.));
#8608=CARTESIAN_POINT('Ctrl Pts',(146.490521695243,-72.5499395548376,7.));
#8609=CARTESIAN_POINT('Ctrl Pts',(146.217890900549,-72.5900185057488,6.));
#8610=CARTESIAN_POINT('Ctrl Pts',(146.217890900549,-72.5900185057488,7.));
#8611=CARTESIAN_POINT('Ctrl Pts',(145.956296635414,-72.6759753930239,6.));
#8612=CARTESIAN_POINT('Ctrl Pts',(145.956296635414,-72.6759753930239,7.));
#8613=CARTESIAN_POINT('Ctrl Pts',(145.84554149508,-72.7123682669574,6.));
#8614=CARTESIAN_POINT('Ctrl Pts',(145.84554149508,-72.7123682669574,7.));
#8615=CARTESIAN_POINT('',(145.84554149508,-72.7123682669574,6.));
#8616=CARTESIAN_POINT('',(146.647724646325,-72.5268294385845,6.));
#8617=CARTESIAN_POINT('Ctrl Pts',(145.84554149508,-72.7123682669574,6.));
#8618=CARTESIAN_POINT('Ctrl Pts',(145.956296635414,-72.6759753930239,6.));
#8619=CARTESIAN_POINT('Ctrl Pts',(146.217890900549,-72.5900185057488,6.));
#8620=CARTESIAN_POINT('Ctrl Pts',(146.490521695243,-72.5499395548376,6.));
#8621=CARTESIAN_POINT('Ctrl Pts',(146.647724646325,-72.5268294385845,6.));
#8622=CARTESIAN_POINT('',(145.84554149508,-72.7123682669574,7.));
#8623=CARTESIAN_POINT('',(145.84554149508,-72.7123682669574,6.));
#8624=CARTESIAN_POINT('',(146.647724646325,-72.5268294385845,7.));
#8625=CARTESIAN_POINT('Ctrl Pts',(146.647724646325,-72.5268294385845,7.));
#8626=CARTESIAN_POINT('Ctrl Pts',(146.490521695243,-72.5499395548376,7.));
#8627=CARTESIAN_POINT('Ctrl Pts',(146.217890900549,-72.5900185057488,7.));
#8628=CARTESIAN_POINT('Ctrl Pts',(145.956296635414,-72.6759753930239,7.));
#8629=CARTESIAN_POINT('Ctrl Pts',(145.84554149508,-72.7123682669574,7.));
#8630=CARTESIAN_POINT('',(146.647724646325,-72.5268294385845,6.));
#8631=CARTESIAN_POINT('Ctrl Pts',(147.07610084414,-72.4286030701572,6.));
#8632=CARTESIAN_POINT('Ctrl Pts',(147.07610084414,-72.4286030701572,7.));
#8633=CARTESIAN_POINT('Ctrl Pts',(147.019816788576,-72.4472605538194,6.));
#8634=CARTESIAN_POINT('Ctrl Pts',(147.019816788576,-72.4472605538194,7.));
#8635=CARTESIAN_POINT('Ctrl Pts',(146.880286403693,-72.4935131887842,6.));
#8636=CARTESIAN_POINT('Ctrl Pts',(146.880286403693,-72.4935131887842,7.));
#8637=CARTESIAN_POINT('Ctrl Pts',(146.734627412219,-72.5143799529527,6.));
#8638=CARTESIAN_POINT('Ctrl Pts',(146.734627412219,-72.5143799529527,7.));
#8639=CARTESIAN_POINT('Ctrl Pts',(146.647724646325,-72.5268294385845,6.));
#8640=CARTESIAN_POINT('Ctrl Pts',(146.647724646325,-72.5268294385845,7.));
#8641=CARTESIAN_POINT('',(147.07610084414,-72.4286030701572,6.));
#8642=CARTESIAN_POINT('Ctrl Pts',(146.647724646325,-72.5268294385845,6.));
#8643=CARTESIAN_POINT('Ctrl Pts',(146.734627412219,-72.5143799529527,6.));
#8644=CARTESIAN_POINT('Ctrl Pts',(146.880286403693,-72.4935131887842,6.));
#8645=CARTESIAN_POINT('Ctrl Pts',(147.019816788576,-72.4472605538194,6.));
#8646=CARTESIAN_POINT('Ctrl Pts',(147.07610084414,-72.4286030701572,6.));
#8647=CARTESIAN_POINT('',(147.07610084414,-72.4286030701572,7.));
#8648=CARTESIAN_POINT('Ctrl Pts',(147.07610084414,-72.4286030701572,7.));
#8649=CARTESIAN_POINT('Ctrl Pts',(147.019816788576,-72.4472605538194,7.));
#8650=CARTESIAN_POINT('Ctrl Pts',(146.880286403693,-72.4935131887842,7.));
#8651=CARTESIAN_POINT('Ctrl Pts',(146.734627412219,-72.5143799529527,7.));
#8652=CARTESIAN_POINT('Ctrl Pts',(146.647724646325,-72.5268294385845,7.));
#8653=CARTESIAN_POINT('',(147.07610084414,-72.4286030701572,6.));
#8654=CARTESIAN_POINT('Ctrl Pts',(147.269825476403,-72.2689848116809,6.));
#8655=CARTESIAN_POINT('Ctrl Pts',(147.269825476403,-72.2689848116809,7.));
#8656=CARTESIAN_POINT('Ctrl Pts',(147.244226365044,-72.3021000200619,6.));
#8657=CARTESIAN_POINT('Ctrl Pts',(147.244226365044,-72.3021000200619,7.));
#8658=CARTESIAN_POINT('Ctrl Pts',(147.191789940236,-72.3699321846196,6.));
#8659=CARTESIAN_POINT('Ctrl Pts',(147.191789940236,-72.3699321846196,7.));
#8660=CARTESIAN_POINT('Ctrl Pts',(147.115266204608,-72.4087406418158,6.));
#8661=CARTESIAN_POINT('Ctrl Pts',(147.115266204608,-72.4087406418158,7.));
#8662=CARTESIAN_POINT('Ctrl Pts',(147.07610084414,-72.4286030701572,6.));
#8663=CARTESIAN_POINT('Ctrl Pts',(147.07610084414,-72.4286030701572,7.));
#8664=CARTESIAN_POINT('',(147.269825476403,-72.2689848116809,6.));
#8665=CARTESIAN_POINT('Ctrl Pts',(147.07610084414,-72.4286030701572,6.));
#8666=CARTESIAN_POINT('Ctrl Pts',(147.115266204608,-72.4087406418158,6.));
#8667=CARTESIAN_POINT('Ctrl Pts',(147.191789940236,-72.3699321846196,6.));
#8668=CARTESIAN_POINT('Ctrl Pts',(147.244226365044,-72.3021000200619,6.));
#8669=CARTESIAN_POINT('Ctrl Pts',(147.269825476403,-72.2689848116809,6.));
#8670=CARTESIAN_POINT('',(147.269825476403,-72.2689848116809,7.));
#8671=CARTESIAN_POINT('Ctrl Pts',(147.269825476403,-72.2689848116809,7.));
#8672=CARTESIAN_POINT('Ctrl Pts',(147.244226365044,-72.3021000200619,7.));
#8673=CARTESIAN_POINT('Ctrl Pts',(147.191789940236,-72.3699321846196,7.));
#8674=CARTESIAN_POINT('Ctrl Pts',(147.115266204608,-72.4087406418158,7.));
#8675=CARTESIAN_POINT('Ctrl Pts',(147.07610084414,-72.4286030701572,7.));
#8676=CARTESIAN_POINT('',(147.269825476403,-72.2689848116809,6.));
#8677=CARTESIAN_POINT('Ctrl Pts',(147.338038223977,-72.0356970004016,6.));
#8678=CARTESIAN_POINT('Ctrl Pts',(147.338038223977,-72.0356970004016,7.));
#8679=CARTESIAN_POINT('Ctrl Pts',(147.335267623973,-72.0773660968438,6.));
#8680=CARTESIAN_POINT('Ctrl Pts',(147.335267623973,-72.0773660968438,7.));
#8681=CARTESIAN_POINT('Ctrl Pts',(147.329760993208,-72.1601843773747,6.));
#8682=CARTESIAN_POINT('Ctrl Pts',(147.329760993208,-72.1601843773747,7.));
#8683=CARTESIAN_POINT('Ctrl Pts',(147.289720193312,-72.2328701011483,6.));
#8684=CARTESIAN_POINT('Ctrl Pts',(147.289720193312,-72.2328701011483,7.));
#8685=CARTESIAN_POINT('Ctrl Pts',(147.269825476403,-72.2689848116809,6.));
#8686=CARTESIAN_POINT('Ctrl Pts',(147.269825476403,-72.2689848116809,7.));
#8687=CARTESIAN_POINT('',(147.338038223977,-72.0356970004016,6.));
#8688=CARTESIAN_POINT('Ctrl Pts',(147.269825476403,-72.2689848116809,6.));
#8689=CARTESIAN_POINT('Ctrl Pts',(147.289720193312,-72.2328701011483,6.));
#8690=CARTESIAN_POINT('Ctrl Pts',(147.329760993208,-72.1601843773747,6.));
#8691=CARTESIAN_POINT('Ctrl Pts',(147.335267623973,-72.0773660968438,6.));
#8692=CARTESIAN_POINT('Ctrl Pts',(147.338038223977,-72.0356970004016,6.));
#8693=CARTESIAN_POINT('',(147.338038223977,-72.0356970004016,7.));
#8694=CARTESIAN_POINT('Ctrl Pts',(147.338038223977,-72.0356970004016,7.));
#8695=CARTESIAN_POINT('Ctrl Pts',(147.335267623973,-72.0773660968438,7.));
#8696=CARTESIAN_POINT('Ctrl Pts',(147.329760993208,-72.1601843773747,7.));
#8697=CARTESIAN_POINT('Ctrl Pts',(147.289720193312,-72.2328701011483,7.));
#8698=CARTESIAN_POINT('Ctrl Pts',(147.269825476403,-72.2689848116809,7.));
#8699=CARTESIAN_POINT('',(147.338038223977,-72.0356970004016,6.));
#8700=CARTESIAN_POINT('Ctrl Pts',(147.189334172006,-71.7082755736286,6.));
#8701=CARTESIAN_POINT('Ctrl Pts',(147.189334172006,-71.7082755736286,7.));
#8702=CARTESIAN_POINT('Ctrl Pts',(147.232706409678,-71.7545789513668,6.));
#8703=CARTESIAN_POINT('Ctrl Pts',(147.232706409678,-71.7545789513668,7.));
#8704=CARTESIAN_POINT('Ctrl Pts',(147.319236856206,-71.8469572137406,6.));
#8705=CARTESIAN_POINT('Ctrl Pts',(147.319236856206,-71.8469572137406,7.));
#8706=CARTESIAN_POINT('Ctrl Pts',(147.331781444195,-71.9728875656983,6.));
#8707=CARTESIAN_POINT('Ctrl Pts',(147.331781444195,-71.9728875656983,7.));
#8708=CARTESIAN_POINT('Ctrl Pts',(147.338038223977,-72.0356970004016,6.));
#8709=CARTESIAN_POINT('Ctrl Pts',(147.338038223977,-72.0356970004016,7.));
#8710=CARTESIAN_POINT('',(147.189334172006,-71.7082755736286,6.));
#8711=CARTESIAN_POINT('Ctrl Pts',(147.338038223977,-72.0356970004016,6.));
#8712=CARTESIAN_POINT('Ctrl Pts',(147.331781444195,-71.9728875656983,6.));
#8713=CARTESIAN_POINT('Ctrl Pts',(147.319236856206,-71.8469572137406,6.));
#8714=CARTESIAN_POINT('Ctrl Pts',(147.232706409678,-71.7545789513668,6.));
#8715=CARTESIAN_POINT('Ctrl Pts',(147.189334172006,-71.7082755736286,6.));
#8716=CARTESIAN_POINT('',(147.189334172006,-71.7082755736286,7.));
#8717=CARTESIAN_POINT('Ctrl Pts',(147.189334172006,-71.7082755736286,7.));
#8718=CARTESIAN_POINT('Ctrl Pts',(147.232706409678,-71.7545789513668,7.));
#8719=CARTESIAN_POINT('Ctrl Pts',(147.319236856206,-71.8469572137406,7.));
#8720=CARTESIAN_POINT('Ctrl Pts',(147.331781444195,-71.9728875656983,7.));
#8721=CARTESIAN_POINT('Ctrl Pts',(147.338038223977,-72.0356970004016,7.));
#8722=CARTESIAN_POINT('',(147.189334172006,-71.7082755736286,6.));
#8723=CARTESIAN_POINT('Ctrl Pts',(146.754136818643,-71.57730688371,6.));
#8724=CARTESIAN_POINT('Ctrl Pts',(146.754136818643,-71.57730688371,7.));
#8725=CARTESIAN_POINT('Ctrl Pts',(146.840724927693,-71.5802086332111,6.));
#8726=CARTESIAN_POINT('Ctrl Pts',(146.840724927693,-71.5802086332111,7.));
#8727=CARTESIAN_POINT('Ctrl Pts',(146.998116240087,-71.5854831468508,6.));
#8728=CARTESIAN_POINT('Ctrl Pts',(146.998116240087,-71.5854831468508,7.));
#8729=CARTESIAN_POINT('Ctrl Pts',(147.130003902509,-71.6701760727091,6.));
#8730=CARTESIAN_POINT('Ctrl Pts',(147.130003902509,-71.6701760727091,7.));
#8731=CARTESIAN_POINT('Ctrl Pts',(147.189334172006,-71.7082755736286,6.));
#8732=CARTESIAN_POINT('Ctrl Pts',(147.189334172006,-71.7082755736286,7.));
#8733=CARTESIAN_POINT('',(146.754136818643,-71.57730688371,6.));
#8734=CARTESIAN_POINT('Ctrl Pts',(147.189334172006,-71.7082755736286,6.));
#8735=CARTESIAN_POINT('Ctrl Pts',(147.130003902509,-71.6701760727091,6.));
#8736=CARTESIAN_POINT('Ctrl Pts',(146.998116240087,-71.5854831468508,6.));
#8737=CARTESIAN_POINT('Ctrl Pts',(146.840724927693,-71.5802086332111,6.));
#8738=CARTESIAN_POINT('Ctrl Pts',(146.754136818643,-71.57730688371,6.));
#8739=CARTESIAN_POINT('',(146.754136818643,-71.57730688371,7.));
#8740=CARTESIAN_POINT('Ctrl Pts',(146.754136818643,-71.57730688371,7.));
#8741=CARTESIAN_POINT('Ctrl Pts',(146.840724927693,-71.5802086332111,7.));
#8742=CARTESIAN_POINT('Ctrl Pts',(146.998116240087,-71.5854831468508,7.));
#8743=CARTESIAN_POINT('Ctrl Pts',(147.130003902509,-71.6701760727091,7.));
#8744=CARTESIAN_POINT('Ctrl Pts',(147.189334172006,-71.7082755736286,7.));
#8745=CARTESIAN_POINT('',(146.754136818643,-71.57730688371,6.));
#8746=CARTESIAN_POINT('Ctrl Pts',(146.24936177134,-71.7014544180805,6.));
#8747=CARTESIAN_POINT('Ctrl Pts',(146.24936177134,-71.7014544180805,7.));
#8748=CARTESIAN_POINT('Ctrl Pts',(146.326970001729,-71.6652535940471,6.));
#8749=CARTESIAN_POINT('Ctrl Pts',(146.326970001729,-71.6652535940471,7.));
#8750=CARTESIAN_POINT('Ctrl Pts',(146.486920051233,-71.5906439351579,6.));
#8751=CARTESIAN_POINT('Ctrl Pts',(146.486920051233,-71.5906439351579,7.));
#8752=CARTESIAN_POINT('Ctrl Pts',(146.663324382996,-71.581839421612,6.));
#8753=CARTESIAN_POINT('Ctrl Pts',(146.663324382996,-71.581839421612,7.));
#8754=CARTESIAN_POINT('Ctrl Pts',(146.754136818643,-71.57730688371,6.));
#8755=CARTESIAN_POINT('Ctrl Pts',(146.754136818643,-71.57730688371,7.));
#8756=CARTESIAN_POINT('',(146.24936177134,-71.7014544180805,6.));
#8757=CARTESIAN_POINT('Ctrl Pts',(146.754136818643,-71.57730688371,6.));
#8758=CARTESIAN_POINT('Ctrl Pts',(146.663324382996,-71.581839421612,6.));
#8759=CARTESIAN_POINT('Ctrl Pts',(146.486920051233,-71.5906439351579,6.));
#8760=CARTESIAN_POINT('Ctrl Pts',(146.326970001729,-71.6652535940471,6.));
#8761=CARTESIAN_POINT('Ctrl Pts',(146.24936177134,-71.7014544180805,6.));
#8762=CARTESIAN_POINT('',(146.24936177134,-71.7014544180805,7.));
#8763=CARTESIAN_POINT('Ctrl Pts',(146.24936177134,-71.7014544180805,7.));
#8764=CARTESIAN_POINT('Ctrl Pts',(146.326970001729,-71.6652535940471,7.));
#8765=CARTESIAN_POINT('Ctrl Pts',(146.486920051233,-71.5906439351579,7.));
#8766=CARTESIAN_POINT('Ctrl Pts',(146.663324382996,-71.581839421612,7.));
#8767=CARTESIAN_POINT('Ctrl Pts',(146.754136818643,-71.57730688371,7.));
#8768=CARTESIAN_POINT('',(146.24936177134,-71.7014544180805,6.));
#8769=CARTESIAN_POINT('Ctrl Pts',(145.924669045205,-72.041154103654,6.));
#8770=CARTESIAN_POINT('Ctrl Pts',(145.924669045205,-72.041154103654,7.));
#8771=CARTESIAN_POINT('Ctrl Pts',(145.964676885143,-71.9728015703477,6.));
#8772=CARTESIAN_POINT('Ctrl Pts',(145.964676885143,-71.9728015703477,7.));
#8773=CARTESIAN_POINT('Ctrl Pts',(146.04595773773,-71.8339349833899,6.));
#8774=CARTESIAN_POINT('Ctrl Pts',(146.04595773773,-71.8339349833899,7.));
#8775=CARTESIAN_POINT('Ctrl Pts',(146.180860486326,-71.7460704898568,6.));
#8776=CARTESIAN_POINT('Ctrl Pts',(146.180860486326,-71.7460704898568,7.));
#8777=CARTESIAN_POINT('Ctrl Pts',(146.24936177134,-71.7014544180805,6.));
#8778=CARTESIAN_POINT('Ctrl Pts',(146.24936177134,-71.7014544180805,7.));
#8779=CARTESIAN_POINT('',(145.924669045205,-72.041154103654,6.));
#8780=CARTESIAN_POINT('Ctrl Pts',(146.24936177134,-71.7014544180805,6.));
#8781=CARTESIAN_POINT('Ctrl Pts',(146.180860486326,-71.7460704898568,6.));
#8782=CARTESIAN_POINT('Ctrl Pts',(146.04595773773,-71.8339349833899,6.));
#8783=CARTESIAN_POINT('Ctrl Pts',(145.964676885143,-71.9728015703477,6.));
#8784=CARTESIAN_POINT('Ctrl Pts',(145.924669045205,-72.041154103654,6.));
#8785=CARTESIAN_POINT('',(145.924669045205,-72.041154103654,7.));
#8786=CARTESIAN_POINT('Ctrl Pts',(145.924669045205,-72.041154103654,7.));
#8787=CARTESIAN_POINT('Ctrl Pts',(145.964676885143,-71.9728015703477,7.));
#8788=CARTESIAN_POINT('Ctrl Pts',(146.04595773773,-71.8339349833899,7.));
#8789=CARTESIAN_POINT('Ctrl Pts',(146.180860486326,-71.7460704898568,7.));
#8790=CARTESIAN_POINT('Ctrl Pts',(146.24936177134,-71.7014544180805,7.));
#8791=CARTESIAN_POINT('',(145.924669045205,-72.041154103654,6.));
#8792=CARTESIAN_POINT('Ctrl Pts',(145.84554149508,-72.5322865418369,6.));
#8793=CARTESIAN_POINT('Ctrl Pts',(145.84554149508,-72.5322865418369,7.));
#8794=CARTESIAN_POINT('Ctrl Pts',(145.846484235698,-72.4362449064122,6.));
#8795=CARTESIAN_POINT('Ctrl Pts',(145.846484235698,-72.4362449064122,7.));
#8796=CARTESIAN_POINT('Ctrl Pts',(145.848134096508,-72.2681654502549,6.));
#8797=CARTESIAN_POINT('Ctrl Pts',(145.848134096508,-72.2681654502549,7.));
#8798=CARTESIAN_POINT('Ctrl Pts',(145.901707719867,-72.1092600013325,6.));
#8799=CARTESIAN_POINT('Ctrl Pts',(145.901707719867,-72.1092600013325,7.));
#8800=CARTESIAN_POINT('Ctrl Pts',(145.924669045205,-72.041154103654,6.));
#8801=CARTESIAN_POINT('Ctrl Pts',(145.924669045205,-72.041154103654,7.));
#8802=CARTESIAN_POINT('',(145.84554149508,-72.5322865418369,6.));
#8803=CARTESIAN_POINT('Ctrl Pts',(145.924669045205,-72.041154103654,6.));
#8804=CARTESIAN_POINT('Ctrl Pts',(145.901707719867,-72.1092600013325,6.));
#8805=CARTESIAN_POINT('Ctrl Pts',(145.848134096508,-72.2681654502549,6.));
#8806=CARTESIAN_POINT('Ctrl Pts',(145.846484235698,-72.4362449064122,6.));
#8807=CARTESIAN_POINT('Ctrl Pts',(145.84554149508,-72.5322865418369,6.));
#8808=CARTESIAN_POINT('',(145.84554149508,-72.5322865418369,7.));
#8809=CARTESIAN_POINT('Ctrl Pts',(145.84554149508,-72.5322865418369,7.));
#8810=CARTESIAN_POINT('Ctrl Pts',(145.846484235698,-72.4362449064122,7.));
#8811=CARTESIAN_POINT('Ctrl Pts',(145.848134096508,-72.2681654502549,7.));
#8812=CARTESIAN_POINT('Ctrl Pts',(145.901707719867,-72.1092600013325,7.));
#8813=CARTESIAN_POINT('Ctrl Pts',(145.924669045205,-72.041154103654,7.));
#8814=CARTESIAN_POINT('',(145.84554149508,-72.5322865418369,6.));
#8815=CARTESIAN_POINT('Origin',(145.84554149508,-72.7123682669574,6.));
#8816=CARTESIAN_POINT('',(145.84554149508,-72.485219644683,6.));
#8817=CARTESIAN_POINT('',(145.84554149508,-72.5322865418369,7.));
#8818=CARTESIAN_POINT('Ctrl Pts',(146.329853075738,-71.2880848816806,6.));
#8819=CARTESIAN_POINT('Ctrl Pts',(146.329853075738,-71.2880848816806,7.));
#8820=CARTESIAN_POINT('Ctrl Pts',(146.242034772375,-71.3280604271857,6.));
#8821=CARTESIAN_POINT('Ctrl Pts',(146.242034772375,-71.3280604271857,7.));
#8822=CARTESIAN_POINT('Ctrl Pts',(146.052809914965,-71.414196991073,6.));
#8823=CARTESIAN_POINT('Ctrl Pts',(146.052809914965,-71.414196991073,7.));
#8824=CARTESIAN_POINT('Ctrl Pts',(145.891214407863,-71.5452658479652,6.));
#8825=CARTESIAN_POINT('Ctrl Pts',(145.891214407863,-71.5452658479652,7.));
#8826=CARTESIAN_POINT('Ctrl Pts',(145.804614561792,-71.6155063084537,6.));
#8827=CARTESIAN_POINT('Ctrl Pts',(145.804614561792,-71.6155063084537,7.));
#8828=CARTESIAN_POINT('',(145.804614561792,-71.6155063084537,6.));
#8829=CARTESIAN_POINT('',(146.329853075738,-71.2880848816806,6.));
#8830=CARTESIAN_POINT('Ctrl Pts',(145.804614561792,-71.6155063084537,6.));
#8831=CARTESIAN_POINT('Ctrl Pts',(145.891214407863,-71.5452658479652,6.));
#8832=CARTESIAN_POINT('Ctrl Pts',(146.052809914965,-71.414196991073,6.));
#8833=CARTESIAN_POINT('Ctrl Pts',(146.242034772375,-71.3280604271857,6.));
#8834=CARTESIAN_POINT('Ctrl Pts',(146.329853075738,-71.2880848816806,6.));
#8835=CARTESIAN_POINT('',(145.804614561792,-71.6155063084537,7.));
#8836=CARTESIAN_POINT('',(145.804614561792,-71.6155063084537,6.));
#8837=CARTESIAN_POINT('',(146.329853075738,-71.2880848816806,7.));
#8838=CARTESIAN_POINT('Ctrl Pts',(146.329853075738,-71.2880848816806,7.));
#8839=CARTESIAN_POINT('Ctrl Pts',(146.242034772375,-71.3280604271857,7.));
#8840=CARTESIAN_POINT('Ctrl Pts',(146.052809914965,-71.414196991073,7.));
#8841=CARTESIAN_POINT('Ctrl Pts',(145.891214407863,-71.5452658479652,7.));
#8842=CARTESIAN_POINT('Ctrl Pts',(145.804614561792,-71.6155063084537,7.));
#8843=CARTESIAN_POINT('',(146.329853075738,-71.2880848816806,6.));
#8844=CARTESIAN_POINT('Ctrl Pts',(146.871462601419,-71.1925869158679,6.));
#8845=CARTESIAN_POINT('Ctrl Pts',(146.871462601419,-71.1925869158679,7.));
#8846=CARTESIAN_POINT('Ctrl Pts',(146.777364991909,-71.1962758307894,6.));
#8847=CARTESIAN_POINT('Ctrl Pts',(146.777364991909,-71.1962758307894,7.));
#8848=CARTESIAN_POINT('Ctrl Pts',(146.59245273314,-71.2035249585207,6.));
#8849=CARTESIAN_POINT('Ctrl Pts',(146.59245273314,-71.2035249585207,7.));
#8850=CARTESIAN_POINT('Ctrl Pts',(146.416344074941,-71.2602338466907,6.));
#8851=CARTESIAN_POINT('Ctrl Pts',(146.416344074941,-71.2602338466907,7.));
#8852=CARTESIAN_POINT('Ctrl Pts',(146.329853075738,-71.2880848816806,6.));
#8853=CARTESIAN_POINT('Ctrl Pts',(146.329853075738,-71.2880848816806,7.));
#8854=CARTESIAN_POINT('',(146.871462601419,-71.1925869158679,6.));
#8855=CARTESIAN_POINT('Ctrl Pts',(146.329853075738,-71.2880848816806,6.));
#8856=CARTESIAN_POINT('Ctrl Pts',(146.416344074941,-71.2602338466907,6.));
#8857=CARTESIAN_POINT('Ctrl Pts',(146.59245273314,-71.2035249585207,6.));
#8858=CARTESIAN_POINT('Ctrl Pts',(146.777364991909,-71.1962758307894,6.));
#8859=CARTESIAN_POINT('Ctrl Pts',(146.871462601419,-71.1925869158679,6.));
#8860=CARTESIAN_POINT('',(146.871462601419,-71.1925869158679,7.));
#8861=CARTESIAN_POINT('Ctrl Pts',(146.871462601419,-71.1925869158679,7.));
#8862=CARTESIAN_POINT('Ctrl Pts',(146.777364991909,-71.1962758307894,7.));
#8863=CARTESIAN_POINT('Ctrl Pts',(146.59245273314,-71.2035249585207,7.));
#8864=CARTESIAN_POINT('Ctrl Pts',(146.416344074941,-71.2602338466907,7.));
#8865=CARTESIAN_POINT('Ctrl Pts',(146.329853075738,-71.2880848816806,7.));
#8866=CARTESIAN_POINT('',(146.871462601419,-71.1925869158679,6.));
#8867=CARTESIAN_POINT('Ctrl Pts',(147.60543300509,-71.425874429124,6.));
#8868=CARTESIAN_POINT('Ctrl Pts',(147.60543300509,-71.425874429124,7.));
#8869=CARTESIAN_POINT('Ctrl Pts',(147.504744231055,-71.3579698831301,6.));
#8870=CARTESIAN_POINT('Ctrl Pts',(147.504744231055,-71.3579698831301,7.));
#8871=CARTESIAN_POINT('Ctrl Pts',(147.283996665608,-71.2090976443461,6.));
#8872=CARTESIAN_POINT('Ctrl Pts',(147.283996665608,-71.2090976443461,7.));
#8873=CARTESIAN_POINT('Ctrl Pts',(147.016789530234,-71.1984032924306,6.));
#8874=CARTESIAN_POINT('Ctrl Pts',(147.016789530234,-71.1984032924306,7.));
#8875=CARTESIAN_POINT('Ctrl Pts',(146.871462601419,-71.1925869158679,6.));
#8876=CARTESIAN_POINT('Ctrl Pts',(146.871462601419,-71.1925869158679,7.));
#8877=CARTESIAN_POINT('',(147.60543300509,-71.425874429124,6.));
#8878=CARTESIAN_POINT('Ctrl Pts',(146.871462601419,-71.1925869158679,6.));
#8879=CARTESIAN_POINT('Ctrl Pts',(147.016789530234,-71.1984032924306,6.));
#8880=CARTESIAN_POINT('Ctrl Pts',(147.283996665608,-71.2090976443461,6.));
#8881=CARTESIAN_POINT('Ctrl Pts',(147.504744231055,-71.3579698831301,6.));
#8882=CARTESIAN_POINT('Ctrl Pts',(147.60543300509,-71.425874429124,6.));
#8883=CARTESIAN_POINT('',(147.60543300509,-71.425874429124,7.));
#8884=CARTESIAN_POINT('Ctrl Pts',(147.60543300509,-71.425874429124,7.));
#8885=CARTESIAN_POINT('Ctrl Pts',(147.504744231055,-71.3579698831301,7.));
#8886=CARTESIAN_POINT('Ctrl Pts',(147.283996665608,-71.2090976443461,7.));
#8887=CARTESIAN_POINT('Ctrl Pts',(147.016789530234,-71.1984032924306,7.));
#8888=CARTESIAN_POINT('Ctrl Pts',(146.871462601419,-71.1925869158679,7.));
#8889=CARTESIAN_POINT('',(147.60543300509,-71.425874429124,6.));
#8890=CARTESIAN_POINT('Ctrl Pts',(147.861912983651,-72.0220546893054,6.));
#8891=CARTESIAN_POINT('Ctrl Pts',(147.861912983651,-72.0220546893054,7.));
#8892=CARTESIAN_POINT('Ctrl Pts',(147.851793385813,-71.9070112528491,6.));
#8893=CARTESIAN_POINT('Ctrl Pts',(147.851793385813,-71.9070112528491,7.));
#8894=CARTESIAN_POINT('Ctrl Pts',(147.831813892686,-71.6798767772924,6.));
#8895=CARTESIAN_POINT('Ctrl Pts',(147.831813892686,-71.6798767772924,7.));
#8896=CARTESIAN_POINT('Ctrl Pts',(147.680236543818,-71.5098049883242,6.));
#8897=CARTESIAN_POINT('Ctrl Pts',(147.680236543818,-71.5098049883242,7.));
#8898=CARTESIAN_POINT('Ctrl Pts',(147.60543300509,-71.425874429124,6.));
#8899=CARTESIAN_POINT('Ctrl Pts',(147.60543300509,-71.425874429124,7.));
#8900=CARTESIAN_POINT('',(147.861912983651,-72.0220546893054,6.));
#8901=CARTESIAN_POINT('Ctrl Pts',(147.60543300509,-71.425874429124,6.));
#8902=CARTESIAN_POINT('Ctrl Pts',(147.680236543818,-71.5098049883242,6.));
#8903=CARTESIAN_POINT('Ctrl Pts',(147.831813892686,-71.6798767772924,6.));
#8904=CARTESIAN_POINT('Ctrl Pts',(147.851793385813,-71.9070112528491,6.));
#8905=CARTESIAN_POINT('Ctrl Pts',(147.861912983651,-72.0220546893054,6.));
#8906=CARTESIAN_POINT('',(147.861912983651,-72.0220546893054,7.));
#8907=CARTESIAN_POINT('Ctrl Pts',(147.861912983651,-72.0220546893054,7.));
#8908=CARTESIAN_POINT('Ctrl Pts',(147.851793385813,-71.9070112528491,7.));
#8909=CARTESIAN_POINT('Ctrl Pts',(147.831813892686,-71.6798767772924,7.));
#8910=CARTESIAN_POINT('Ctrl Pts',(147.680236543818,-71.5098049883242,7.));
#8911=CARTESIAN_POINT('Ctrl Pts',(147.60543300509,-71.425874429124,7.));
#8912=CARTESIAN_POINT('',(147.861912983651,-72.0220546893054,6.));
#8913=CARTESIAN_POINT('Ctrl Pts',(147.76505066752,-72.4108677081043,6.));
#8914=CARTESIAN_POINT('Ctrl Pts',(147.76505066752,-72.4108677081043,7.));
#8915=CARTESIAN_POINT('Ctrl Pts',(147.79330006031,-72.3501483743444,6.));
#8916=CARTESIAN_POINT('Ctrl Pts',(147.79330006031,-72.3501483743444,7.));
#8917=CARTESIAN_POINT('Ctrl Pts',(147.850666993802,-72.226843706973,6.));
#8918=CARTESIAN_POINT('Ctrl Pts',(147.850666993802,-72.226843706973,7.));
#8919=CARTESIAN_POINT('Ctrl Pts',(147.85812669056,-72.0910029324757,6.));
#8920=CARTESIAN_POINT('Ctrl Pts',(147.85812669056,-72.0910029324757,7.));
#8921=CARTESIAN_POINT('Ctrl Pts',(147.861912983651,-72.0220546893054,6.));
#8922=CARTESIAN_POINT('Ctrl Pts',(147.861912983651,-72.0220546893054,7.));
#8923=CARTESIAN_POINT('',(147.76505066752,-72.4108677081043,6.));
#8924=CARTESIAN_POINT('Ctrl Pts',(147.861912983651,-72.0220546893054,6.));
#8925=CARTESIAN_POINT('Ctrl Pts',(147.85812669056,-72.0910029324757,6.));
#8926=CARTESIAN_POINT('Ctrl Pts',(147.850666993802,-72.226843706973,6.));
#8927=CARTESIAN_POINT('Ctrl Pts',(147.79330006031,-72.3501483743444,6.));
#8928=CARTESIAN_POINT('Ctrl Pts',(147.76505066752,-72.4108677081043,6.));
#8929=CARTESIAN_POINT('',(147.76505066752,-72.4108677081043,7.));
#8930=CARTESIAN_POINT('Ctrl Pts',(147.76505066752,-72.4108677081043,7.));
#8931=CARTESIAN_POINT('Ctrl Pts',(147.79330006031,-72.3501483743444,7.));
#8932=CARTESIAN_POINT('Ctrl Pts',(147.850666993802,-72.226843706973,7.));
#8933=CARTESIAN_POINT('Ctrl Pts',(147.85812669056,-72.0910029324757,7.));
#8934=CARTESIAN_POINT('Ctrl Pts',(147.861912983651,-72.0220546893054,7.));
#8935=CARTESIAN_POINT('',(147.76505066752,-72.4108677081043,6.));
#8936=CARTESIAN_POINT('Ctrl Pts',(147.511299389596,-72.6932685545856,6.));
#8937=CARTESIAN_POINT('Ctrl Pts',(147.511299389596,-72.6932685545856,7.));
#8938=CARTESIAN_POINT('Ctrl Pts',(147.561330301874,-72.6544677558422,6.));
#8939=CARTESIAN_POINT('Ctrl Pts',(147.561330301874,-72.6544677558422,7.));
#8940=CARTESIAN_POINT('Ctrl Pts',(147.662926311446,-72.5756763418738,6.));
#8941=CARTESIAN_POINT('Ctrl Pts',(147.662926311446,-72.5756763418738,7.));
#8942=CARTESIAN_POINT('Ctrl Pts',(147.730668228892,-72.4663542047031,6.));
#8943=CARTESIAN_POINT('Ctrl Pts',(147.730668228892,-72.4663542047031,7.));
#8944=CARTESIAN_POINT('Ctrl Pts',(147.76505066752,-72.4108677081043,6.));
#8945=CARTESIAN_POINT('Ctrl Pts',(147.76505066752,-72.4108677081043,7.));
#8946=CARTESIAN_POINT('',(147.511299389596,-72.6932685545856,6.));
#8947=CARTESIAN_POINT('Ctrl Pts',(147.76505066752,-72.4108677081043,6.));
#8948=CARTESIAN_POINT('Ctrl Pts',(147.730668228892,-72.4663542047031,6.));
#8949=CARTESIAN_POINT('Ctrl Pts',(147.662926311446,-72.5756763418738,6.));
#8950=CARTESIAN_POINT('Ctrl Pts',(147.561330301874,-72.6544677558422,6.));
#8951=CARTESIAN_POINT('Ctrl Pts',(147.511299389596,-72.6932685545856,6.));
#8952=CARTESIAN_POINT('',(147.511299389596,-72.6932685545856,7.));
#8953=CARTESIAN_POINT('Ctrl Pts',(147.511299389596,-72.6932685545856,7.));
#8954=CARTESIAN_POINT('Ctrl Pts',(147.561330301874,-72.6544677558422,7.));
#8955=CARTESIAN_POINT('Ctrl Pts',(147.662926311446,-72.5756763418738,7.));
#8956=CARTESIAN_POINT('Ctrl Pts',(147.730668228892,-72.4663542047031,7.));
#8957=CARTESIAN_POINT('Ctrl Pts',(147.76505066752,-72.4108677081043,7.));
#8958=CARTESIAN_POINT('',(147.511299389596,-72.6932685545856,6.));
#8959=CARTESIAN_POINT('Ctrl Pts',(147.157957094903,-72.8542511633808,6.));
#8960=CARTESIAN_POINT('Ctrl Pts',(147.157957094903,-72.8542511633808,7.));
#8961=CARTESIAN_POINT('Ctrl Pts',(147.22128829613,-72.8342410848796,6.));
#8962=CARTESIAN_POINT('Ctrl Pts',(147.22128829613,-72.8342410848796,7.));
#8963=CARTESIAN_POINT('Ctrl Pts',(147.34564243914,-72.794950243787,6.));
#8964=CARTESIAN_POINT('Ctrl Pts',(147.34564243914,-72.794950243787,7.));
#8965=CARTESIAN_POINT('Ctrl Pts',(147.456767976207,-72.7267404144302,6.));
#8966=CARTESIAN_POINT('Ctrl Pts',(147.456767976207,-72.7267404144302,7.));
#8967=CARTESIAN_POINT('Ctrl Pts',(147.511299389596,-72.6932685545856,6.));
#8968=CARTESIAN_POINT('Ctrl Pts',(147.511299389596,-72.6932685545856,7.));
#8969=CARTESIAN_POINT('',(147.157957094903,-72.8542511633808,6.));
#8970=CARTESIAN_POINT('Ctrl Pts',(147.511299389596,-72.6932685545856,6.));
#8971=CARTESIAN_POINT('Ctrl Pts',(147.456767976207,-72.7267404144302,6.));
#8972=CARTESIAN_POINT('Ctrl Pts',(147.34564243914,-72.794950243787,6.));
#8973=CARTESIAN_POINT('Ctrl Pts',(147.22128829613,-72.8342410848796,6.));
#8974=CARTESIAN_POINT('Ctrl Pts',(147.157957094903,-72.8542511633808,6.));
#8975=CARTESIAN_POINT('',(147.157957094903,-72.8542511633808,7.));
#8976=CARTESIAN_POINT('Ctrl Pts',(147.157957094903,-72.8542511633808,7.));
#8977=CARTESIAN_POINT('Ctrl Pts',(147.22128829613,-72.8342410848796,7.));
#8978=CARTESIAN_POINT('Ctrl Pts',(147.34564243914,-72.794950243787,7.));
#8979=CARTESIAN_POINT('Ctrl Pts',(147.456767976207,-72.7267404144302,7.));
#8980=CARTESIAN_POINT('Ctrl Pts',(147.511299389596,-72.6932685545856,7.));
#8981=CARTESIAN_POINT('',(147.157957094903,-72.8542511633808,6.));
#8982=CARTESIAN_POINT('Ctrl Pts',(146.721394795175,-72.9279207161838,6.));
#8983=CARTESIAN_POINT('Ctrl Pts',(146.721394795175,-72.9279207161838,7.));
#8984=CARTESIAN_POINT('Ctrl Pts',(146.806703881995,-72.9174230261334,6.));
#8985=CARTESIAN_POINT('Ctrl Pts',(146.806703881995,-72.9174230261334,7.));
#8986=CARTESIAN_POINT('Ctrl Pts',(146.953357786242,-72.8993765636891,6.));
#8987=CARTESIAN_POINT('Ctrl Pts',(146.953357786242,-72.8993765636891,7.));
#8988=CARTESIAN_POINT('Ctrl Pts',(147.097614862343,-72.8675599444202,6.));
#8989=CARTESIAN_POINT('Ctrl Pts',(147.097614862343,-72.8675599444202,7.));
#8990=CARTESIAN_POINT('Ctrl Pts',(147.157957094903,-72.8542511633808,6.));
#8991=CARTESIAN_POINT('Ctrl Pts',(147.157957094903,-72.8542511633808,7.));
#8992=CARTESIAN_POINT('',(146.721394795175,-72.9279207161838,6.));
#8993=CARTESIAN_POINT('Ctrl Pts',(147.157957094903,-72.8542511633808,6.));
#8994=CARTESIAN_POINT('Ctrl Pts',(147.097614862343,-72.8675599444202,6.));
#8995=CARTESIAN_POINT('Ctrl Pts',(146.953357786242,-72.8993765636891,6.));
#8996=CARTESIAN_POINT('Ctrl Pts',(146.806703881995,-72.9174230261334,6.));
#8997=CARTESIAN_POINT('Ctrl Pts',(146.721394795175,-72.9279207161838,6.));
#8998=CARTESIAN_POINT('',(146.721394795175,-72.9279207161838,7.));
#8999=CARTESIAN_POINT('Ctrl Pts',(146.721394795175,-72.9279207161838,7.));
#9000=CARTESIAN_POINT('Ctrl Pts',(146.806703881995,-72.9174230261334,7.));
#9001=CARTESIAN_POINT('Ctrl Pts',(146.953357786242,-72.8993765636891,7.));
#9002=CARTESIAN_POINT('Ctrl Pts',(147.097614862343,-72.8675599444202,7.));
#9003=CARTESIAN_POINT('Ctrl Pts',(147.157957094903,-72.8542511633808,7.));
#9004=CARTESIAN_POINT('',(146.721394795175,-72.9279207161838,6.));
#9005=CARTESIAN_POINT('Ctrl Pts',(145.84554149508,-73.097088830846,6.));
#9006=CARTESIAN_POINT('Ctrl Pts',(145.84554149508,-73.097088830846,7.));
#9007=CARTESIAN_POINT('Ctrl Pts',(145.964863176839,-73.0641167033611,6.));
#9008=CARTESIAN_POINT('Ctrl Pts',(145.964863176839,-73.0641167033611,7.));
#9009=CARTESIAN_POINT('Ctrl Pts',(146.252169915188,-72.9847253114155,6.));
#9010=CARTESIAN_POINT('Ctrl Pts',(146.252169915188,-72.9847253114155,7.));
#9011=CARTESIAN_POINT('Ctrl Pts',(146.548268969288,-72.9488794139918,6.));
#9012=CARTESIAN_POINT('Ctrl Pts',(146.548268969288,-72.9488794139918,7.));
#9013=CARTESIAN_POINT('Ctrl Pts',(146.721394795175,-72.9279207161838,6.));
#9014=CARTESIAN_POINT('Ctrl Pts',(146.721394795175,-72.9279207161838,7.));
#9015=CARTESIAN_POINT('',(145.84554149508,-73.097088830846,6.));
#9016=CARTESIAN_POINT('Ctrl Pts',(146.721394795175,-72.9279207161838,6.));
#9017=CARTESIAN_POINT('Ctrl Pts',(146.548268969288,-72.9488794139918,6.));
#9018=CARTESIAN_POINT('Ctrl Pts',(146.252169915188,-72.9847253114155,6.));
#9019=CARTESIAN_POINT('Ctrl Pts',(145.964863176839,-73.0641167033611,6.));
#9020=CARTESIAN_POINT('Ctrl Pts',(145.84554149508,-73.097088830846,6.));
#9021=CARTESIAN_POINT('',(145.84554149508,-73.097088830846,7.));
#9022=CARTESIAN_POINT('Ctrl Pts',(145.84554149508,-73.097088830846,7.));
#9023=CARTESIAN_POINT('Ctrl Pts',(145.964863176839,-73.0641167033611,7.));
#9024=CARTESIAN_POINT('Ctrl Pts',(146.252169915188,-72.9847253114155,7.));
#9025=CARTESIAN_POINT('Ctrl Pts',(146.548268969288,-72.9488794139918,7.));
#9026=CARTESIAN_POINT('Ctrl Pts',(146.721394795175,-72.9279207161838,7.));
#9027=CARTESIAN_POINT('',(145.84554149508,-73.097088830846,6.));
#9028=CARTESIAN_POINT('Ctrl Pts',(145.842813986535,-73.2253288201267,6.));
#9029=CARTESIAN_POINT('Ctrl Pts',(145.842813986535,-73.2253288201267,7.));
#9030=CARTESIAN_POINT('Ctrl Pts',(145.843014517822,-73.2100941364,6.));
#9031=CARTESIAN_POINT('Ctrl Pts',(145.843014517822,-73.2100941364,7.));
#9032=CARTESIAN_POINT('Ctrl Pts',(145.843577274657,-73.167340596458,6.));
#9033=CARTESIAN_POINT('Ctrl Pts',(145.843577274657,-73.167340596458,7.));
#9034=CARTESIAN_POINT('Ctrl Pts',(145.844772301167,-73.1245996080852,6.));
#9035=CARTESIAN_POINT('Ctrl Pts',(145.844772301167,-73.1245996080852,7.));
#9036=CARTESIAN_POINT('Ctrl Pts',(145.84554149508,-73.097088830846,6.));
#9037=CARTESIAN_POINT('Ctrl Pts',(145.84554149508,-73.097088830846,7.));
#9038=CARTESIAN_POINT('',(145.842813986535,-73.2253288201267,6.));
#9039=CARTESIAN_POINT('Ctrl Pts',(145.84554149508,-73.097088830846,6.));
#9040=CARTESIAN_POINT('Ctrl Pts',(145.844772301167,-73.1245996080852,6.));
#9041=CARTESIAN_POINT('Ctrl Pts',(145.843577274657,-73.167340596458,6.));
#9042=CARTESIAN_POINT('Ctrl Pts',(145.843014517822,-73.2100941364,6.));
#9043=CARTESIAN_POINT('Ctrl Pts',(145.842813986535,-73.2253288201267,6.));
#9044=CARTESIAN_POINT('',(145.842813986535,-73.2253288201267,7.));
#9045=CARTESIAN_POINT('Ctrl Pts',(145.842813986535,-73.2253288201267,7.));
#9046=CARTESIAN_POINT('Ctrl Pts',(145.843014517822,-73.2100941364,7.));
#9047=CARTESIAN_POINT('Ctrl Pts',(145.843577274657,-73.167340596458,7.));
#9048=CARTESIAN_POINT('Ctrl Pts',(145.844772301167,-73.1245996080852,7.));
#9049=CARTESIAN_POINT('Ctrl Pts',(145.84554149508,-73.097088830846,7.));
#9050=CARTESIAN_POINT('',(145.842813986535,-73.2253288201267,6.));
#9051=CARTESIAN_POINT('Ctrl Pts',(145.981966990228,-73.6482482127124,6.));
#9052=CARTESIAN_POINT('Ctrl Pts',(145.981966990228,-73.6482482127124,7.));
#9053=CARTESIAN_POINT('Ctrl Pts',(145.941564751589,-73.5945693360767,6.));
#9054=CARTESIAN_POINT('Ctrl Pts',(145.941564751589,-73.5945693360767,7.));
#9055=CARTESIAN_POINT('Ctrl Pts',(145.84822723437,-73.4705600425051,6.));
#9056=CARTESIAN_POINT('Ctrl Pts',(145.84822723437,-73.4705600425051,7.));
#9057=CARTESIAN_POINT('Ctrl Pts',(145.84477300961,-73.3140765807904,6.));
#9058=CARTESIAN_POINT('Ctrl Pts',(145.84477300961,-73.3140765807904,7.));
#9059=CARTESIAN_POINT('Ctrl Pts',(145.842813986535,-73.2253288201267,6.));
#9060=CARTESIAN_POINT('Ctrl Pts',(145.842813986535,-73.2253288201267,7.));
#9061=CARTESIAN_POINT('',(145.981966990228,-73.6482482127124,6.));
#9062=CARTESIAN_POINT('Ctrl Pts',(145.842813986535,-73.2253288201267,6.));
#9063=CARTESIAN_POINT('Ctrl Pts',(145.84477300961,-73.3140765807904,6.));
#9064=CARTESIAN_POINT('Ctrl Pts',(145.84822723437,-73.4705600425051,6.));
#9065=CARTESIAN_POINT('Ctrl Pts',(145.941564751589,-73.5945693360767,6.));
#9066=CARTESIAN_POINT('Ctrl Pts',(145.981966990228,-73.6482482127124,6.));
#9067=CARTESIAN_POINT('',(145.981966990228,-73.6482482127124,7.));
#9068=CARTESIAN_POINT('Ctrl Pts',(145.981966990228,-73.6482482127124,7.));
#9069=CARTESIAN_POINT('Ctrl Pts',(145.941564751589,-73.5945693360767,7.));
#9070=CARTESIAN_POINT('Ctrl Pts',(145.84822723437,-73.4705600425051,7.));
#9071=CARTESIAN_POINT('Ctrl Pts',(145.84477300961,-73.3140765807904,7.));
#9072=CARTESIAN_POINT('Ctrl Pts',(145.842813986535,-73.2253288201267,7.));
#9073=CARTESIAN_POINT('',(145.981966990228,-73.6482482127124,6.));
#9074=CARTESIAN_POINT('Ctrl Pts',(146.541312474008,-73.8146876267368,6.));
#9075=CARTESIAN_POINT('Ctrl Pts',(146.541312474008,-73.8146876267368,7.));
#9076=CARTESIAN_POINT('Ctrl Pts',(146.429539780295,-73.8112131137674,6.));
#9077=CARTESIAN_POINT('Ctrl Pts',(146.429539780295,-73.8112131137674,7.));
#9078=CARTESIAN_POINT('Ctrl Pts',(146.227405542077,-73.8049296646627,6.));
#9079=CARTESIAN_POINT('Ctrl Pts',(146.227405542077,-73.8049296646627,7.));
#9080=CARTESIAN_POINT('Ctrl Pts',(146.057791012098,-73.6966522541715,6.));
#9081=CARTESIAN_POINT('Ctrl Pts',(146.057791012098,-73.6966522541715,7.));
#9082=CARTESIAN_POINT('Ctrl Pts',(145.981966990228,-73.6482482127124,6.));
#9083=CARTESIAN_POINT('Ctrl Pts',(145.981966990228,-73.6482482127124,7.));
#9084=CARTESIAN_POINT('',(146.541312474008,-73.8146876267368,6.));
#9085=CARTESIAN_POINT('Ctrl Pts',(145.981966990228,-73.6482482127124,6.));
#9086=CARTESIAN_POINT('Ctrl Pts',(146.057791012098,-73.6966522541715,6.));
#9087=CARTESIAN_POINT('Ctrl Pts',(146.227405542077,-73.8049296646627,6.));
#9088=CARTESIAN_POINT('Ctrl Pts',(146.429539780295,-73.8112131137674,6.));
#9089=CARTESIAN_POINT('Ctrl Pts',(146.541312474008,-73.8146876267368,6.));
#9090=CARTESIAN_POINT('',(146.541312474008,-73.8146876267368,7.));
#9091=CARTESIAN_POINT('Ctrl Pts',(146.541312474008,-73.8146876267368,7.));
#9092=CARTESIAN_POINT('Ctrl Pts',(146.429539780295,-73.8112131137674,7.));
#9093=CARTESIAN_POINT('Ctrl Pts',(146.227405542077,-73.8049296646627,7.));
#9094=CARTESIAN_POINT('Ctrl Pts',(146.057791012098,-73.6966522541715,7.));
#9095=CARTESIAN_POINT('Ctrl Pts',(145.981966990228,-73.6482482127124,7.));
#9096=CARTESIAN_POINT('',(146.541312474008,-73.8146876267368,6.));
#9097=CARTESIAN_POINT('Ctrl Pts',(147.052908676858,-73.6932687930042,6.));
#9098=CARTESIAN_POINT('Ctrl Pts',(147.052908676858,-73.6932687930042,7.));
#9099=CARTESIAN_POINT('Ctrl Pts',(146.984034841743,-73.7285133249177,6.));
#9100=CARTESIAN_POINT('Ctrl Pts',(146.984034841743,-73.7285133249177,7.));
#9101=CARTESIAN_POINT('Ctrl Pts',(146.824242702412,-73.8102831166648,6.));
#9102=CARTESIAN_POINT('Ctrl Pts',(146.824242702412,-73.8102831166648,7.));
#9103=CARTESIAN_POINT('Ctrl Pts',(146.643915046976,-73.8130903634518,6.));
#9104=CARTESIAN_POINT('Ctrl Pts',(146.643915046976,-73.8130903634518,7.));
#9105=CARTESIAN_POINT('Ctrl Pts',(146.541312474008,-73.8146876267368,6.));
#9106=CARTESIAN_POINT('Ctrl Pts',(146.541312474008,-73.8146876267368,7.));
#9107=CARTESIAN_POINT('',(147.052908676858,-73.6932687930042,6.));
#9108=CARTESIAN_POINT('Ctrl Pts',(146.541312474008,-73.8146876267368,6.));
#9109=CARTESIAN_POINT('Ctrl Pts',(146.643915046976,-73.8130903634518,6.));
#9110=CARTESIAN_POINT('Ctrl Pts',(146.824242702412,-73.8102831166648,6.));
#9111=CARTESIAN_POINT('Ctrl Pts',(146.984034841743,-73.7285133249177,6.));
#9112=CARTESIAN_POINT('Ctrl Pts',(147.052908676858,-73.6932687930042,6.));
#9113=CARTESIAN_POINT('',(147.052908676858,-73.6932687930042,7.));
#9114=CARTESIAN_POINT('Ctrl Pts',(147.052908676858,-73.6932687930042,7.));
#9115=CARTESIAN_POINT('Ctrl Pts',(146.984034841743,-73.7285133249177,7.));
#9116=CARTESIAN_POINT('Ctrl Pts',(146.824242702412,-73.8102831166648,7.));
#9117=CARTESIAN_POINT('Ctrl Pts',(146.643915046976,-73.8130903634518,7.));
#9118=CARTESIAN_POINT('Ctrl Pts',(146.541312474008,-73.8146876267368,7.));
#9119=CARTESIAN_POINT('',(147.052908676858,-73.6932687930042,6.));
#9120=CARTESIAN_POINT('Ctrl Pts',(147.297111290689,-73.2635279468471,6.));
#9121=CARTESIAN_POINT('Ctrl Pts',(147.297111290689,-73.2635279468471,7.));
#9122=CARTESIAN_POINT('Ctrl Pts',(147.271156331422,-73.3552412998197,6.));
#9123=CARTESIAN_POINT('Ctrl Pts',(147.271156331422,-73.3552412998197,7.));
#9124=CARTESIAN_POINT('Ctrl Pts',(147.224725563621,-73.5193071090674,6.));
#9125=CARTESIAN_POINT('Ctrl Pts',(147.224725563621,-73.5193071090674,7.));
#9126=CARTESIAN_POINT('Ctrl Pts',(147.105490797615,-73.6400302874989,6.));
#9127=CARTESIAN_POINT('Ctrl Pts',(147.105490797615,-73.6400302874989,7.));
#9128=CARTESIAN_POINT('Ctrl Pts',(147.052908676858,-73.6932687930042,6.));
#9129=CARTESIAN_POINT('Ctrl Pts',(147.052908676858,-73.6932687930042,7.));
#9130=CARTESIAN_POINT('',(147.297111290689,-73.2635279468471,6.));
#9131=CARTESIAN_POINT('Ctrl Pts',(147.052908676858,-73.6932687930042,6.));
#9132=CARTESIAN_POINT('Ctrl Pts',(147.105490797615,-73.6400302874989,6.));
#9133=CARTESIAN_POINT('Ctrl Pts',(147.224725563621,-73.5193071090674,6.));
#9134=CARTESIAN_POINT('Ctrl Pts',(147.271156331422,-73.3552412998197,6.));
#9135=CARTESIAN_POINT('Ctrl Pts',(147.297111290689,-73.2635279468471,6.));
#9136=CARTESIAN_POINT('',(147.297111290689,-73.2635279468471,7.));
#9137=CARTESIAN_POINT('Ctrl Pts',(147.297111290689,-73.2635279468471,7.));
#9138=CARTESIAN_POINT('Ctrl Pts',(147.271156331422,-73.3552412998197,7.));
#9139=CARTESIAN_POINT('Ctrl Pts',(147.224725563621,-73.5193071090674,7.));
#9140=CARTESIAN_POINT('Ctrl Pts',(147.105490797615,-73.6400302874989,7.));
#9141=CARTESIAN_POINT('Ctrl Pts',(147.052908676858,-73.6932687930042,7.));
#9142=CARTESIAN_POINT('',(147.297111290689,-73.2635279468471,6.));
#9143=CARTESIAN_POINT('Origin',(147.777329224343,-73.3290122918064,6.));
#9144=CARTESIAN_POINT('',(147.777329224343,-73.3290122918064,6.));
#9145=CARTESIAN_POINT('',(127.132399041795,-70.5137910453927,6.));
#9146=CARTESIAN_POINT('',(147.777329224343,-73.3290122918064,7.));
#9147=CARTESIAN_POINT('',(147.297111290689,-73.2635279468471,7.));
#9148=CARTESIAN_POINT('',(147.777329224343,-73.3290122918064,6.));
#9149=CARTESIAN_POINT('Ctrl Pts',(147.561776179071,-73.8269658855373,6.));
#9150=CARTESIAN_POINT('Ctrl Pts',(147.561776179071,-73.8269658855373,7.));
#9151=CARTESIAN_POINT('Ctrl Pts',(147.608895443081,-73.7556978715915,6.));
#9152=CARTESIAN_POINT('Ctrl Pts',(147.608895443081,-73.7556978715915,7.));
#9153=CARTESIAN_POINT('Ctrl Pts',(147.710063738711,-73.6026805514953,6.));
#9154=CARTESIAN_POINT('Ctrl Pts',(147.710063738711,-73.6026805514953,7.));
#9155=CARTESIAN_POINT('Ctrl Pts',(147.753906360258,-73.4243077377675,6.));
#9156=CARTESIAN_POINT('Ctrl Pts',(147.753906360258,-73.4243077377675,7.));
#9157=CARTESIAN_POINT('Ctrl Pts',(147.777329224343,-73.3290122918064,6.));
#9158=CARTESIAN_POINT('Ctrl Pts',(147.777329224343,-73.3290122918064,7.));
#9159=CARTESIAN_POINT('',(147.561776179071,-73.8269658855373,6.));
#9160=CARTESIAN_POINT('Ctrl Pts',(147.777329224343,-73.3290122918064,6.));
#9161=CARTESIAN_POINT('Ctrl Pts',(147.753906360258,-73.4243077377675,6.));
#9162=CARTESIAN_POINT('Ctrl Pts',(147.710063738711,-73.6026805514953,6.));
#9163=CARTESIAN_POINT('Ctrl Pts',(147.608895443081,-73.7556978715915,6.));
#9164=CARTESIAN_POINT('Ctrl Pts',(147.561776179071,-73.8269658855373,6.));
#9165=CARTESIAN_POINT('',(147.561776179071,-73.8269658855373,7.));
#9166=CARTESIAN_POINT('Ctrl Pts',(147.561776179071,-73.8269658855373,7.));
#9167=CARTESIAN_POINT('Ctrl Pts',(147.608895443081,-73.7556978715915,7.));
#9168=CARTESIAN_POINT('Ctrl Pts',(147.710063738711,-73.6026805514953,7.));
#9169=CARTESIAN_POINT('Ctrl Pts',(147.753906360258,-73.4243077377675,7.));
#9170=CARTESIAN_POINT('Ctrl Pts',(147.777329224343,-73.3290122918064,7.));
#9171=CARTESIAN_POINT('',(147.561776179071,-73.8269658855373,6.));
#9172=CARTESIAN_POINT('Ctrl Pts',(147.12794257998,-74.1189165882045,6.));
#9173=CARTESIAN_POINT('Ctrl Pts',(147.12794257998,-74.1189165882045,7.));
#9174=CARTESIAN_POINT('Ctrl Pts',(147.215281550064,-74.0832162522609,6.));
#9175=CARTESIAN_POINT('Ctrl Pts',(147.215281550064,-74.0832162522609,7.));
#9176=CARTESIAN_POINT('Ctrl Pts',(147.38033844114,-74.0157482427847,6.));
#9177=CARTESIAN_POINT('Ctrl Pts',(147.38033844114,-74.0157482427847,7.));
#9178=CARTESIAN_POINT('Ctrl Pts',(147.503693696537,-73.8873995532655,6.));
#9179=CARTESIAN_POINT('Ctrl Pts',(147.503693696537,-73.8873995532655,7.));
#9180=CARTESIAN_POINT('Ctrl Pts',(147.561776179071,-73.8269658855373,6.));
#9181=CARTESIAN_POINT('Ctrl Pts',(147.561776179071,-73.8269658855373,7.));
#9182=CARTESIAN_POINT('',(147.12794257998,-74.1189165882045,6.));
#9183=CARTESIAN_POINT('Ctrl Pts',(147.561776179071,-73.8269658855373,6.));
#9184=CARTESIAN_POINT('Ctrl Pts',(147.503693696537,-73.8873995532655,6.));
#9185=CARTESIAN_POINT('Ctrl Pts',(147.38033844114,-74.0157482427847,6.));
#9186=CARTESIAN_POINT('Ctrl Pts',(147.215281550064,-74.0832162522609,6.));
#9187=CARTESIAN_POINT('Ctrl Pts',(147.12794257998,-74.1189165882045,6.));
#9188=CARTESIAN_POINT('',(147.12794257998,-74.1189165882045,7.));
#9189=CARTESIAN_POINT('Ctrl Pts',(147.12794257998,-74.1189165882045,7.));
#9190=CARTESIAN_POINT('Ctrl Pts',(147.215281550064,-74.0832162522609,7.));
#9191=CARTESIAN_POINT('Ctrl Pts',(147.38033844114,-74.0157482427847,7.));
#9192=CARTESIAN_POINT('Ctrl Pts',(147.503693696537,-73.8873995532655,7.));
#9193=CARTESIAN_POINT('Ctrl Pts',(147.561776179071,-73.8269658855373,7.));
#9194=CARTESIAN_POINT('',(147.12794257998,-74.1189165882045,6.));
#9195=CARTESIAN_POINT('Ctrl Pts',(146.470371025796,-74.2212360075885,6.));
#9196=CARTESIAN_POINT('Ctrl Pts',(146.470371025796,-74.2212360075885,7.));
#9197=CARTESIAN_POINT('Ctrl Pts',(146.588316369067,-74.2179848264167,6.));
#9198=CARTESIAN_POINT('Ctrl Pts',(146.588316369067,-74.2179848264167,7.));
#9199=CARTESIAN_POINT('Ctrl Pts',(146.811990040931,-74.2118192279249,6.));
#9200=CARTESIAN_POINT('Ctrl Pts',(146.811990040931,-74.2118192279249,7.));
#9201=CARTESIAN_POINT('Ctrl Pts',(147.026531131895,-74.1487355960001,6.));
#9202=CARTESIAN_POINT('Ctrl Pts',(147.026531131895,-74.1487355960001,7.));
#9203=CARTESIAN_POINT('Ctrl Pts',(147.12794257998,-74.1189165882045,6.));
#9204=CARTESIAN_POINT('Ctrl Pts',(147.12794257998,-74.1189165882045,7.));
#9205=CARTESIAN_POINT('',(146.470371025796,-74.2212360075885,6.));
#9206=CARTESIAN_POINT('Ctrl Pts',(147.12794257998,-74.1189165882045,6.));
#9207=CARTESIAN_POINT('Ctrl Pts',(147.026531131895,-74.1487355960001,6.));
#9208=CARTESIAN_POINT('Ctrl Pts',(146.811990040931,-74.2118192279249,6.));
#9209=CARTESIAN_POINT('Ctrl Pts',(146.588316369067,-74.2179848264167,6.));
#9210=CARTESIAN_POINT('Ctrl Pts',(146.470371025796,-74.2212360075885,6.));
#9211=CARTESIAN_POINT('',(146.470371025796,-74.2212360075885,7.));
#9212=CARTESIAN_POINT('Ctrl Pts',(146.470371025796,-74.2212360075885,7.));
#9213=CARTESIAN_POINT('Ctrl Pts',(146.588316369067,-74.2179848264167,7.));
#9214=CARTESIAN_POINT('Ctrl Pts',(146.811990040931,-74.2118192279249,7.));
#9215=CARTESIAN_POINT('Ctrl Pts',(147.026531131895,-74.1487355960001,7.));
#9216=CARTESIAN_POINT('Ctrl Pts',(147.12794257998,-74.1189165882045,7.));
#9217=CARTESIAN_POINT('',(146.470371025796,-74.2212360075885,6.));
#9218=CARTESIAN_POINT('Ctrl Pts',(145.86736990809,-74.1339235476428,6.));
#9219=CARTESIAN_POINT('Ctrl Pts',(145.86736990809,-74.1339235476428,7.));
#9220=CARTESIAN_POINT('Ctrl Pts',(145.955724561654,-74.159321040334,6.));
#9221=CARTESIAN_POINT('Ctrl Pts',(145.955724561654,-74.159321040334,7.));
#9222=CARTESIAN_POINT('Ctrl Pts',(146.152496700581,-74.2158830748006,6.));
#9223=CARTESIAN_POINT('Ctrl Pts',(146.152496700581,-74.2158830748006,7.));
#9224=CARTESIAN_POINT('Ctrl Pts',(146.357447347341,-74.2193343980121,6.));
#9225=CARTESIAN_POINT('Ctrl Pts',(146.357447347341,-74.2193343980121,7.));
#9226=CARTESIAN_POINT('Ctrl Pts',(146.470371025796,-74.2212360075885,6.));
#9227=CARTESIAN_POINT('Ctrl Pts',(146.470371025796,-74.2212360075885,7.));
#9228=CARTESIAN_POINT('',(145.86736990809,-74.1339235476428,6.));
#9229=CARTESIAN_POINT('Ctrl Pts',(146.470371025796,-74.2212360075885,6.));
#9230=CARTESIAN_POINT('Ctrl Pts',(146.357447347341,-74.2193343980121,6.));
#9231=CARTESIAN_POINT('Ctrl Pts',(146.152496700581,-74.2158830748006,6.));
#9232=CARTESIAN_POINT('Ctrl Pts',(145.955724561654,-74.159321040334,6.));
#9233=CARTESIAN_POINT('Ctrl Pts',(145.86736990809,-74.1339235476428,6.));
#9234=CARTESIAN_POINT('',(145.86736990809,-74.1339235476428,7.));
#9235=CARTESIAN_POINT('Ctrl Pts',(145.86736990809,-74.1339235476428,7.));
#9236=CARTESIAN_POINT('Ctrl Pts',(145.955724561654,-74.159321040334,7.));
#9237=CARTESIAN_POINT('Ctrl Pts',(146.152496700581,-74.2158830748006,7.));
#9238=CARTESIAN_POINT('Ctrl Pts',(146.357447347341,-74.2193343980121,7.));
#9239=CARTESIAN_POINT('Ctrl Pts',(146.470371025796,-74.2212360075885,7.));
#9240=CARTESIAN_POINT('',(145.86736990809,-74.1339235476428,6.));
#9241=CARTESIAN_POINT('Ctrl Pts',(145.52630617022,-73.914278345483,6.));
#9242=CARTESIAN_POINT('Ctrl Pts',(145.52630617022,-73.914278345483,7.));
#9243=CARTESIAN_POINT('Ctrl Pts',(145.570938253726,-73.9576303757328,6.));
#9244=CARTESIAN_POINT('Ctrl Pts',(145.570938253726,-73.9576303757328,7.));
#9245=CARTESIAN_POINT('Ctrl Pts',(145.669636891976,-74.053498325757,6.));
#9246=CARTESIAN_POINT('Ctrl Pts',(145.669636891976,-74.053498325757,7.));
#9247=CARTESIAN_POINT('Ctrl Pts',(145.797388371518,-74.105459507002,6.));
#9248=CARTESIAN_POINT('Ctrl Pts',(145.797388371518,-74.105459507002,7.));
#9249=CARTESIAN_POINT('Ctrl Pts',(145.86736990809,-74.1339235476428,6.));
#9250=CARTESIAN_POINT('Ctrl Pts',(145.86736990809,-74.1339235476428,7.));
#9251=CARTESIAN_POINT('',(145.52630617022,-73.914278345483,6.));
#9252=CARTESIAN_POINT('Ctrl Pts',(145.86736990809,-74.1339235476428,6.));
#9253=CARTESIAN_POINT('Ctrl Pts',(145.797388371518,-74.105459507002,6.));
#9254=CARTESIAN_POINT('Ctrl Pts',(145.669636891976,-74.053498325757,6.));
#9255=CARTESIAN_POINT('Ctrl Pts',(145.570938253726,-73.9576303757328,6.));
#9256=CARTESIAN_POINT('Ctrl Pts',(145.52630617022,-73.914278345483,6.));
#9257=CARTESIAN_POINT('',(145.52630617022,-73.914278345483,7.));
#9258=CARTESIAN_POINT('Ctrl Pts',(145.52630617022,-73.914278345483,7.));
#9259=CARTESIAN_POINT('Ctrl Pts',(145.570938253726,-73.9576303757328,7.));
#9260=CARTESIAN_POINT('Ctrl Pts',(145.669636891976,-74.053498325757,7.));
#9261=CARTESIAN_POINT('Ctrl Pts',(145.797388371518,-74.105459507002,7.));
#9262=CARTESIAN_POINT('Ctrl Pts',(145.86736990809,-74.1339235476428,7.));
#9263=CARTESIAN_POINT('',(145.52630617022,-73.914278345483,6.));
#9264=CARTESIAN_POINT('Ctrl Pts',(145.373509663339,-73.5800354651386,6.));
#9265=CARTESIAN_POINT('Ctrl Pts',(145.373509663339,-73.5800354651386,7.));
#9266=CARTESIAN_POINT('Ctrl Pts',(145.38983511668,-73.6432507878157,6.));
#9267=CARTESIAN_POINT('Ctrl Pts',(145.38983511668,-73.6432507878157,7.));
#9268=CARTESIAN_POINT('Ctrl Pts',(145.420980185082,-73.7638505352016,6.));
#9269=CARTESIAN_POINT('Ctrl Pts',(145.420980185082,-73.7638505352016,7.));
#9270=CARTESIAN_POINT('Ctrl Pts',(145.492347695189,-73.8657784521969,6.));
#9271=CARTESIAN_POINT('Ctrl Pts',(145.492347695189,-73.8657784521969,7.));
#9272=CARTESIAN_POINT('Ctrl Pts',(145.52630617022,-73.914278345483,6.));
#9273=CARTESIAN_POINT('Ctrl Pts',(145.52630617022,-73.914278345483,7.));
#9274=CARTESIAN_POINT('',(145.373509663339,-73.5800354651386,6.));
#9275=CARTESIAN_POINT('Ctrl Pts',(145.52630617022,-73.914278345483,6.));
#9276=CARTESIAN_POINT('Ctrl Pts',(145.492347695189,-73.8657784521969,6.));
#9277=CARTESIAN_POINT('Ctrl Pts',(145.420980185082,-73.7638505352016,6.));
#9278=CARTESIAN_POINT('Ctrl Pts',(145.38983511668,-73.6432507878157,6.));
#9279=CARTESIAN_POINT('Ctrl Pts',(145.373509663339,-73.5800354651386,6.));
#9280=CARTESIAN_POINT('',(145.373509663339,-73.5800354651386,7.));
#9281=CARTESIAN_POINT('Ctrl Pts',(145.373509663339,-73.5800354651386,7.));
#9282=CARTESIAN_POINT('Ctrl Pts',(145.38983511668,-73.6432507878157,7.));
#9283=CARTESIAN_POINT('Ctrl Pts',(145.420980185082,-73.7638505352016,7.));
#9284=CARTESIAN_POINT('Ctrl Pts',(145.492347695189,-73.8657784521969,7.));
#9285=CARTESIAN_POINT('Ctrl Pts',(145.52630617022,-73.914278345483,7.));
#9286=CARTESIAN_POINT('',(145.373509663339,-73.5800354651386,6.));
#9287=CARTESIAN_POINT('Ctrl Pts',(145.348952549691,-73.1271021536762,6.));
#9288=CARTESIAN_POINT('Ctrl Pts',(145.348952549691,-73.1271021536762,7.));
#9289=CARTESIAN_POINT('Ctrl Pts',(145.348691016907,-73.219562935531,6.));
#9290=CARTESIAN_POINT('Ctrl Pts',(145.348691016907,-73.219562935531,7.));
#9291=CARTESIAN_POINT('Ctrl Pts',(145.348262421633,-73.3710860197044,6.));
#9292=CARTESIAN_POINT('Ctrl Pts',(145.348262421633,-73.3710860197044,7.));
#9293=CARTESIAN_POINT('Ctrl Pts',(145.366428639118,-73.5214319906947,6.));
#9294=CARTESIAN_POINT('Ctrl Pts',(145.366428639118,-73.5214319906947,7.));
#9295=CARTESIAN_POINT('Ctrl Pts',(145.373509663339,-73.5800354651386,6.));
#9296=CARTESIAN_POINT('Ctrl Pts',(145.373509663339,-73.5800354651386,7.));
#9297=CARTESIAN_POINT('',(145.348952549691,-73.1271021536762,6.));
#9298=CARTESIAN_POINT('Ctrl Pts',(145.373509663339,-73.5800354651386,6.));
#9299=CARTESIAN_POINT('Ctrl Pts',(145.366428639118,-73.5214319906947,6.));
#9300=CARTESIAN_POINT('Ctrl Pts',(145.348262421633,-73.3710860197044,6.));
#9301=CARTESIAN_POINT('Ctrl Pts',(145.348691016907,-73.219562935531,6.));
#9302=CARTESIAN_POINT('Ctrl Pts',(145.348952549691,-73.1271021536762,6.));
#9303=CARTESIAN_POINT('',(145.348952549691,-73.1271021536762,7.));
#9304=CARTESIAN_POINT('Ctrl Pts',(145.348952549691,-73.1271021536762,7.));
#9305=CARTESIAN_POINT('Ctrl Pts',(145.348691016907,-73.219562935531,7.));
#9306=CARTESIAN_POINT('Ctrl Pts',(145.348262421633,-73.3710860197044,7.));
#9307=CARTESIAN_POINT('Ctrl Pts',(145.366428639118,-73.5214319906947,7.));
#9308=CARTESIAN_POINT('Ctrl Pts',(145.373509663339,-73.5800354651386,7.));
#9309=CARTESIAN_POINT('',(145.348952549691,-73.1271021536762,6.));
#9310=CARTESIAN_POINT('Origin',(145.348952549691,-72.47225930013,6.));
#9311=CARTESIAN_POINT('',(145.348952549691,-72.47225930013,6.));
#9312=CARTESIAN_POINT('',(145.348952549691,-72.3651651612693,6.));
#9313=CARTESIAN_POINT('',(145.348952549691,-72.47225930013,7.));
#9314=CARTESIAN_POINT('',(145.348952549691,-73.1271021536762,7.));
#9315=CARTESIAN_POINT('',(145.348952549691,-72.47225930013,6.));
#9316=CARTESIAN_POINT('Ctrl Pts',(145.317574280496,-71.6059564522678,6.));
#9317=CARTESIAN_POINT('Ctrl Pts',(145.317574280496,-71.6059564522678,7.));
#9318=CARTESIAN_POINT('Ctrl Pts',(145.326556324544,-71.7083379237058,6.));
#9319=CARTESIAN_POINT('Ctrl Pts',(145.326556324544,-71.7083379237058,7.));
#9320=CARTESIAN_POINT('Ctrl Pts',(145.351831406241,-71.9964349360138,6.));
#9321=CARTESIAN_POINT('Ctrl Pts',(145.351831406241,-71.9964349360138,7.));
#9322=CARTESIAN_POINT('Ctrl Pts',(145.350080946138,-72.2857552099614,6.));
#9323=CARTESIAN_POINT('Ctrl Pts',(145.350080946138,-72.2857552099614,7.));
#9324=CARTESIAN_POINT('Ctrl Pts',(145.348952549691,-72.47225930013,6.));
#9325=CARTESIAN_POINT('Ctrl Pts',(145.348952549691,-72.47225930013,7.));
#9326=CARTESIAN_POINT('',(145.317574280496,-71.6059564522678,6.));
#9327=CARTESIAN_POINT('Ctrl Pts',(145.348952549691,-72.47225930013,6.));
#9328=CARTESIAN_POINT('Ctrl Pts',(145.350080946138,-72.2857552099614,6.));
#9329=CARTESIAN_POINT('Ctrl Pts',(145.351831406241,-71.9964349360138,6.));
#9330=CARTESIAN_POINT('Ctrl Pts',(145.326556324544,-71.7083379237058,6.));
#9331=CARTESIAN_POINT('Ctrl Pts',(145.317574280496,-71.6059564522678,6.));
#9332=CARTESIAN_POINT('',(145.317574280496,-71.6059564522678,7.));
#9333=CARTESIAN_POINT('Ctrl Pts',(145.317574280496,-71.6059564522678,7.));
#9334=CARTESIAN_POINT('Ctrl Pts',(145.326556324544,-71.7083379237058,7.));
#9335=CARTESIAN_POINT('Ctrl Pts',(145.351831406241,-71.9964349360138,7.));
#9336=CARTESIAN_POINT('Ctrl Pts',(145.350080946138,-72.2857552099614,7.));
#9337=CARTESIAN_POINT('Ctrl Pts',(145.348952549691,-72.47225930013,7.));
#9338=CARTESIAN_POINT('',(145.317574280496,-71.6059564522678,6.));
#9339=CARTESIAN_POINT('Ctrl Pts',(145.193427342172,-71.258070962804,6.));
#9340=CARTESIAN_POINT('Ctrl Pts',(145.193427342172,-71.258070962804,7.));
#9341=CARTESIAN_POINT('Ctrl Pts',(145.221745715787,-71.3139072435001,6.));
#9342=CARTESIAN_POINT('Ctrl Pts',(145.221745715787,-71.3139072435001,7.));
#9343=CARTESIAN_POINT('Ctrl Pts',(145.277892003391,-71.4246127493109,6.));
#9344=CARTESIAN_POINT('Ctrl Pts',(145.277892003391,-71.4246127493109,7.));
#9345=CARTESIAN_POINT('Ctrl Pts',(145.304424110882,-71.5458616032226,6.));
#9346=CARTESIAN_POINT('Ctrl Pts',(145.304424110882,-71.5458616032226,7.));
#9347=CARTESIAN_POINT('Ctrl Pts',(145.317574280496,-71.6059564522678,6.));
#9348=CARTESIAN_POINT('Ctrl Pts',(145.317574280496,-71.6059564522678,7.));
#9349=CARTESIAN_POINT('',(145.193427342172,-71.258070962804,6.));
#9350=CARTESIAN_POINT('Ctrl Pts',(145.317574280496,-71.6059564522678,6.));
#9351=CARTESIAN_POINT('Ctrl Pts',(145.304424110882,-71.5458616032226,6.));
#9352=CARTESIAN_POINT('Ctrl Pts',(145.277892003391,-71.4246127493109,6.));
#9353=CARTESIAN_POINT('Ctrl Pts',(145.221745715787,-71.3139072435001,6.));
#9354=CARTESIAN_POINT('Ctrl Pts',(145.193427342172,-71.258070962804,6.));
#9355=CARTESIAN_POINT('',(145.193427342172,-71.258070962804,7.));
#9356=CARTESIAN_POINT('Ctrl Pts',(145.193427342172,-71.258070962804,7.));
#9357=CARTESIAN_POINT('Ctrl Pts',(145.221745715787,-71.3139072435001,7.));
#9358=CARTESIAN_POINT('Ctrl Pts',(145.277892003391,-71.4246127493109,7.));
#9359=CARTESIAN_POINT('Ctrl Pts',(145.304424110882,-71.5458616032226,7.));
#9360=CARTESIAN_POINT('Ctrl Pts',(145.317574280496,-71.6059564522678,7.));
#9361=CARTESIAN_POINT('',(145.193427342172,-71.258070962804,6.));
#9362=CARTESIAN_POINT('Origin',(145.706387299295,-71.258070962804,6.));
#9363=CARTESIAN_POINT('',(145.706387299295,-71.258070962804,6.));
#9364=CARTESIAN_POINT('',(125.786052609997,-71.258070962804,6.));
#9365=CARTESIAN_POINT('',(145.706387299295,-71.258070962804,7.));
#9366=CARTESIAN_POINT('',(145.193427342172,-71.258070962804,7.));
#9367=CARTESIAN_POINT('',(145.706387299295,-71.258070962804,6.));
#9368=CARTESIAN_POINT('Ctrl Pts',(145.804614561792,-71.6155063084537,6.));
#9369=CARTESIAN_POINT('Ctrl Pts',(145.804614561792,-71.6155063084537,7.));
#9370=CARTESIAN_POINT('Ctrl Pts',(145.795719799575,-71.5507951855847,6.));
#9371=CARTESIAN_POINT('Ctrl Pts',(145.795719799575,-71.5507951855847,7.));
#9372=CARTESIAN_POINT('Ctrl Pts',(145.778737629126,-71.4272465969075,6.));
#9373=CARTESIAN_POINT('Ctrl Pts',(145.778737629126,-71.4272465969075,7.));
#9374=CARTESIAN_POINT('Ctrl Pts',(145.729727406463,-71.3126467669423,6.));
#9375=CARTESIAN_POINT('Ctrl Pts',(145.729727406463,-71.3126467669423,7.));
#9376=CARTESIAN_POINT('Ctrl Pts',(145.706387299295,-71.258070962804,6.));
#9377=CARTESIAN_POINT('Ctrl Pts',(145.706387299295,-71.258070962804,7.));
#9378=CARTESIAN_POINT('Ctrl Pts',(145.706387299295,-71.258070962804,6.));
#9379=CARTESIAN_POINT('Ctrl Pts',(145.729727406463,-71.3126467669423,6.));
#9380=CARTESIAN_POINT('Ctrl Pts',(145.778737629126,-71.4272465969075,6.));
#9381=CARTESIAN_POINT('Ctrl Pts',(145.795719799575,-71.5507951855847,6.));
#9382=CARTESIAN_POINT('Ctrl Pts',(145.804614561792,-71.6155063084537,6.));
#9383=CARTESIAN_POINT('Ctrl Pts',(145.804614561792,-71.6155063084537,7.));
#9384=CARTESIAN_POINT('Ctrl Pts',(145.795719799575,-71.5507951855847,7.));
#9385=CARTESIAN_POINT('Ctrl Pts',(145.778737629126,-71.4272465969075,7.));
#9386=CARTESIAN_POINT('Ctrl Pts',(145.729727406463,-71.3126467669423,7.));
#9387=CARTESIAN_POINT('Ctrl Pts',(145.706387299295,-71.258070962804,7.));
#9388=CARTESIAN_POINT('Origin',(141.12657910883,-72.6700765363151,7.));
#9389=CARTESIAN_POINT('Origin',(105.865717920699,-72.2580710224086,6.));
#9390=CARTESIAN_POINT('Origin',(120.232991713281,-72.985219555276,6.));
#9391=CARTESIAN_POINT('',(121.851000326867,-72.985219555276,6.));
#9392=CARTESIAN_POINT('',(120.232991713281,-72.985219555276,6.));
#9393=CARTESIAN_POINT('',(113.04935481699,-72.985219555276,6.));
#9394=CARTESIAN_POINT('',(121.851000326867,-72.985219555276,7.));
#9395=CARTESIAN_POINT('',(121.851000326867,-72.985219555276,6.));
#9396=CARTESIAN_POINT('',(120.232991713281,-72.985219555276,7.));
#9397=CARTESIAN_POINT('',(121.851000326867,-72.985219555276,7.));
#9398=CARTESIAN_POINT('',(120.232991713281,-72.985219555276,6.));
#9399=CARTESIAN_POINT('Ctrl Pts',(120.418529051538,-73.5336505345279,6.));
#9400=CARTESIAN_POINT('Ctrl Pts',(120.418529051538,-73.5336505345279,7.));
#9401=CARTESIAN_POINT('Ctrl Pts',(120.372222310105,-73.4594030574072,6.));
#9402=CARTESIAN_POINT('Ctrl Pts',(120.372222310105,-73.4594030574072,7.));
#9403=CARTESIAN_POINT('Ctrl Pts',(120.267719130974,-73.2918443572807,6.));
#9404=CARTESIAN_POINT('Ctrl Pts',(120.267719130974,-73.2918443572807,7.));
#9405=CARTESIAN_POINT('Ctrl Pts',(120.245413451202,-73.0948969567006,6.));
#9406=CARTESIAN_POINT('Ctrl Pts',(120.245413451202,-73.0948969567006,7.));
#9407=CARTESIAN_POINT('Ctrl Pts',(120.232991713281,-72.985219555276,6.));
#9408=CARTESIAN_POINT('Ctrl Pts',(120.232991713281,-72.985219555276,7.));
#9409=CARTESIAN_POINT('',(120.418529051538,-73.5336505345279,6.));
#9410=CARTESIAN_POINT('Ctrl Pts',(120.232991713281,-72.985219555276,6.));
#9411=CARTESIAN_POINT('Ctrl Pts',(120.245413451202,-73.0948969567006,6.));
#9412=CARTESIAN_POINT('Ctrl Pts',(120.267719130974,-73.2918443572807,6.));
#9413=CARTESIAN_POINT('Ctrl Pts',(120.372222310105,-73.4594030574072,6.));
#9414=CARTESIAN_POINT('Ctrl Pts',(120.418529051538,-73.5336505345279,6.));
#9415=CARTESIAN_POINT('',(120.418529051538,-73.5336505345279,7.));
#9416=CARTESIAN_POINT('Ctrl Pts',(120.418529051538,-73.5336505345279,7.));
#9417=CARTESIAN_POINT('Ctrl Pts',(120.372222310105,-73.4594030574072,7.));
#9418=CARTESIAN_POINT('Ctrl Pts',(120.267719130974,-73.2918443572807,7.));
#9419=CARTESIAN_POINT('Ctrl Pts',(120.245413451202,-73.0948969567006,7.));
#9420=CARTESIAN_POINT('Ctrl Pts',(120.232991713281,-72.985219555276,7.));
#9421=CARTESIAN_POINT('',(120.418529051538,-73.5336505345279,6.));
#9422=CARTESIAN_POINT('Ctrl Pts',(121.02698757052,-73.8174160293514,6.));
#9423=CARTESIAN_POINT('Ctrl Pts',(121.02698757052,-73.8174160293514,7.));
#9424=CARTESIAN_POINT('Ctrl Pts',(120.908354165828,-73.8058003919175,6.));
#9425=CARTESIAN_POINT('Ctrl Pts',(120.908354165828,-73.8058003919175,7.));
#9426=CARTESIAN_POINT('Ctrl Pts',(120.672119336044,-73.782670160267,6.));
#9427=CARTESIAN_POINT('Ctrl Pts',(120.672119336044,-73.782670160267,7.));
#9428=CARTESIAN_POINT('Ctrl Pts',(120.50281261049,-73.6164149840699,6.));
#9429=CARTESIAN_POINT('Ctrl Pts',(120.50281261049,-73.6164149840699,7.));
#9430=CARTESIAN_POINT('Ctrl Pts',(120.418529051538,-73.5336505345279,6.));
#9431=CARTESIAN_POINT('Ctrl Pts',(120.418529051538,-73.5336505345279,7.));
#9432=CARTESIAN_POINT('',(121.02698757052,-73.8174160293514,6.));
#9433=CARTESIAN_POINT('Ctrl Pts',(120.418529051538,-73.5336505345279,6.));
#9434=CARTESIAN_POINT('Ctrl Pts',(120.50281261049,-73.6164149840699,6.));
#9435=CARTESIAN_POINT('Ctrl Pts',(120.672119336044,-73.782670160267,6.));
#9436=CARTESIAN_POINT('Ctrl Pts',(120.908354165828,-73.8058003919175,6.));
#9437=CARTESIAN_POINT('Ctrl Pts',(121.02698757052,-73.8174160293514,6.));
#9438=CARTESIAN_POINT('',(121.02698757052,-73.8174160293514,7.));
#9439=CARTESIAN_POINT('Ctrl Pts',(121.02698757052,-73.8174160293514,7.));
#9440=CARTESIAN_POINT('Ctrl Pts',(120.908354165828,-73.8058003919175,7.));
#9441=CARTESIAN_POINT('Ctrl Pts',(120.672119336044,-73.782670160267,7.));
#9442=CARTESIAN_POINT('Ctrl Pts',(120.50281261049,-73.6164149840699,7.));
#9443=CARTESIAN_POINT('Ctrl Pts',(120.418529051538,-73.5336505345279,7.));
#9444=CARTESIAN_POINT('',(121.02698757052,-73.8174160293514,6.));
#9445=CARTESIAN_POINT('Ctrl Pts',(121.595882910485,-73.5909496716434,6.));
#9446=CARTESIAN_POINT('Ctrl Pts',(121.595882910485,-73.5909496716434,7.));
#9447=CARTESIAN_POINT('Ctrl Pts',(121.513832876411,-73.6569993979551,6.));
#9448=CARTESIAN_POINT('Ctrl Pts',(121.513832876411,-73.6569993979551,7.));
#9449=CARTESIAN_POINT('Ctrl Pts',(121.347598273849,-73.7908171364452,6.));
#9450=CARTESIAN_POINT('Ctrl Pts',(121.347598273849,-73.7908171364452,7.));
#9451=CARTESIAN_POINT('Ctrl Pts',(121.134768750368,-73.8084741567616,6.));
#9452=CARTESIAN_POINT('Ctrl Pts',(121.134768750368,-73.8084741567616,7.));
#9453=CARTESIAN_POINT('Ctrl Pts',(121.02698757052,-73.8174160293514,6.));
#9454=CARTESIAN_POINT('Ctrl Pts',(121.02698757052,-73.8174160293514,7.));
#9455=CARTESIAN_POINT('',(121.595882910485,-73.5909496716434,6.));
#9456=CARTESIAN_POINT('Ctrl Pts',(121.02698757052,-73.8174160293514,6.));
#9457=CARTESIAN_POINT('Ctrl Pts',(121.134768750368,-73.8084741567616,6.));
#9458=CARTESIAN_POINT('Ctrl Pts',(121.347598273849,-73.7908171364452,6.));
#9459=CARTESIAN_POINT('Ctrl Pts',(121.513832876411,-73.6569993979551,6.));
#9460=CARTESIAN_POINT('Ctrl Pts',(121.595882910485,-73.5909496716434,6.));
#9461=CARTESIAN_POINT('',(121.595882910485,-73.5909496716434,7.));
#9462=CARTESIAN_POINT('Ctrl Pts',(121.595882910485,-73.5909496716434,7.));
#9463=CARTESIAN_POINT('Ctrl Pts',(121.513832876411,-73.6569993979551,7.));
#9464=CARTESIAN_POINT('Ctrl Pts',(121.347598273849,-73.7908171364452,7.));
#9465=CARTESIAN_POINT('Ctrl Pts',(121.134768750368,-73.8084741567616,7.));
#9466=CARTESIAN_POINT('Ctrl Pts',(121.02698757052,-73.8174160293514,7.));
#9467=CARTESIAN_POINT('',(121.595882910485,-73.5909496716434,6.));
#9468=CARTESIAN_POINT('Ctrl Pts',(121.851000326867,-72.985219555276,6.));
#9469=CARTESIAN_POINT('Ctrl Pts',(121.851000326867,-72.985219555276,7.));
#9470=CARTESIAN_POINT('Ctrl Pts',(121.836074190879,-73.1034032544603,6.));
#9471=CARTESIAN_POINT('Ctrl Pts',(121.836074190879,-73.1034032544603,7.));
#9472=CARTESIAN_POINT('Ctrl Pts',(121.80749878134,-73.3296605797162,6.));
#9473=CARTESIAN_POINT('Ctrl Pts',(121.80749878134,-73.3296605797162,7.));
#9474=CARTESIAN_POINT('Ctrl Pts',(121.664288466138,-73.5064870770036,6.));
#9475=CARTESIAN_POINT('Ctrl Pts',(121.664288466138,-73.5064870770036,7.));
#9476=CARTESIAN_POINT('Ctrl Pts',(121.595882910485,-73.5909496716434,6.));
#9477=CARTESIAN_POINT('Ctrl Pts',(121.595882910485,-73.5909496716434,7.));
#9478=CARTESIAN_POINT('Ctrl Pts',(121.595882910485,-73.5909496716434,6.));
#9479=CARTESIAN_POINT('Ctrl Pts',(121.664288466138,-73.5064870770036,6.));
#9480=CARTESIAN_POINT('Ctrl Pts',(121.80749878134,-73.3296605797162,6.));
#9481=CARTESIAN_POINT('Ctrl Pts',(121.836074190879,-73.1034032544603,6.));
#9482=CARTESIAN_POINT('Ctrl Pts',(121.851000326867,-72.985219555276,6.));
#9483=CARTESIAN_POINT('Ctrl Pts',(121.851000326867,-72.985219555276,7.));
#9484=CARTESIAN_POINT('Ctrl Pts',(121.836074190879,-73.1034032544603,7.));
#9485=CARTESIAN_POINT('Ctrl Pts',(121.80749878134,-73.3296605797162,7.));
#9486=CARTESIAN_POINT('Ctrl Pts',(121.664288466138,-73.5064870770036,7.));
#9487=CARTESIAN_POINT('Ctrl Pts',(121.595882910485,-73.5909496716434,7.));
#9488=CARTESIAN_POINT('Origin',(119.730944174523,-72.1284665635997,6.));
#9489=CARTESIAN_POINT('',(120.238446730371,-72.1912222079212,6.));
#9490=CARTESIAN_POINT('',(119.730944174523,-72.1284665635997,6.));
#9491=CARTESIAN_POINT('',(112.910631988312,-71.285095272583,6.));
#9492=CARTESIAN_POINT('',(120.238446730371,-72.1912222079212,7.));
#9493=CARTESIAN_POINT('',(120.238446730371,-72.1912222079212,6.));
#9494=CARTESIAN_POINT('',(119.730944174523,-72.1284665635997,7.));
#9495=CARTESIAN_POINT('',(120.238446730371,-72.1912222079212,7.));
#9496=CARTESIAN_POINT('',(119.730944174523,-72.1284665635997,6.));
#9497=CARTESIAN_POINT('Ctrl Pts',(120.17569019198,-71.4381526879245,6.));
#9498=CARTESIAN_POINT('Ctrl Pts',(120.17569019198,-71.4381526879245,7.));
#9499=CARTESIAN_POINT('Ctrl Pts',(120.075377715835,-71.5306472229799,6.));
#9500=CARTESIAN_POINT('Ctrl Pts',(120.075377715835,-71.5306472229799,7.));
#9501=CARTESIAN_POINT('Ctrl Pts',(119.867800382001,-71.7220468346621,6.));
#9502=CARTESIAN_POINT('Ctrl Pts',(119.867800382001,-71.7220468346621,7.));
#9503=CARTESIAN_POINT('Ctrl Pts',(119.777570268529,-71.990001784862,6.));
#9504=CARTESIAN_POINT('Ctrl Pts',(119.777570268529,-71.990001784862,7.));
#9505=CARTESIAN_POINT('Ctrl Pts',(119.730944174523,-72.1284665635997,6.));
#9506=CARTESIAN_POINT('Ctrl Pts',(119.730944174523,-72.1284665635997,7.));
#9507=CARTESIAN_POINT('',(120.17569019198,-71.4381526879245,6.));
#9508=CARTESIAN_POINT('Ctrl Pts',(119.730944174523,-72.1284665635997,6.));
#9509=CARTESIAN_POINT('Ctrl Pts',(119.777570268529,-71.990001784862,6.));
#9510=CARTESIAN_POINT('Ctrl Pts',(119.867800382001,-71.7220468346621,6.));
#9511=CARTESIAN_POINT('Ctrl Pts',(120.075377715835,-71.5306472229799,6.));
#9512=CARTESIAN_POINT('Ctrl Pts',(120.17569019198,-71.4381526879245,6.));
#9513=CARTESIAN_POINT('',(120.17569019198,-71.4381526879245,7.));
#9514=CARTESIAN_POINT('Ctrl Pts',(120.17569019198,-71.4381526879245,7.));
#9515=CARTESIAN_POINT('Ctrl Pts',(120.075377715835,-71.5306472229799,7.));
#9516=CARTESIAN_POINT('Ctrl Pts',(119.867800382001,-71.7220468346621,7.));
#9517=CARTESIAN_POINT('Ctrl Pts',(119.777570268529,-71.990001784862,7.));
#9518=CARTESIAN_POINT('Ctrl Pts',(119.730944174523,-72.1284665635997,7.));
#9519=CARTESIAN_POINT('',(120.17569019198,-71.4381526879245,6.));
#9520=CARTESIAN_POINT('Ctrl Pts',(121.005157965417,-71.1925869158679,6.));
#9521=CARTESIAN_POINT('Ctrl Pts',(121.005157965417,-71.1925869158679,7.));
#9522=CARTESIAN_POINT('Ctrl Pts',(120.847975287781,-71.2002295713888,6.));
#9523=CARTESIAN_POINT('Ctrl Pts',(120.847975287781,-71.2002295713888,7.));
#9524=CARTESIAN_POINT('Ctrl Pts',(120.550822183335,-71.2146779752994,6.));
#9525=CARTESIAN_POINT('Ctrl Pts',(120.550822183335,-71.2146779752994,7.));
#9526=CARTESIAN_POINT('Ctrl Pts',(120.29581043531,-71.3665943098671,6.));
#9527=CARTESIAN_POINT('Ctrl Pts',(120.29581043531,-71.3665943098671,7.));
#9528=CARTESIAN_POINT('Ctrl Pts',(120.17569019198,-71.4381526879245,6.));
#9529=CARTESIAN_POINT('Ctrl Pts',(120.17569019198,-71.4381526879245,7.));
#9530=CARTESIAN_POINT('',(121.005157965417,-71.1925869158679,6.));
#9531=CARTESIAN_POINT('Ctrl Pts',(120.17569019198,-71.4381526879245,6.));
#9532=CARTESIAN_POINT('Ctrl Pts',(120.29581043531,-71.3665943098671,6.));
#9533=CARTESIAN_POINT('Ctrl Pts',(120.550822183335,-71.2146779752994,6.));
#9534=CARTESIAN_POINT('Ctrl Pts',(120.847975287781,-71.2002295713888,6.));
#9535=CARTESIAN_POINT('Ctrl Pts',(121.005157965417,-71.1925869158679,6.));
#9536=CARTESIAN_POINT('',(121.005157965417,-71.1925869158679,7.));
#9537=CARTESIAN_POINT('Ctrl Pts',(121.005157965417,-71.1925869158679,7.));
#9538=CARTESIAN_POINT('Ctrl Pts',(120.847975287781,-71.2002295713888,7.));
#9539=CARTESIAN_POINT('Ctrl Pts',(120.550822183335,-71.2146779752994,7.));
#9540=CARTESIAN_POINT('Ctrl Pts',(120.29581043531,-71.3665943098671,7.));
#9541=CARTESIAN_POINT('Ctrl Pts',(120.17569019198,-71.4381526879245,7.));
#9542=CARTESIAN_POINT('',(121.005157965417,-71.1925869158679,6.));
#9543=CARTESIAN_POINT('Ctrl Pts',(122.013344305749,-71.5841283372814,6.));
#9544=CARTESIAN_POINT('Ctrl Pts',(122.013344305749,-71.5841283372814,7.));
#9545=CARTESIAN_POINT('Ctrl Pts',(121.873749654186,-71.4699942628301,6.));
#9546=CARTESIAN_POINT('Ctrl Pts',(121.873749654186,-71.4699942628301,7.));
#9547=CARTESIAN_POINT('Ctrl Pts',(121.581141101515,-71.2307543925218,6.));
#9548=CARTESIAN_POINT('Ctrl Pts',(121.581141101515,-71.2307543925218,7.));
#9549=CARTESIAN_POINT('Ctrl Pts',(121.202933965884,-71.205692526792,6.));
#9550=CARTESIAN_POINT('Ctrl Pts',(121.202933965884,-71.205692526792,7.));
#9551=CARTESIAN_POINT('Ctrl Pts',(121.005157965417,-71.1925869158679,6.));
#9552=CARTESIAN_POINT('Ctrl Pts',(121.005157965417,-71.1925869158679,7.));
#9553=CARTESIAN_POINT('',(122.013344305749,-71.5841283372814,6.));
#9554=CARTESIAN_POINT('Ctrl Pts',(121.005157965417,-71.1925869158679,6.));
#9555=CARTESIAN_POINT('Ctrl Pts',(121.202933965884,-71.205692526792,6.));
#9556=CARTESIAN_POINT('Ctrl Pts',(121.581141101515,-71.2307543925218,6.));
#9557=CARTESIAN_POINT('Ctrl Pts',(121.873749654186,-71.4699942628301,6.));
#9558=CARTESIAN_POINT('Ctrl Pts',(122.013344305749,-71.5841283372814,6.));
#9559=CARTESIAN_POINT('',(122.013344305749,-71.5841283372814,7.));
#9560=CARTESIAN_POINT('Ctrl Pts',(122.013344305749,-71.5841283372814,7.));
#9561=CARTESIAN_POINT('Ctrl Pts',(121.873749654186,-71.4699942628301,7.));
#9562=CARTESIAN_POINT('Ctrl Pts',(121.581141101515,-71.2307543925218,7.));
#9563=CARTESIAN_POINT('Ctrl Pts',(121.202933965884,-71.205692526792,7.));
#9564=CARTESIAN_POINT('Ctrl Pts',(121.005157965417,-71.1925869158679,7.));
#9565=CARTESIAN_POINT('',(122.013344305749,-71.5841283372814,6.));
#9566=CARTESIAN_POINT('Ctrl Pts',(122.385787504907,-72.682354646104,6.));
#9567=CARTESIAN_POINT('Ctrl Pts',(122.385787504907,-72.682354646104,7.));
#9568=CARTESIAN_POINT('Ctrl Pts',(122.375431546894,-72.4657026289207,6.));
#9569=CARTESIAN_POINT('Ctrl Pts',(122.375431546894,-72.4657026289207,7.));
#9570=CARTESIAN_POINT('Ctrl Pts',(122.356151117044,-72.0623460284251,6.));
#9571=CARTESIAN_POINT('Ctrl Pts',(122.356151117044,-72.0623460284251,7.));
#9572=CARTESIAN_POINT('Ctrl Pts',(122.121813740133,-71.7354438910031,6.));
#9573=CARTESIAN_POINT('Ctrl Pts',(122.121813740133,-71.7354438910031,7.));
#9574=CARTESIAN_POINT('Ctrl Pts',(122.013344305749,-71.5841283372814,6.));
#9575=CARTESIAN_POINT('Ctrl Pts',(122.013344305749,-71.5841283372814,7.));
#9576=CARTESIAN_POINT('',(122.385787504907,-72.682354646104,6.));
#9577=CARTESIAN_POINT('Ctrl Pts',(122.013344305749,-71.5841283372814,6.));
#9578=CARTESIAN_POINT('Ctrl Pts',(122.121813740133,-71.7354438910031,6.));
#9579=CARTESIAN_POINT('Ctrl Pts',(122.356151117044,-72.0623460284251,6.));
#9580=CARTESIAN_POINT('Ctrl Pts',(122.375431546894,-72.4657026289207,6.));
#9581=CARTESIAN_POINT('Ctrl Pts',(122.385787504907,-72.682354646104,6.));
#9582=CARTESIAN_POINT('',(122.385787504907,-72.682354646104,7.));
#9583=CARTESIAN_POINT('Ctrl Pts',(122.385787504907,-72.682354646104,7.));
#9584=CARTESIAN_POINT('Ctrl Pts',(122.375431546894,-72.4657026289207,7.));
#9585=CARTESIAN_POINT('Ctrl Pts',(122.356151117044,-72.0623460284251,7.));
#9586=CARTESIAN_POINT('Ctrl Pts',(122.121813740133,-71.7354438910031,7.));
#9587=CARTESIAN_POINT('Ctrl Pts',(122.013344305749,-71.5841283372814,7.));
#9588=CARTESIAN_POINT('',(122.385787504907,-72.682354646104,6.));
#9589=CARTESIAN_POINT('Ctrl Pts',(122.009253042932,-73.8174160293514,6.));
#9590=CARTESIAN_POINT('Ctrl Pts',(122.009253042932,-73.8174160293514,7.));
#9591=CARTESIAN_POINT('Ctrl Pts',(122.118901366383,-73.6609305976672,6.));
#9592=CARTESIAN_POINT('Ctrl Pts',(122.118901366383,-73.6609305976672,7.));
#9593=CARTESIAN_POINT('Ctrl Pts',(122.356614643278,-73.3216763019247,6.));
#9594=CARTESIAN_POINT('Ctrl Pts',(122.356614643278,-73.3216763019247,7.));
#9595=CARTESIAN_POINT('Ctrl Pts',(122.375573607916,-72.9061916361081,6.));
#9596=CARTESIAN_POINT('Ctrl Pts',(122.375573607916,-72.9061916361081,7.));
#9597=CARTESIAN_POINT('Ctrl Pts',(122.385787504907,-72.682354646104,6.));
#9598=CARTESIAN_POINT('Ctrl Pts',(122.385787504907,-72.682354646104,7.));
#9599=CARTESIAN_POINT('',(122.009253042932,-73.8174160293514,6.));
#9600=CARTESIAN_POINT('Ctrl Pts',(122.385787504907,-72.682354646104,6.));
#9601=CARTESIAN_POINT('Ctrl Pts',(122.375573607916,-72.9061916361081,6.));
#9602=CARTESIAN_POINT('Ctrl Pts',(122.356614643278,-73.3216763019247,6.));
#9603=CARTESIAN_POINT('Ctrl Pts',(122.118901366383,-73.6609305976672,6.));
#9604=CARTESIAN_POINT('Ctrl Pts',(122.009253042932,-73.8174160293514,6.));
#9605=CARTESIAN_POINT('',(122.009253042932,-73.8174160293514,7.));
#9606=CARTESIAN_POINT('Ctrl Pts',(122.009253042932,-73.8174160293514,7.));
#9607=CARTESIAN_POINT('Ctrl Pts',(122.118901366383,-73.6609305976672,7.));
#9608=CARTESIAN_POINT('Ctrl Pts',(122.356614643278,-73.3216763019247,7.));
#9609=CARTESIAN_POINT('Ctrl Pts',(122.375573607916,-72.9061916361081,7.));
#9610=CARTESIAN_POINT('Ctrl Pts',(122.385787504907,-72.682354646104,7.));
#9611=CARTESIAN_POINT('',(122.009253042932,-73.8174160293514,6.));
#9612=CARTESIAN_POINT('Ctrl Pts',(121.032447355981,-74.2212360075885,6.));
#9613=CARTESIAN_POINT('Ctrl Pts',(121.032447355981,-74.2212360075885,7.));
#9614=CARTESIAN_POINT('Ctrl Pts',(121.221644834526,-74.2060642627145,6.));
#9615=CARTESIAN_POINT('Ctrl Pts',(121.221644834526,-74.2060642627145,7.));
#9616=CARTESIAN_POINT('Ctrl Pts',(121.591274681876,-74.1764236470735,6.));
#9617=CARTESIAN_POINT('Ctrl Pts',(121.591274681876,-74.1764236470735,7.));
#9618=CARTESIAN_POINT('Ctrl Pts',(121.872147050956,-73.9351783351089,6.));
#9619=CARTESIAN_POINT('Ctrl Pts',(121.872147050956,-73.9351783351089,7.));
#9620=CARTESIAN_POINT('Ctrl Pts',(122.009253042932,-73.8174160293514,6.));
#9621=CARTESIAN_POINT('Ctrl Pts',(122.009253042932,-73.8174160293514,7.));
#9622=CARTESIAN_POINT('',(121.032447355981,-74.2212360075885,6.));
#9623=CARTESIAN_POINT('Ctrl Pts',(122.009253042932,-73.8174160293514,6.));
#9624=CARTESIAN_POINT('Ctrl Pts',(121.872147050956,-73.9351783351089,6.));
#9625=CARTESIAN_POINT('Ctrl Pts',(121.591274681876,-74.1764236470735,6.));
#9626=CARTESIAN_POINT('Ctrl Pts',(121.221644834526,-74.2060642627145,6.));
#9627=CARTESIAN_POINT('Ctrl Pts',(121.032447355981,-74.2212360075885,6.));
#9628=CARTESIAN_POINT('',(121.032447355981,-74.2212360075885,7.));
#9629=CARTESIAN_POINT('Ctrl Pts',(121.032447355981,-74.2212360075885,7.));
#9630=CARTESIAN_POINT('Ctrl Pts',(121.221644834526,-74.2060642627145,7.));
#9631=CARTESIAN_POINT('Ctrl Pts',(121.591274681876,-74.1764236470735,7.));
#9632=CARTESIAN_POINT('Ctrl Pts',(121.872147050956,-73.9351783351089,7.));
#9633=CARTESIAN_POINT('Ctrl Pts',(122.009253042932,-73.8174160293514,7.));
#9634=CARTESIAN_POINT('',(121.032447355981,-74.2212360075885,6.));
#9635=CARTESIAN_POINT('Ctrl Pts',(120.082921522851,-73.8256015352184,6.));
#9636=CARTESIAN_POINT('Ctrl Pts',(120.082921522851,-73.8256015352184,7.));
#9637=CARTESIAN_POINT('Ctrl Pts',(120.216491175313,-73.9409813111967,6.));
#9638=CARTESIAN_POINT('Ctrl Pts',(120.216491175313,-73.9409813111967,7.));
#9639=CARTESIAN_POINT('Ctrl Pts',(120.489236599805,-74.1765835261982,6.));
#9640=CARTESIAN_POINT('Ctrl Pts',(120.489236599805,-74.1765835261982,7.));
#9641=CARTESIAN_POINT('Ctrl Pts',(120.848912794021,-74.2061492783232,6.));
#9642=CARTESIAN_POINT('Ctrl Pts',(120.848912794021,-74.2061492783232,7.));
#9643=CARTESIAN_POINT('Ctrl Pts',(121.032447355981,-74.2212360075885,6.));
#9644=CARTESIAN_POINT('Ctrl Pts',(121.032447355981,-74.2212360075885,7.));
#9645=CARTESIAN_POINT('',(120.082921522851,-73.8256015352184,6.));
#9646=CARTESIAN_POINT('Ctrl Pts',(121.032447355981,-74.2212360075885,6.));
#9647=CARTESIAN_POINT('Ctrl Pts',(120.848912794021,-74.2061492783232,6.));
#9648=CARTESIAN_POINT('Ctrl Pts',(120.489236599805,-74.1765835261982,6.));
#9649=CARTESIAN_POINT('Ctrl Pts',(120.216491175313,-73.9409813111967,6.));
#9650=CARTESIAN_POINT('Ctrl Pts',(120.082921522851,-73.8256015352184,6.));
#9651=CARTESIAN_POINT('',(120.082921522851,-73.8256015352184,7.));
#9652=CARTESIAN_POINT('Ctrl Pts',(120.082921522851,-73.8256015352184,7.));
#9653=CARTESIAN_POINT('Ctrl Pts',(120.216491175313,-73.9409813111967,7.));
#9654=CARTESIAN_POINT('Ctrl Pts',(120.489236599805,-74.1765835261982,7.));
#9655=CARTESIAN_POINT('Ctrl Pts',(120.848912794021,-74.2061492783232,7.));
#9656=CARTESIAN_POINT('Ctrl Pts',(121.032447355981,-74.2212360075885,7.));
#9657=CARTESIAN_POINT('',(120.082921522851,-73.8256015352184,6.));
#9658=CARTESIAN_POINT('Ctrl Pts',(119.714574354882,-72.7123682669574,6.));
#9659=CARTESIAN_POINT('Ctrl Pts',(119.714574354882,-72.7123682669574,7.));
#9660=CARTESIAN_POINT('Ctrl Pts',(119.724518648293,-72.9319533266865,6.));
#9661=CARTESIAN_POINT('Ctrl Pts',(119.724518648293,-72.9319533266865,7.));
#9662=CARTESIAN_POINT('Ctrl Pts',(119.742966554638,-73.3393110392492,6.));
#9663=CARTESIAN_POINT('Ctrl Pts',(119.742966554638,-73.3393110392492,7.));
#9664=CARTESIAN_POINT('Ctrl Pts',(119.975660576449,-73.67216951127,6.));
#9665=CARTESIAN_POINT('Ctrl Pts',(119.975660576449,-73.67216951127,7.));
#9666=CARTESIAN_POINT('Ctrl Pts',(120.082921522851,-73.8256015352184,6.));
#9667=CARTESIAN_POINT('Ctrl Pts',(120.082921522851,-73.8256015352184,7.));
#9668=CARTESIAN_POINT('',(119.714574354882,-72.7123682669574,6.));
#9669=CARTESIAN_POINT('Ctrl Pts',(120.082921522851,-73.8256015352184,6.));
#9670=CARTESIAN_POINT('Ctrl Pts',(119.975660576449,-73.67216951127,6.));
#9671=CARTESIAN_POINT('Ctrl Pts',(119.742966554638,-73.3393110392492,6.));
#9672=CARTESIAN_POINT('Ctrl Pts',(119.724518648293,-72.9319533266865,6.));
#9673=CARTESIAN_POINT('Ctrl Pts',(119.714574354882,-72.7123682669574,6.));
#9674=CARTESIAN_POINT('',(119.714574354882,-72.7123682669574,7.));
#9675=CARTESIAN_POINT('Ctrl Pts',(119.714574354882,-72.7123682669574,7.));
#9676=CARTESIAN_POINT('Ctrl Pts',(119.724518648293,-72.9319533266865,7.));
#9677=CARTESIAN_POINT('Ctrl Pts',(119.742966554638,-73.3393110392492,7.));
#9678=CARTESIAN_POINT('Ctrl Pts',(119.975660576449,-73.67216951127,7.));
#9679=CARTESIAN_POINT('Ctrl Pts',(120.082921522851,-73.8256015352184,7.));
#9680=CARTESIAN_POINT('',(119.714574354882,-72.7123682669574,6.));
#9681=CARTESIAN_POINT('Ctrl Pts',(119.717301863427,-72.5813995770389,6.));
#9682=CARTESIAN_POINT('Ctrl Pts',(119.717301863427,-72.5813995770389,7.));
#9683=CARTESIAN_POINT('Ctrl Pts',(119.71651392992,-72.6068635791422,6.));
#9684=CARTESIAN_POINT('Ctrl Pts',(119.71651392992,-72.6068635791422,7.));
#9685=CARTESIAN_POINT('Ctrl Pts',(119.715163341855,-72.6505111420275,6.));
#9686=CARTESIAN_POINT('Ctrl Pts',(119.715163341855,-72.6505111420275,7.));
#9687=CARTESIAN_POINT('Ctrl Pts',(119.714747566685,-72.6941770596131,6.));
#9688=CARTESIAN_POINT('Ctrl Pts',(119.714747566685,-72.6941770596131,7.));
#9689=CARTESIAN_POINT('Ctrl Pts',(119.714574354882,-72.7123682669574,6.));
#9690=CARTESIAN_POINT('Ctrl Pts',(119.714574354882,-72.7123682669574,7.));
#9691=CARTESIAN_POINT('',(119.717301863427,-72.5813995770389,6.));
#9692=CARTESIAN_POINT('Ctrl Pts',(119.714574354882,-72.7123682669574,6.));
#9693=CARTESIAN_POINT('Ctrl Pts',(119.714747566685,-72.6941770596131,6.));
#9694=CARTESIAN_POINT('Ctrl Pts',(119.715163341855,-72.6505111420275,6.));
#9695=CARTESIAN_POINT('Ctrl Pts',(119.71651392992,-72.6068635791422,6.));
#9696=CARTESIAN_POINT('Ctrl Pts',(119.717301863427,-72.5813995770389,6.));
#9697=CARTESIAN_POINT('',(119.717301863427,-72.5813995770389,7.));
#9698=CARTESIAN_POINT('Ctrl Pts',(119.717301863427,-72.5813995770389,7.));
#9699=CARTESIAN_POINT('Ctrl Pts',(119.71651392992,-72.6068635791422,7.));
#9700=CARTESIAN_POINT('Ctrl Pts',(119.715163341855,-72.6505111420275,7.));
#9701=CARTESIAN_POINT('Ctrl Pts',(119.714747566685,-72.6941770596131,7.));
#9702=CARTESIAN_POINT('Ctrl Pts',(119.714574354882,-72.7123682669574,7.));
#9703=CARTESIAN_POINT('',(119.717301863427,-72.5813995770389,6.));
#9704=CARTESIAN_POINT('Origin',(121.87828494906,-72.5813995770389,6.));
#9705=CARTESIAN_POINT('',(121.87828494906,-72.5813995770389,6.));
#9706=CARTESIAN_POINT('',(113.872001434879,-72.5813995770389,6.));
#9707=CARTESIAN_POINT('',(121.87828494906,-72.5813995770389,7.));
#9708=CARTESIAN_POINT('',(119.717301863427,-72.5813995770389,7.));
#9709=CARTESIAN_POINT('',(121.87828494906,-72.5813995770389,6.));
#9710=CARTESIAN_POINT('Ctrl Pts',(121.608161467309,-71.8501581720287,6.));
#9711=CARTESIAN_POINT('Ctrl Pts',(121.608161467309,-71.8501581720287,7.));
#9712=CARTESIAN_POINT('Ctrl Pts',(121.680332743491,-71.9498336025375,6.));
#9713=CARTESIAN_POINT('Ctrl Pts',(121.680332743491,-71.9498336025375,7.));
#9714=CARTESIAN_POINT('Ctrl Pts',(121.837908982,-72.1674614489905,6.));
#9715=CARTESIAN_POINT('Ctrl Pts',(121.837908982,-72.1674614489905,7.));
#9716=CARTESIAN_POINT('Ctrl Pts',(121.864093283475,-72.4359053161251,6.));
#9717=CARTESIAN_POINT('Ctrl Pts',(121.864093283475,-72.4359053161251,7.));
#9718=CARTESIAN_POINT('Ctrl Pts',(121.87828494906,-72.5813995770389,6.));
#9719=CARTESIAN_POINT('Ctrl Pts',(121.87828494906,-72.5813995770389,7.));
#9720=CARTESIAN_POINT('',(121.608161467309,-71.8501581720287,6.));
#9721=CARTESIAN_POINT('Ctrl Pts',(121.87828494906,-72.5813995770389,6.));
#9722=CARTESIAN_POINT('Ctrl Pts',(121.864093283475,-72.4359053161251,6.));
#9723=CARTESIAN_POINT('Ctrl Pts',(121.837908982,-72.1674614489905,6.));
#9724=CARTESIAN_POINT('Ctrl Pts',(121.680332743491,-71.9498336025375,6.));
#9725=CARTESIAN_POINT('Ctrl Pts',(121.608161467309,-71.8501581720287,6.));
#9726=CARTESIAN_POINT('',(121.608161467309,-71.8501581720287,7.));
#9727=CARTESIAN_POINT('Ctrl Pts',(121.608161467309,-71.8501581720287,7.));
#9728=CARTESIAN_POINT('Ctrl Pts',(121.680332743491,-71.9498336025375,7.));
#9729=CARTESIAN_POINT('Ctrl Pts',(121.837908982,-72.1674614489905,7.));
#9730=CARTESIAN_POINT('Ctrl Pts',(121.864093283475,-72.4359053161251,7.));
#9731=CARTESIAN_POINT('Ctrl Pts',(121.87828494906,-72.5813995770389,7.));
#9732=CARTESIAN_POINT('',(121.608161467309,-71.8501581720287,6.));
#9733=CARTESIAN_POINT('Ctrl Pts',(121.002430456872,-71.5964065960819,6.));
#9734=CARTESIAN_POINT('Ctrl Pts',(121.002430456872,-71.5964065960819,7.));
#9735=CARTESIAN_POINT('Ctrl Pts',(121.118011116005,-71.6065833369961,6.));
#9736=CARTESIAN_POINT('Ctrl Pts',(121.118011116005,-71.6065833369961,7.));
#9737=CARTESIAN_POINT('Ctrl Pts',(121.347056268728,-71.6267504929407,6.));
#9738=CARTESIAN_POINT('Ctrl Pts',(121.347056268728,-71.6267504929407,7.));
#9739=CARTESIAN_POINT('Ctrl Pts',(121.521664139571,-71.7761490471918,6.));
#9740=CARTESIAN_POINT('Ctrl Pts',(121.521664139571,-71.7761490471918,7.));
#9741=CARTESIAN_POINT('Ctrl Pts',(121.608161467309,-71.8501581720287,6.));
#9742=CARTESIAN_POINT('Ctrl Pts',(121.608161467309,-71.8501581720287,7.));
#9743=CARTESIAN_POINT('',(121.002430456872,-71.5964065960819,6.));
#9744=CARTESIAN_POINT('Ctrl Pts',(121.608161467309,-71.8501581720287,6.));
#9745=CARTESIAN_POINT('Ctrl Pts',(121.521664139571,-71.7761490471918,6.));
#9746=CARTESIAN_POINT('Ctrl Pts',(121.347056268728,-71.6267504929407,6.));
#9747=CARTESIAN_POINT('Ctrl Pts',(121.118011116005,-71.6065833369961,6.));
#9748=CARTESIAN_POINT('Ctrl Pts',(121.002430456872,-71.5964065960819,6.));
#9749=CARTESIAN_POINT('',(121.002430456872,-71.5964065960819,7.));
#9750=CARTESIAN_POINT('Ctrl Pts',(121.002430456872,-71.5964065960819,7.));
#9751=CARTESIAN_POINT('Ctrl Pts',(121.118011116005,-71.6065833369961,7.));
#9752=CARTESIAN_POINT('Ctrl Pts',(121.347056268728,-71.6267504929407,7.));
#9753=CARTESIAN_POINT('Ctrl Pts',(121.521664139571,-71.7761490471918,7.));
#9754=CARTESIAN_POINT('Ctrl Pts',(121.608161467309,-71.8501581720287,7.));
#9755=CARTESIAN_POINT('',(121.002430456872,-71.5964065960819,6.));
#9756=CARTESIAN_POINT('Ctrl Pts',(120.541314619775,-71.738289194482,6.));
#9757=CARTESIAN_POINT('Ctrl Pts',(120.541314619775,-71.738289194482,7.));
#9758=CARTESIAN_POINT('Ctrl Pts',(120.609722023885,-71.6969201830923,6.));
#9759=CARTESIAN_POINT('Ctrl Pts',(120.609722023885,-71.6969201830923,7.));
#9760=CARTESIAN_POINT('Ctrl Pts',(120.751382492604,-71.6112517730687,6.));
#9761=CARTESIAN_POINT('Ctrl Pts',(120.751382492604,-71.6112517730687,7.));
#9762=CARTESIAN_POINT('Ctrl Pts',(120.916861007327,-71.6014665599293,6.));
#9763=CARTESIAN_POINT('Ctrl Pts',(120.916861007327,-71.6014665599293,7.));
#9764=CARTESIAN_POINT('Ctrl Pts',(121.002430456872,-71.5964065960819,6.));
#9765=CARTESIAN_POINT('Ctrl Pts',(121.002430456872,-71.5964065960819,7.));
#9766=CARTESIAN_POINT('',(120.541314619775,-71.738289194482,6.));
#9767=CARTESIAN_POINT('Ctrl Pts',(121.002430456872,-71.5964065960819,6.));
#9768=CARTESIAN_POINT('Ctrl Pts',(120.916861007327,-71.6014665599293,6.));
#9769=CARTESIAN_POINT('Ctrl Pts',(120.751382492604,-71.6112517730687,6.));
#9770=CARTESIAN_POINT('Ctrl Pts',(120.609722023885,-71.6969201830923,6.));
#9771=CARTESIAN_POINT('Ctrl Pts',(120.541314619775,-71.738289194482,6.));
#9772=CARTESIAN_POINT('',(120.541314619775,-71.738289194482,7.));
#9773=CARTESIAN_POINT('Ctrl Pts',(120.541314619775,-71.738289194482,7.));
#9774=CARTESIAN_POINT('Ctrl Pts',(120.609722023885,-71.6969201830923,7.));
#9775=CARTESIAN_POINT('Ctrl Pts',(120.751382492604,-71.6112517730687,7.));
#9776=CARTESIAN_POINT('Ctrl Pts',(120.916861007327,-71.6014665599293,7.));
#9777=CARTESIAN_POINT('Ctrl Pts',(121.002430456872,-71.5964065960819,7.));
#9778=CARTESIAN_POINT('',(120.541314619775,-71.738289194482,6.));
#9779=CARTESIAN_POINT('Ctrl Pts',(120.238446730371,-72.1912222079212,6.));
#9780=CARTESIAN_POINT('Ctrl Pts',(120.238446730371,-72.1912222079212,7.));
#9781=CARTESIAN_POINT('Ctrl Pts',(120.275798757737,-72.0971463737454,6.));
#9782=CARTESIAN_POINT('Ctrl Pts',(120.275798757737,-72.0971463737454,7.));
#9783=CARTESIAN_POINT('Ctrl Pts',(120.344536479831,-71.9240216733923,6.));
#9784=CARTESIAN_POINT('Ctrl Pts',(120.344536479831,-71.9240216733923,7.));
#9785=CARTESIAN_POINT('Ctrl Pts',(120.479630561985,-71.7965107681075,6.));
#9786=CARTESIAN_POINT('Ctrl Pts',(120.479630561985,-71.7965107681075,7.));
#9787=CARTESIAN_POINT('Ctrl Pts',(120.541314619775,-71.738289194482,6.));
#9788=CARTESIAN_POINT('Ctrl Pts',(120.541314619775,-71.738289194482,7.));
#9789=CARTESIAN_POINT('Ctrl Pts',(120.541314619775,-71.738289194482,6.));
#9790=CARTESIAN_POINT('Ctrl Pts',(120.479630561985,-71.7965107681075,6.));
#9791=CARTESIAN_POINT('Ctrl Pts',(120.344536479831,-71.9240216733923,6.));
#9792=CARTESIAN_POINT('Ctrl Pts',(120.275798757737,-72.0971463737454,6.));
#9793=CARTESIAN_POINT('Ctrl Pts',(120.238446730371,-72.1912222079212,6.));
#9794=CARTESIAN_POINT('Ctrl Pts',(120.238446730371,-72.1912222079212,7.));
#9795=CARTESIAN_POINT('Ctrl Pts',(120.275798757737,-72.0971463737454,7.));
#9796=CARTESIAN_POINT('Ctrl Pts',(120.344536479831,-71.9240216733923,7.));
#9797=CARTESIAN_POINT('Ctrl Pts',(120.479630561985,-71.7965107681075,7.));
#9798=CARTESIAN_POINT('Ctrl Pts',(120.541314619775,-71.738289194482,7.));
#9799=CARTESIAN_POINT('Origin',(141.12657910883,-72.6700765363151,7.));
#9800=CARTESIAN_POINT('Origin',(105.865717920699,-72.2580710224086,6.));
#9801=CARTESIAN_POINT('Origin',(138.647725123162,-75.2580710224086,6.));
#9802=CARTESIAN_POINT('',(138.647725123162,-71.258070962804,6.));
#9803=CARTESIAN_POINT('',(138.647725123162,-75.2580710224086,6.));
#9804=CARTESIAN_POINT('',(138.647725123162,-73.7580710224086,6.));
#9805=CARTESIAN_POINT('',(138.647725123162,-71.258070962804,7.));
#9806=CARTESIAN_POINT('',(138.647725123162,-71.258070962804,6.));
#9807=CARTESIAN_POINT('',(138.647725123162,-75.2580710224086,7.));
#9808=CARTESIAN_POINT('',(138.647725123162,-71.258070962804,7.));
#9809=CARTESIAN_POINT('',(138.647725123162,-75.2580710224086,6.));
#9810=CARTESIAN_POINT('Origin',(138.118392962213,-75.2580710224086,6.));
#9811=CARTESIAN_POINT('',(138.118392962213,-75.2580710224086,6.));
#9812=CARTESIAN_POINT('',(121.992055441456,-75.2580710224086,6.));
#9813=CARTESIAN_POINT('',(138.118392962213,-75.2580710224086,7.));
#9814=CARTESIAN_POINT('',(138.647725123162,-75.2580710224086,7.));
#9815=CARTESIAN_POINT('',(138.118392962213,-75.2580710224086,6.));
#9816=CARTESIAN_POINT('Origin',(138.118392962213,-71.730103688615,6.));
#9817=CARTESIAN_POINT('',(138.118392962213,-71.730103688615,6.));
#9818=CARTESIAN_POINT('',(138.118392962213,-71.9940873555118,6.));
#9819=CARTESIAN_POINT('',(138.118392962213,-71.730103688615,7.));
#9820=CARTESIAN_POINT('',(138.118392962213,-75.2580710224086,7.));
#9821=CARTESIAN_POINT('',(138.118392962213,-71.730103688615,6.));
#9822=CARTESIAN_POINT('Origin',(136.148407000299,-71.730103688615,6.));
#9823=CARTESIAN_POINT('',(136.148407000299,-71.730103688615,6.));
#9824=CARTESIAN_POINT('',(121.007062460499,-71.730103688615,6.));
#9825=CARTESIAN_POINT('',(136.148407000299,-71.730103688615,7.));
#9826=CARTESIAN_POINT('',(138.118392962213,-71.730103688615,7.));
#9827=CARTESIAN_POINT('',(136.148407000299,-71.730103688615,6.));
#9828=CARTESIAN_POINT('Origin',(136.148407000299,-71.258070962804,6.));
#9829=CARTESIAN_POINT('',(136.148407000299,-71.258070962804,6.));
#9830=CARTESIAN_POINT('',(136.148407000299,-71.7580709926063,6.));
#9831=CARTESIAN_POINT('',(136.148407000299,-71.258070962804,7.));
#9832=CARTESIAN_POINT('',(136.148407000299,-71.730103688615,7.));
#9833=CARTESIAN_POINT('',(136.148407000299,-71.258070962804,6.));
#9834=CARTESIAN_POINT('Origin',(138.647725123162,-71.258070962804,6.));
#9835=CARTESIAN_POINT('',(122.256721521931,-71.258070962804,6.));
#9836=CARTESIAN_POINT('',(136.148407000299,-71.258070962804,7.));
#9837=CARTESIAN_POINT('Origin',(141.12657910883,-72.6700765363151,7.));
#9838=CARTESIAN_POINT('Origin',(135.57814790606,-74.1557516626293,6.));
#9839=CARTESIAN_POINT('',(135.57814790606,-71.258070962804,6.));
#9840=CARTESIAN_POINT('',(135.57814790606,-74.1557516626293,6.));
#9841=CARTESIAN_POINT('',(135.57814790606,-73.2069113425189,6.));
#9842=CARTESIAN_POINT('',(135.57814790606,-71.258070962804,7.));
#9843=CARTESIAN_POINT('',(135.57814790606,-71.258070962804,6.));
#9844=CARTESIAN_POINT('',(135.57814790606,-74.1557516626293,7.));
#9845=CARTESIAN_POINT('',(135.57814790606,-71.258070962804,7.));
#9846=CARTESIAN_POINT('',(135.57814790606,-74.1557516626293,6.));
#9847=CARTESIAN_POINT('Origin',(135.087015169854,-74.1557516626293,6.));
#9848=CARTESIAN_POINT('',(135.087015169854,-74.1557516626293,6.));
#9849=CARTESIAN_POINT('',(120.476366545276,-74.1557516626293,6.));
#9850=CARTESIAN_POINT('',(135.087015169854,-74.1557516626293,7.));
#9851=CARTESIAN_POINT('',(135.57814790606,-74.1557516626293,7.));
#9852=CARTESIAN_POINT('',(135.087015169854,-74.1557516626293,6.));
#9853=CARTESIAN_POINT('Origin',(135.087015169854,-71.258070962804,6.));
#9854=CARTESIAN_POINT('',(135.087015169854,-71.258070962804,6.));
#9855=CARTESIAN_POINT('',(135.087015169854,-71.7580709926063,6.));
#9856=CARTESIAN_POINT('',(135.087015169854,-71.258070962804,7.));
#9857=CARTESIAN_POINT('',(135.087015169854,-74.1557516626293,7.));
#9858=CARTESIAN_POINT('',(135.087015169854,-71.258070962804,6.));
#9859=CARTESIAN_POINT('Origin',(135.57814790606,-71.258070962804,6.));
#9860=CARTESIAN_POINT('',(120.721932913379,-71.258070962804,6.));
#9861=CARTESIAN_POINT('',(135.087015169854,-71.258070962804,7.));
#9862=CARTESIAN_POINT('Origin',(141.12657910883,-72.6700765363151,7.));
#9863=CARTESIAN_POINT('Origin',(131.228899496789,-75.2580710224086,6.));
#9864=CARTESIAN_POINT('',(131.228899496789,-71.258070962804,6.));
#9865=CARTESIAN_POINT('',(131.228899496789,-75.2580710224086,6.));
#9866=CARTESIAN_POINT('',(131.228899496789,-73.7580710224086,6.));
#9867=CARTESIAN_POINT('',(131.228899496789,-71.258070962804,7.));
#9868=CARTESIAN_POINT('',(131.228899496789,-71.258070962804,6.));
#9869=CARTESIAN_POINT('',(131.228899496789,-75.2580710224086,7.));
#9870=CARTESIAN_POINT('',(131.228899496789,-71.258070962804,7.));
#9871=CARTESIAN_POINT('',(131.228899496789,-75.2580710224086,6.));
#9872=CARTESIAN_POINT('Origin',(130.737766760583,-75.2580710224086,6.));
#9873=CARTESIAN_POINT('',(130.737766760583,-75.2580710224086,6.));
#9874=CARTESIAN_POINT('',(118.301742340641,-75.2580710224086,6.));
#9875=CARTESIAN_POINT('',(130.737766760583,-75.2580710224086,7.));
#9876=CARTESIAN_POINT('',(131.228899496789,-75.2580710224086,7.));
#9877=CARTESIAN_POINT('',(130.737766760583,-75.2580710224086,6.));
#9878=CARTESIAN_POINT('Origin',(130.737766760583,-72.977034049409,6.));
#9879=CARTESIAN_POINT('',(130.737766760583,-72.977034049409,6.));
#9880=CARTESIAN_POINT('',(130.737766760583,-72.6175525359088,6.));
#9881=CARTESIAN_POINT('',(130.737766760583,-72.977034049409,7.));
#9882=CARTESIAN_POINT('',(130.737766760583,-75.2580710224086,7.));
#9883=CARTESIAN_POINT('',(130.737766760583,-72.977034049409,6.));
#9884=CARTESIAN_POINT('Origin',(129.57542135119,-74.1557516626293,6.));
#9885=CARTESIAN_POINT('',(129.57542135119,-74.1557516626293,6.));
#9886=CARTESIAN_POINT('',(124.20527199651,-79.601542198584,6.));
#9887=CARTESIAN_POINT('',(129.57542135119,-74.1557516626293,7.));
#9888=CARTESIAN_POINT('',(130.737766760583,-72.977034049409,7.));
#9889=CARTESIAN_POINT('',(129.57542135119,-74.1557516626293,6.));
#9890=CARTESIAN_POINT('Origin',(128.939678210015,-74.1557516626293,6.));
#9891=CARTESIAN_POINT('',(128.939678210015,-74.1557516626293,6.));
#9892=CARTESIAN_POINT('',(117.402698065357,-74.1557516626293,6.));
#9893=CARTESIAN_POINT('',(128.939678210015,-74.1557516626293,7.));
#9894=CARTESIAN_POINT('',(129.57542135119,-74.1557516626293,7.));
#9895=CARTESIAN_POINT('',(128.939678210015,-74.1557516626293,6.));
#9896=CARTESIAN_POINT('Origin',(130.047454375024,-73.0807175210887,6.));
#9897=CARTESIAN_POINT('',(130.047454375024,-73.0807175210887,6.));
#9898=CARTESIAN_POINT('',(124.026267859892,-78.9239386345353,6.));
#9899=CARTESIAN_POINT('',(130.047454375024,-73.0807175210887,7.));
#9900=CARTESIAN_POINT('',(128.939678210015,-74.1557516626293,7.));
#9901=CARTESIAN_POINT('',(130.047454375024,-73.0807175210887,6.));
#9902=CARTESIAN_POINT('Origin',(128.827807444329,-71.258070962804,6.));
#9903=CARTESIAN_POINT('',(128.827807444329,-71.258070962804,6.));
#9904=CARTESIAN_POINT('',(125.507973300545,-66.2968939828405,6.));
#9905=CARTESIAN_POINT('',(128.827807444329,-71.258070962804,7.));
#9906=CARTESIAN_POINT('',(130.047454375024,-73.0807175210887,7.));
#9907=CARTESIAN_POINT('',(128.827807444329,-71.258070962804,6.));
#9908=CARTESIAN_POINT('Origin',(129.433538454766,-71.258070962804,6.));
#9909=CARTESIAN_POINT('',(129.433538454766,-71.258070962804,6.));
#9910=CARTESIAN_POINT('',(117.649628187733,-71.258070962804,6.));
#9911=CARTESIAN_POINT('',(129.433538454766,-71.258070962804,7.));
#9912=CARTESIAN_POINT('',(128.827807444329,-71.258070962804,7.));
#9913=CARTESIAN_POINT('',(129.433538454766,-71.258070962804,6.));
#9914=CARTESIAN_POINT('Origin',(130.391246813531,-72.7396534851962,6.));
#9915=CARTESIAN_POINT('',(130.391246813531,-72.7396534851962,6.));
#9916=CARTESIAN_POINT('',(126.667580546799,-66.9791118656902,6.));
#9917=CARTESIAN_POINT('',(130.391246813531,-72.7396534851962,7.));
#9918=CARTESIAN_POINT('',(129.433538454766,-71.258070962804,7.));
#9919=CARTESIAN_POINT('',(130.391246813531,-72.7396534851962,6.));
#9920=CARTESIAN_POINT('Origin',(130.737766760583,-72.4067749551708,6.));
#9921=CARTESIAN_POINT('',(130.737766760583,-72.4067749551708,6.));
#9922=CARTESIAN_POINT('',(124.307302380992,-78.5840918694498,6.));
#9923=CARTESIAN_POINT('',(130.737766760583,-72.4067749551708,7.));
#9924=CARTESIAN_POINT('',(130.391246813531,-72.7396534851962,7.));
#9925=CARTESIAN_POINT('',(130.737766760583,-72.4067749551708,6.));
#9926=CARTESIAN_POINT('Origin',(130.737766760583,-71.258070962804,6.));
#9927=CARTESIAN_POINT('',(130.737766760583,-71.258070962804,6.));
#9928=CARTESIAN_POINT('',(130.737766760583,-71.7580709926063,6.));
#9929=CARTESIAN_POINT('',(130.737766760583,-71.258070962804,7.));
#9930=CARTESIAN_POINT('',(130.737766760583,-72.4067749551708,7.));
#9931=CARTESIAN_POINT('',(130.737766760583,-71.258070962804,6.));
#9932=CARTESIAN_POINT('Origin',(131.228899496789,-71.258070962804,6.));
#9933=CARTESIAN_POINT('',(118.547308708744,-71.258070962804,6.));
#9934=CARTESIAN_POINT('',(130.737766760583,-71.258070962804,7.));
#9935=CARTESIAN_POINT('Origin',(141.12657910883,-72.6700765363151,7.));
#9936=CARTESIAN_POINT('Ctrl Pts',(124.786879557366,-71.9265567234928,6.));
#9937=CARTESIAN_POINT('Ctrl Pts',(124.786879557366,-71.9265567234928,7.));
#9938=CARTESIAN_POINT('Ctrl Pts',(124.852633701483,-72.0368419716861,6.));
#9939=CARTESIAN_POINT('Ctrl Pts',(124.852633701483,-72.0368419716861,7.));
#9940=CARTESIAN_POINT('Ctrl Pts',(125.004471166211,-72.2915093041805,6.));
#9941=CARTESIAN_POINT('Ctrl Pts',(125.004471166211,-72.2915093041805,7.));
#9942=CARTESIAN_POINT('Ctrl Pts',(125.010135087573,-72.5896973253756,6.));
#9943=CARTESIAN_POINT('Ctrl Pts',(125.010135087573,-72.5896973253756,7.));
#9944=CARTESIAN_POINT('Ctrl Pts',(125.013346213098,-72.7587531975681,6.));
#9945=CARTESIAN_POINT('Ctrl Pts',(125.013346213098,-72.7587531975681,7.));
#9946=CARTESIAN_POINT('',(125.013346213098,-72.7587531975681,6.));
#9947=CARTESIAN_POINT('',(124.786879557366,-71.9265567234928,6.));
#9948=CARTESIAN_POINT('Ctrl Pts',(125.013346213098,-72.7587531975681,6.));
#9949=CARTESIAN_POINT('Ctrl Pts',(125.010135087573,-72.5896973253756,6.));
#9950=CARTESIAN_POINT('Ctrl Pts',(125.004471166211,-72.2915093041805,6.));
#9951=CARTESIAN_POINT('Ctrl Pts',(124.852633701483,-72.0368419716861,6.));
#9952=CARTESIAN_POINT('Ctrl Pts',(124.786879557366,-71.9265567234928,6.));
#9953=CARTESIAN_POINT('',(125.013346213098,-72.7587531975681,7.));
#9954=CARTESIAN_POINT('',(125.013346213098,-72.7587531975681,6.));
#9955=CARTESIAN_POINT('',(124.786879557366,-71.9265567234928,7.));
#9956=CARTESIAN_POINT('Ctrl Pts',(124.786879557366,-71.9265567234928,7.));
#9957=CARTESIAN_POINT('Ctrl Pts',(124.852633701483,-72.0368419716861,7.));
#9958=CARTESIAN_POINT('Ctrl Pts',(125.004471166211,-72.2915093041805,7.));
#9959=CARTESIAN_POINT('Ctrl Pts',(125.010135087573,-72.5896973253756,7.));
#9960=CARTESIAN_POINT('Ctrl Pts',(125.013346213098,-72.7587531975681,7.));
#9961=CARTESIAN_POINT('',(124.786879557366,-71.9265567234928,6.));
#9962=CARTESIAN_POINT('Ctrl Pts',(124.219350355859,-71.6646193436557,6.));
#9963=CARTESIAN_POINT('Ctrl Pts',(124.219350355859,-71.6646193436557,7.));
#9964=CARTESIAN_POINT('Ctrl Pts',(124.328425754299,-71.6757220210291,6.));
#9965=CARTESIAN_POINT('Ctrl Pts',(124.328425754299,-71.6757220210291,7.));
#9966=CARTESIAN_POINT('Ctrl Pts',(124.547528634097,-71.6980242873583,6.));
#9967=CARTESIAN_POINT('Ctrl Pts',(124.547528634097,-71.6980242873583,7.));
#9968=CARTESIAN_POINT('Ctrl Pts',(124.706865124315,-71.8501588844478,6.));
#9969=CARTESIAN_POINT('Ctrl Pts',(124.706865124315,-71.8501588844478,7.));
#9970=CARTESIAN_POINT('Ctrl Pts',(124.786879557366,-71.9265567234928,6.));
#9971=CARTESIAN_POINT('Ctrl Pts',(124.786879557366,-71.9265567234928,7.));
#9972=CARTESIAN_POINT('',(124.219350355859,-71.6646193436557,6.));
#9973=CARTESIAN_POINT('Ctrl Pts',(124.786879557366,-71.9265567234928,6.));
#9974=CARTESIAN_POINT('Ctrl Pts',(124.706865124315,-71.8501588844478,6.));
#9975=CARTESIAN_POINT('Ctrl Pts',(124.547528634097,-71.6980242873583,6.));
#9976=CARTESIAN_POINT('Ctrl Pts',(124.328425754299,-71.6757220210291,6.));
#9977=CARTESIAN_POINT('Ctrl Pts',(124.219350355859,-71.6646193436557,6.));
#9978=CARTESIAN_POINT('',(124.219350355859,-71.6646193436557,7.));
#9979=CARTESIAN_POINT('Ctrl Pts',(124.219350355859,-71.6646193436557,7.));
#9980=CARTESIAN_POINT('Ctrl Pts',(124.328425754299,-71.6757220210291,7.));
#9981=CARTESIAN_POINT('Ctrl Pts',(124.547528634097,-71.6980242873583,7.));
#9982=CARTESIAN_POINT('Ctrl Pts',(124.706865124315,-71.8501588844478,7.));
#9983=CARTESIAN_POINT('Ctrl Pts',(124.786879557366,-71.9265567234928,7.));
#9984=CARTESIAN_POINT('',(124.219350355859,-71.6646193436557,6.));
#9985=CARTESIAN_POINT('Ctrl Pts',(123.651818770166,-71.9251923731738,6.));
#9986=CARTESIAN_POINT('Ctrl Pts',(123.651818770166,-71.9251923731738,7.));
#9987=CARTESIAN_POINT('Ctrl Pts',(123.73234968159,-71.8491929869166,6.));
#9988=CARTESIAN_POINT('Ctrl Pts',(123.73234968159,-71.8491929869166,7.));
#9989=CARTESIAN_POINT('Ctrl Pts',(123.892249294604,-71.6982910259571,6.));
#9990=CARTESIAN_POINT('Ctrl Pts',(123.892249294604,-71.6982910259571,7.));
#9991=CARTESIAN_POINT('Ctrl Pts',(124.110846283502,-71.6757887193795,6.));
#9992=CARTESIAN_POINT('Ctrl Pts',(124.110846283502,-71.6757887193795,7.));
#9993=CARTESIAN_POINT('Ctrl Pts',(124.219350355859,-71.6646193436557,6.));
#9994=CARTESIAN_POINT('Ctrl Pts',(124.219350355859,-71.6646193436557,7.));
#9995=CARTESIAN_POINT('',(123.651818770166,-71.9251923731738,6.));
#9996=CARTESIAN_POINT('Ctrl Pts',(124.219350355859,-71.6646193436557,6.));
#9997=CARTESIAN_POINT('Ctrl Pts',(124.110846283502,-71.6757887193795,6.));
#9998=CARTESIAN_POINT('Ctrl Pts',(123.892249294604,-71.6982910259571,6.));
#9999=CARTESIAN_POINT('Ctrl Pts',(123.73234968159,-71.8491929869166,6.));
#10000=CARTESIAN_POINT('Ctrl Pts',(123.651818770166,-71.9251923731738,6.));
#10001=CARTESIAN_POINT('',(123.651818770166,-71.9251923731738,7.));
#10002=CARTESIAN_POINT('Ctrl Pts',(123.651818770166,-71.9251923731738,7.));
#10003=CARTESIAN_POINT('Ctrl Pts',(123.73234968159,-71.8491929869166,7.));
#10004=CARTESIAN_POINT('Ctrl Pts',(123.892249294604,-71.6982910259571,7.));
#10005=CARTESIAN_POINT('Ctrl Pts',(124.110846283502,-71.6757887193795,7.));
#10006=CARTESIAN_POINT('Ctrl Pts',(124.219350355859,-71.6646193436557,7.));
#10007=CARTESIAN_POINT('',(123.651818770166,-71.9251923731738,6.));
#10008=CARTESIAN_POINT('Ctrl Pts',(123.422622221704,-72.7423821858341,6.));
#10009=CARTESIAN_POINT('Ctrl Pts',(123.422622221704,-72.7423821858341,7.));
#10010=CARTESIAN_POINT('Ctrl Pts',(123.426240999276,-72.5767857877737,6.));
#10011=CARTESIAN_POINT('Ctrl Pts',(123.426240999276,-72.5767857877737,7.));
#10012=CARTESIAN_POINT('Ctrl Pts',(123.432660687327,-72.2830188466374,6.));
#10013=CARTESIAN_POINT('Ctrl Pts',(123.432660687327,-72.2830188466374,7.));
#10014=CARTESIAN_POINT('Ctrl Pts',(123.585245849892,-72.0338881282249,6.));
#10015=CARTESIAN_POINT('Ctrl Pts',(123.585245849892,-72.0338881282249,7.));
#10016=CARTESIAN_POINT('Ctrl Pts',(123.651818770166,-71.9251923731738,6.));
#10017=CARTESIAN_POINT('Ctrl Pts',(123.651818770166,-71.9251923731738,7.));
#10018=CARTESIAN_POINT('',(123.422622221704,-72.7423821858341,6.));
#10019=CARTESIAN_POINT('Ctrl Pts',(123.651818770166,-71.9251923731738,6.));
#10020=CARTESIAN_POINT('Ctrl Pts',(123.585245849892,-72.0338881282249,6.));
#10021=CARTESIAN_POINT('Ctrl Pts',(123.432660687327,-72.2830188466374,6.));
#10022=CARTESIAN_POINT('Ctrl Pts',(123.426240999276,-72.5767857877737,6.));
#10023=CARTESIAN_POINT('Ctrl Pts',(123.422622221704,-72.7423821858341,6.));
#10024=CARTESIAN_POINT('',(123.422622221704,-72.7423821858341,7.));
#10025=CARTESIAN_POINT('Ctrl Pts',(123.422622221704,-72.7423821858341,7.));
#10026=CARTESIAN_POINT('Ctrl Pts',(123.426240999276,-72.5767857877737,7.));
#10027=CARTESIAN_POINT('Ctrl Pts',(123.432660687327,-72.2830188466374,7.));
#10028=CARTESIAN_POINT('Ctrl Pts',(123.585245849892,-72.0338881282249,7.));
#10029=CARTESIAN_POINT('Ctrl Pts',(123.651818770166,-71.9251923731738,7.));
#10030=CARTESIAN_POINT('',(123.422622221704,-72.7423821858341,6.));
#10031=CARTESIAN_POINT('Ctrl Pts',(123.658639925714,-73.5445647410327,6.));
#10032=CARTESIAN_POINT('Ctrl Pts',(123.658639925714,-73.5445647410327,7.));
#10033=CARTESIAN_POINT('Ctrl Pts',(123.590004323253,-73.4357339317878,6.));
#10034=CARTESIAN_POINT('Ctrl Pts',(123.590004323253,-73.4357339317878,7.));
#10035=CARTESIAN_POINT('Ctrl Pts',(123.436296672546,-73.1920101585002,6.));
#10036=CARTESIAN_POINT('Ctrl Pts',(123.436296672546,-73.1920101585002,7.));
#10037=CARTESIAN_POINT('Ctrl Pts',(123.427494133122,-72.9025749189317,6.));
#10038=CARTESIAN_POINT('Ctrl Pts',(123.427494133122,-72.9025749189317,7.));
#10039=CARTESIAN_POINT('Ctrl Pts',(123.422622221704,-72.7423821858341,6.));
#10040=CARTESIAN_POINT('Ctrl Pts',(123.422622221704,-72.7423821858341,7.));
#10041=CARTESIAN_POINT('',(123.658639925714,-73.5445647410327,6.));
#10042=CARTESIAN_POINT('Ctrl Pts',(123.422622221704,-72.7423821858341,6.));
#10043=CARTESIAN_POINT('Ctrl Pts',(123.427494133122,-72.9025749189317,6.));
#10044=CARTESIAN_POINT('Ctrl Pts',(123.436296672546,-73.1920101585002,6.));
#10045=CARTESIAN_POINT('Ctrl Pts',(123.590004323253,-73.4357339317878,6.));
#10046=CARTESIAN_POINT('Ctrl Pts',(123.658639925714,-73.5445647410327,6.));
#10047=CARTESIAN_POINT('',(123.658639925714,-73.5445647410327,7.));
#10048=CARTESIAN_POINT('Ctrl Pts',(123.658639925714,-73.5445647410327,7.));
#10049=CARTESIAN_POINT('Ctrl Pts',(123.590004323253,-73.4357339317878,7.));
#10050=CARTESIAN_POINT('Ctrl Pts',(123.436296672546,-73.1920101585002,7.));
#10051=CARTESIAN_POINT('Ctrl Pts',(123.427494133122,-72.9025749189317,7.));
#10052=CARTESIAN_POINT('Ctrl Pts',(123.422622221704,-72.7423821858341,7.));
#10053=CARTESIAN_POINT('',(123.658639925714,-73.5445647410327,6.));
#10054=CARTESIAN_POINT('Ctrl Pts',(124.227535265679,-73.8146876267368,6.));
#10055=CARTESIAN_POINT('Ctrl Pts',(124.227535265679,-73.8146876267368,7.));
#10056=CARTESIAN_POINT('Ctrl Pts',(124.11980785512,-73.8024986376412,6.));
#10057=CARTESIAN_POINT('Ctrl Pts',(124.11980785512,-73.8024986376412,7.));
#10058=CARTESIAN_POINT('Ctrl Pts',(123.899638086831,-73.7775871792583,6.));
#10059=CARTESIAN_POINT('Ctrl Pts',(123.899638086831,-73.7775871792583,7.));
#10060=CARTESIAN_POINT('Ctrl Pts',(123.740111403524,-73.6233399578947,6.));
#10061=CARTESIAN_POINT('Ctrl Pts',(123.740111403524,-73.6233399578947,7.));
#10062=CARTESIAN_POINT('Ctrl Pts',(123.658639925714,-73.5445647410327,6.));
#10063=CARTESIAN_POINT('Ctrl Pts',(123.658639925714,-73.5445647410327,7.));
#10064=CARTESIAN_POINT('',(124.227535265679,-73.8146876267368,6.));
#10065=CARTESIAN_POINT('Ctrl Pts',(123.658639925714,-73.5445647410327,6.));
#10066=CARTESIAN_POINT('Ctrl Pts',(123.740111403524,-73.6233399578947,6.));
#10067=CARTESIAN_POINT('Ctrl Pts',(123.899638086831,-73.7775871792583,6.));
#10068=CARTESIAN_POINT('Ctrl Pts',(124.11980785512,-73.8024986376412,6.));
#10069=CARTESIAN_POINT('Ctrl Pts',(124.227535265679,-73.8146876267368,6.));
#10070=CARTESIAN_POINT('',(124.227535265679,-73.8146876267368,7.));
#10071=CARTESIAN_POINT('Ctrl Pts',(124.227535265679,-73.8146876267368,7.));
#10072=CARTESIAN_POINT('Ctrl Pts',(124.11980785512,-73.8024986376412,7.));
#10073=CARTESIAN_POINT('Ctrl Pts',(123.899638086831,-73.7775871792583,7.));
#10074=CARTESIAN_POINT('Ctrl Pts',(123.740111403524,-73.6233399578947,7.));
#10075=CARTESIAN_POINT('Ctrl Pts',(123.658639925714,-73.5445647410327,7.));
#10076=CARTESIAN_POINT('',(124.227535265679,-73.8146876267368,6.));
#10077=CARTESIAN_POINT('Ctrl Pts',(124.784152048822,-73.5486577919895,6.));
#10078=CARTESIAN_POINT('Ctrl Pts',(124.784152048822,-73.5486577919895,7.));
#10079=CARTESIAN_POINT('Ctrl Pts',(124.704798421771,-73.6262406868595,6.));
#10080=CARTESIAN_POINT('Ctrl Pts',(124.704798421771,-73.6262406868595,7.));
#10081=CARTESIAN_POINT('Ctrl Pts',(124.549218325159,-73.7783490998958,6.));
#10082=CARTESIAN_POINT('Ctrl Pts',(124.549218325159,-73.7783490998958,7.));
#10083=CARTESIAN_POINT('Ctrl Pts',(124.333316410479,-73.8027381912403,6.));
#10084=CARTESIAN_POINT('Ctrl Pts',(124.333316410479,-73.8027381912403,7.));
#10085=CARTESIAN_POINT('Ctrl Pts',(124.227535265679,-73.8146876267368,6.));
#10086=CARTESIAN_POINT('Ctrl Pts',(124.227535265679,-73.8146876267368,7.));
#10087=CARTESIAN_POINT('',(124.784152048822,-73.5486577919895,6.));
#10088=CARTESIAN_POINT('Ctrl Pts',(124.227535265679,-73.8146876267368,6.));
#10089=CARTESIAN_POINT('Ctrl Pts',(124.333316410479,-73.8027381912403,6.));
#10090=CARTESIAN_POINT('Ctrl Pts',(124.549218325159,-73.7783490998958,6.));
#10091=CARTESIAN_POINT('Ctrl Pts',(124.704798421771,-73.6262406868595,6.));
#10092=CARTESIAN_POINT('Ctrl Pts',(124.784152048822,-73.5486577919895,6.));
#10093=CARTESIAN_POINT('',(124.784152048822,-73.5486577919895,7.));
#10094=CARTESIAN_POINT('Ctrl Pts',(124.784152048822,-73.5486577919895,7.));
#10095=CARTESIAN_POINT('Ctrl Pts',(124.704798421771,-73.6262406868595,7.));
#10096=CARTESIAN_POINT('Ctrl Pts',(124.549218325159,-73.7783490998958,7.));
#10097=CARTESIAN_POINT('Ctrl Pts',(124.333316410479,-73.8027381912403,7.));
#10098=CARTESIAN_POINT('Ctrl Pts',(124.227535265679,-73.8146876267368,7.));
#10099=CARTESIAN_POINT('',(124.784152048822,-73.5486577919895,6.));
#10100=CARTESIAN_POINT('Ctrl Pts',(125.013346213098,-72.7587531975681,6.));
#10101=CARTESIAN_POINT('Ctrl Pts',(125.013346213098,-72.7587531975681,7.));
#10102=CARTESIAN_POINT('Ctrl Pts',(125.0086846619,-72.9163864321728,6.));
#10103=CARTESIAN_POINT('Ctrl Pts',(125.0086846619,-72.9163864321728,7.));
#10104=CARTESIAN_POINT('Ctrl Pts',(125.000272286543,-73.2008561037675,6.));
#10105=CARTESIAN_POINT('Ctrl Pts',(125.000272286543,-73.2008561037675,7.));
#10106=CARTESIAN_POINT('Ctrl Pts',(124.850798082863,-73.4414045176217,6.));
#10107=CARTESIAN_POINT('Ctrl Pts',(124.850798082863,-73.4414045176217,7.));
#10108=CARTESIAN_POINT('Ctrl Pts',(124.784152048822,-73.5486577919895,6.));
#10109=CARTESIAN_POINT('Ctrl Pts',(124.784152048822,-73.5486577919895,7.));
#10110=CARTESIAN_POINT('Ctrl Pts',(124.784152048822,-73.5486577919895,6.));
#10111=CARTESIAN_POINT('Ctrl Pts',(124.850798082863,-73.4414045176217,6.));
#10112=CARTESIAN_POINT('Ctrl Pts',(125.000272286543,-73.2008561037675,6.));
#10113=CARTESIAN_POINT('Ctrl Pts',(125.0086846619,-72.9163864321728,6.));
#10114=CARTESIAN_POINT('Ctrl Pts',(125.013346213098,-72.7587531975681,6.));
#10115=CARTESIAN_POINT('Ctrl Pts',(125.013346213098,-72.7587531975681,7.));
#10116=CARTESIAN_POINT('Ctrl Pts',(125.0086846619,-72.9163864321728,7.));
#10117=CARTESIAN_POINT('Ctrl Pts',(125.000272286543,-73.2008561037675,7.));
#10118=CARTESIAN_POINT('Ctrl Pts',(124.850798082863,-73.4414045176217,7.));
#10119=CARTESIAN_POINT('Ctrl Pts',(124.784152048822,-73.5486577919895,7.));
#10120=CARTESIAN_POINT('Origin',(124.942404764886,-70.9470205477649,6.));
#10121=CARTESIAN_POINT('',(125.419895189996,-71.0179619959766,6.));
#10122=CARTESIAN_POINT('',(124.942404764886,-70.9470205477649,6.));
#10123=CARTESIAN_POINT('',(115.705347658063,-69.5746575140535,6.));
#10124=CARTESIAN_POINT('',(125.419895189996,-71.0179619959766,7.));
#10125=CARTESIAN_POINT('',(125.419895189996,-71.0179619959766,6.));
#10126=CARTESIAN_POINT('',(124.942404764886,-70.9470205477649,7.));
#10127=CARTESIAN_POINT('',(125.419895189996,-71.0179619959766,7.));
#10128=CARTESIAN_POINT('',(124.942404764886,-70.9470205477649,6.));
#10129=CARTESIAN_POINT('Ctrl Pts',(124.775964754815,-70.625055926221,6.));
#10130=CARTESIAN_POINT('Ctrl Pts',(124.775964754815,-70.625055926221,7.));
#10131=CARTESIAN_POINT('Ctrl Pts',(124.817286055036,-70.6661797694647,6.));
#10132=CARTESIAN_POINT('Ctrl Pts',(124.817286055036,-70.6661797694647,7.));
#10133=CARTESIAN_POINT('Ctrl Pts',(124.906768042136,-70.7552341600816,6.));
#10134=CARTESIAN_POINT('Ctrl Pts',(124.906768042136,-70.7552341600816,7.));
#10135=CARTESIAN_POINT('Ctrl Pts',(124.9299356011,-70.8799151661422,6.));
#10136=CARTESIAN_POINT('Ctrl Pts',(124.9299356011,-70.8799151661422,7.));
#10137=CARTESIAN_POINT('Ctrl Pts',(124.942404764886,-70.9470205477649,6.));
#10138=CARTESIAN_POINT('Ctrl Pts',(124.942404764886,-70.9470205477649,7.));
#10139=CARTESIAN_POINT('',(124.775964754815,-70.625055926221,6.));
#10140=CARTESIAN_POINT('Ctrl Pts',(124.942404764886,-70.9470205477649,6.));
#10141=CARTESIAN_POINT('Ctrl Pts',(124.9299356011,-70.8799151661422,6.));
#10142=CARTESIAN_POINT('Ctrl Pts',(124.906768042136,-70.7552341600816,6.));
#10143=CARTESIAN_POINT('Ctrl Pts',(124.817286055036,-70.6661797694647,6.));
#10144=CARTESIAN_POINT('Ctrl Pts',(124.775964754815,-70.625055926221,6.));
#10145=CARTESIAN_POINT('',(124.775964754815,-70.625055926221,7.));
#10146=CARTESIAN_POINT('Ctrl Pts',(124.775964754815,-70.625055926221,7.));
#10147=CARTESIAN_POINT('Ctrl Pts',(124.817286055036,-70.6661797694647,7.));
#10148=CARTESIAN_POINT('Ctrl Pts',(124.906768042136,-70.7552341600816,7.));
#10149=CARTESIAN_POINT('Ctrl Pts',(124.9299356011,-70.8799151661422,7.));
#10150=CARTESIAN_POINT('Ctrl Pts',(124.942404764886,-70.9470205477649,7.));
#10151=CARTESIAN_POINT('',(124.775964754815,-70.625055926221,6.));
#10152=CARTESIAN_POINT('Ctrl Pts',(124.276647108789,-70.4886304310733,6.));
#10153=CARTESIAN_POINT('Ctrl Pts',(124.276647108789,-70.4886304310733,7.));
#10154=CARTESIAN_POINT('Ctrl Pts',(124.373305938882,-70.4920374094007,6.));
#10155=CARTESIAN_POINT('Ctrl Pts',(124.373305938882,-70.4920374094007,7.));
#10156=CARTESIAN_POINT('Ctrl Pts',(124.551059847306,-70.4983027833248,6.));
#10157=CARTESIAN_POINT('Ctrl Pts',(124.551059847306,-70.4983027833248,7.));
#10158=CARTESIAN_POINT('Ctrl Pts',(124.705504053693,-70.58534529733,6.));
#10159=CARTESIAN_POINT('Ctrl Pts',(124.705504053693,-70.58534529733,7.));
#10160=CARTESIAN_POINT('Ctrl Pts',(124.775964754815,-70.625055926221,6.));
#10161=CARTESIAN_POINT('Ctrl Pts',(124.775964754815,-70.625055926221,7.));
#10162=CARTESIAN_POINT('',(124.276647108789,-70.4886304310733,6.));
#10163=CARTESIAN_POINT('Ctrl Pts',(124.775964754815,-70.625055926221,6.));
#10164=CARTESIAN_POINT('Ctrl Pts',(124.705504053693,-70.58534529733,6.));
#10165=CARTESIAN_POINT('Ctrl Pts',(124.551059847306,-70.4983027833248,6.));
#10166=CARTESIAN_POINT('Ctrl Pts',(124.373305938882,-70.4920374094007,6.));
#10167=CARTESIAN_POINT('Ctrl Pts',(124.276647108789,-70.4886304310733,6.));
#10168=CARTESIAN_POINT('',(124.276647108789,-70.4886304310733,7.));
#10169=CARTESIAN_POINT('Ctrl Pts',(124.276647108789,-70.4886304310733,7.));
#10170=CARTESIAN_POINT('Ctrl Pts',(124.373305938882,-70.4920374094007,7.));
#10171=CARTESIAN_POINT('Ctrl Pts',(124.551059847306,-70.4983027833248,7.));
#10172=CARTESIAN_POINT('Ctrl Pts',(124.705504053693,-70.58534529733,7.));
#10173=CARTESIAN_POINT('Ctrl Pts',(124.775964754815,-70.625055926221,7.));
#10174=CARTESIAN_POINT('',(124.276647108789,-70.4886304310733,6.));
#10175=CARTESIAN_POINT('Ctrl Pts',(123.75004484057,-70.625055926221,6.));
#10176=CARTESIAN_POINT('Ctrl Pts',(123.75004484057,-70.625055926221,7.));
#10177=CARTESIAN_POINT('Ctrl Pts',(123.823309168132,-70.5853771944163,6.));
#10178=CARTESIAN_POINT('Ctrl Pts',(123.823309168132,-70.5853771944163,7.));
#10179=CARTESIAN_POINT('Ctrl Pts',(123.9869042553,-70.4967768372675,6.));
#10180=CARTESIAN_POINT('Ctrl Pts',(123.9869042553,-70.4967768372675,7.));
#10181=CARTESIAN_POINT('Ctrl Pts',(124.173574923037,-70.4915284072696,6.));
#10182=CARTESIAN_POINT('Ctrl Pts',(124.173574923037,-70.4915284072696,7.));
#10183=CARTESIAN_POINT('Ctrl Pts',(124.276647108789,-70.4886304310733,6.));
#10184=CARTESIAN_POINT('Ctrl Pts',(124.276647108789,-70.4886304310733,7.));
#10185=CARTESIAN_POINT('',(123.75004484057,-70.625055926221,6.));
#10186=CARTESIAN_POINT('Ctrl Pts',(124.276647108789,-70.4886304310733,6.));
#10187=CARTESIAN_POINT('Ctrl Pts',(124.173574923037,-70.4915284072696,6.));
#10188=CARTESIAN_POINT('Ctrl Pts',(123.9869042553,-70.4967768372675,6.));
#10189=CARTESIAN_POINT('Ctrl Pts',(123.823309168132,-70.5853771944163,6.));
#10190=CARTESIAN_POINT('Ctrl Pts',(123.75004484057,-70.625055926221,6.));
#10191=CARTESIAN_POINT('',(123.75004484057,-70.625055926221,7.));
#10192=CARTESIAN_POINT('Ctrl Pts',(123.75004484057,-70.625055926221,7.));
#10193=CARTESIAN_POINT('Ctrl Pts',(123.823309168132,-70.5853771944163,7.));
#10194=CARTESIAN_POINT('Ctrl Pts',(123.9869042553,-70.4967768372675,7.));
#10195=CARTESIAN_POINT('Ctrl Pts',(124.173574923037,-70.4915284072696,7.));
#10196=CARTESIAN_POINT('Ctrl Pts',(124.276647108789,-70.4886304310733,7.));
#10197=CARTESIAN_POINT('',(123.75004484057,-70.625055926221,6.));
#10198=CARTESIAN_POINT('Ctrl Pts',(123.499021071191,-71.0070477894718,6.));
#10199=CARTESIAN_POINT('Ctrl Pts',(123.499021071191,-71.0070477894718,7.));
#10200=CARTESIAN_POINT('Ctrl Pts',(123.524982774076,-70.9303900580739,6.));
#10201=CARTESIAN_POINT('Ctrl Pts',(123.524982774076,-70.9303900580739,7.));
#10202=CARTESIAN_POINT('Ctrl Pts',(123.575549907611,-70.7810792922419,6.));
#10203=CARTESIAN_POINT('Ctrl Pts',(123.575549907611,-70.7810792922419,7.));
#10204=CARTESIAN_POINT('Ctrl Pts',(123.692929282277,-70.6761253842608,6.));
#10205=CARTESIAN_POINT('Ctrl Pts',(123.692929282277,-70.6761253842608,7.));
#10206=CARTESIAN_POINT('Ctrl Pts',(123.75004484057,-70.625055926221,6.));
#10207=CARTESIAN_POINT('Ctrl Pts',(123.75004484057,-70.625055926221,7.));
#10208=CARTESIAN_POINT('',(123.499021071191,-71.0070477894718,6.));
#10209=CARTESIAN_POINT('Ctrl Pts',(123.75004484057,-70.625055926221,6.));
#10210=CARTESIAN_POINT('Ctrl Pts',(123.692929282277,-70.6761253842608,6.));
#10211=CARTESIAN_POINT('Ctrl Pts',(123.575549907611,-70.7810792922419,6.));
#10212=CARTESIAN_POINT('Ctrl Pts',(123.524982774076,-70.9303900580739,6.));
#10213=CARTESIAN_POINT('Ctrl Pts',(123.499021071191,-71.0070477894718,6.));
#10214=CARTESIAN_POINT('',(123.499021071191,-71.0070477894718,7.));
#10215=CARTESIAN_POINT('Ctrl Pts',(123.499021071191,-71.0070477894718,7.));
#10216=CARTESIAN_POINT('Ctrl Pts',(123.524982774076,-70.9303900580739,7.));
#10217=CARTESIAN_POINT('Ctrl Pts',(123.575549907611,-70.7810792922419,7.));
#10218=CARTESIAN_POINT('Ctrl Pts',(123.692929282277,-70.6761253842608,7.));
#10219=CARTESIAN_POINT('Ctrl Pts',(123.75004484057,-70.625055926221,7.));
#10220=CARTESIAN_POINT('',(123.499021071191,-71.0070477894718,6.));
#10221=CARTESIAN_POINT('Ctrl Pts',(123.463551539178,-71.6373341254169,6.));
#10222=CARTESIAN_POINT('Ctrl Pts',(123.463551539178,-71.6373341254169,7.));
#10223=CARTESIAN_POINT('Ctrl Pts',(123.46185798787,-71.50448285446,6.));
#10224=CARTESIAN_POINT('Ctrl Pts',(123.46185798787,-71.50448285446,7.));
#10225=CARTESIAN_POINT('Ctrl Pts',(123.459166913335,-71.2933804977262,6.));
#10226=CARTESIAN_POINT('Ctrl Pts',(123.459166913335,-71.2933804977262,7.));
#10227=CARTESIAN_POINT('Ctrl Pts',(123.488243141273,-71.0844819651979,6.));
#10228=CARTESIAN_POINT('Ctrl Pts',(123.488243141273,-71.0844819651979,7.));
#10229=CARTESIAN_POINT('Ctrl Pts',(123.499021071191,-71.0070477894718,6.));
#10230=CARTESIAN_POINT('Ctrl Pts',(123.499021071191,-71.0070477894718,7.));
#10231=CARTESIAN_POINT('',(123.463551539178,-71.6373341254169,6.));
#10232=CARTESIAN_POINT('Ctrl Pts',(123.499021071191,-71.0070477894718,6.));
#10233=CARTESIAN_POINT('Ctrl Pts',(123.488243141273,-71.0844819651979,6.));
#10234=CARTESIAN_POINT('Ctrl Pts',(123.459166913335,-71.2933804977262,6.));
#10235=CARTESIAN_POINT('Ctrl Pts',(123.46185798787,-71.50448285446,6.));
#10236=CARTESIAN_POINT('Ctrl Pts',(123.463551539178,-71.6373341254169,6.));
#10237=CARTESIAN_POINT('',(123.463551539178,-71.6373341254169,7.));
#10238=CARTESIAN_POINT('Ctrl Pts',(123.463551539178,-71.6373341254169,7.));
#10239=CARTESIAN_POINT('Ctrl Pts',(123.46185798787,-71.50448285446,7.));
#10240=CARTESIAN_POINT('Ctrl Pts',(123.459166913335,-71.2933804977262,7.));
#10241=CARTESIAN_POINT('Ctrl Pts',(123.488243141273,-71.0844819651979,7.));
#10242=CARTESIAN_POINT('Ctrl Pts',(123.499021071191,-71.0070477894718,7.));
#10243=CARTESIAN_POINT('',(123.463551539178,-71.6373341254169,6.));
#10244=CARTESIAN_POINT('Ctrl Pts',(124.265734690423,-71.258070962804,6.));
#10245=CARTESIAN_POINT('Ctrl Pts',(124.265734690423,-71.258070962804,7.));
#10246=CARTESIAN_POINT('Ctrl Pts',(124.111720908566,-71.2745072449777,6.));
#10247=CARTESIAN_POINT('Ctrl Pts',(124.111720908566,-71.2745072449777,7.));
#10248=CARTESIAN_POINT('Ctrl Pts',(123.800525916859,-71.3077178358292,6.));
#10249=CARTESIAN_POINT('Ctrl Pts',(123.800525916859,-71.3077178358292,7.));
#10250=CARTESIAN_POINT('Ctrl Pts',(123.576635936285,-71.5267190108757,6.));
#10251=CARTESIAN_POINT('Ctrl Pts',(123.576635936285,-71.5267190108757,7.));
#10252=CARTESIAN_POINT('Ctrl Pts',(123.463551539178,-71.6373341254169,6.));
#10253=CARTESIAN_POINT('Ctrl Pts',(123.463551539178,-71.6373341254169,7.));
#10254=CARTESIAN_POINT('',(124.265734690423,-71.258070962804,6.));
#10255=CARTESIAN_POINT('Ctrl Pts',(123.463551539178,-71.6373341254169,6.));
#10256=CARTESIAN_POINT('Ctrl Pts',(123.576635936285,-71.5267190108757,6.));
#10257=CARTESIAN_POINT('Ctrl Pts',(123.800525916859,-71.3077178358292,6.));
#10258=CARTESIAN_POINT('Ctrl Pts',(124.111720908566,-71.2745072449777,6.));
#10259=CARTESIAN_POINT('Ctrl Pts',(124.265734690423,-71.258070962804,6.));
#10260=CARTESIAN_POINT('',(124.265734690423,-71.258070962804,7.));
#10261=CARTESIAN_POINT('Ctrl Pts',(124.265734690423,-71.258070962804,7.));
#10262=CARTESIAN_POINT('Ctrl Pts',(124.111720908566,-71.2745072449777,7.));
#10263=CARTESIAN_POINT('Ctrl Pts',(123.800525916859,-71.3077178358292,7.));
#10264=CARTESIAN_POINT('Ctrl Pts',(123.576635936285,-71.5267190108757,7.));
#10265=CARTESIAN_POINT('Ctrl Pts',(123.463551539178,-71.6373341254169,7.));
#10266=CARTESIAN_POINT('',(124.265734690423,-71.258070962804,6.));
#10267=CARTESIAN_POINT('Ctrl Pts',(125.190698641534,-71.6891758612567,6.));
#10268=CARTESIAN_POINT('Ctrl Pts',(125.190698641534,-71.6891758612567,7.));
#10269=CARTESIAN_POINT('Ctrl Pts',(125.067564063846,-71.5634662099697,6.));
#10270=CARTESIAN_POINT('Ctrl Pts',(125.067564063846,-71.5634662099697,7.));
#10271=CARTESIAN_POINT('Ctrl Pts',(124.813950847837,-71.3045492627976,6.));
#10272=CARTESIAN_POINT('Ctrl Pts',(124.813950847837,-71.3045492627976,7.));
#10273=CARTESIAN_POINT('Ctrl Pts',(124.451967480623,-71.2738599602177,6.));
#10274=CARTESIAN_POINT('Ctrl Pts',(124.451967480623,-71.2738599602177,7.));
#10275=CARTESIAN_POINT('Ctrl Pts',(124.265734690423,-71.258070962804,6.));
#10276=CARTESIAN_POINT('Ctrl Pts',(124.265734690423,-71.258070962804,7.));
#10277=CARTESIAN_POINT('',(125.190698641534,-71.6891758612567,6.));
#10278=CARTESIAN_POINT('Ctrl Pts',(124.265734690423,-71.258070962804,6.));
#10279=CARTESIAN_POINT('Ctrl Pts',(124.451967480623,-71.2738599602177,6.));
#10280=CARTESIAN_POINT('Ctrl Pts',(124.813950847837,-71.3045492627976,6.));
#10281=CARTESIAN_POINT('Ctrl Pts',(125.067564063846,-71.5634662099697,6.));
#10282=CARTESIAN_POINT('Ctrl Pts',(125.190698641534,-71.6891758612567,6.));
#10283=CARTESIAN_POINT('',(125.190698641534,-71.6891758612567,7.));
#10284=CARTESIAN_POINT('Ctrl Pts',(125.190698641534,-71.6891758612567,7.));
#10285=CARTESIAN_POINT('Ctrl Pts',(125.067564063846,-71.5634662099697,7.));
#10286=CARTESIAN_POINT('Ctrl Pts',(124.813950847837,-71.3045492627976,7.));
#10287=CARTESIAN_POINT('Ctrl Pts',(124.451967480623,-71.2738599602177,7.));
#10288=CARTESIAN_POINT('Ctrl Pts',(124.265734690423,-71.258070962804,7.));
#10289=CARTESIAN_POINT('',(125.190698641534,-71.6891758612567,6.));
#10290=CARTESIAN_POINT('Ctrl Pts',(125.5181212604,-72.7232824734622,6.));
#10291=CARTESIAN_POINT('Ctrl Pts',(125.5181212604,-72.7232824734622,7.));
#10292=CARTESIAN_POINT('Ctrl Pts',(125.506142502675,-72.531677884488,6.));
#10293=CARTESIAN_POINT('Ctrl Pts',(125.506142502675,-72.531677884488,7.));
#10294=CARTESIAN_POINT('Ctrl Pts',(125.482863783957,-72.1593263072907,6.));
#10295=CARTESIAN_POINT('Ctrl Pts',(125.482863783957,-72.1593263072907,7.));
#10296=CARTESIAN_POINT('Ctrl Pts',(125.286175239844,-71.8428162473384,6.));
#10297=CARTESIAN_POINT('Ctrl Pts',(125.286175239844,-71.8428162473384,7.));
#10298=CARTESIAN_POINT('Ctrl Pts',(125.190698641534,-71.6891758612567,6.));
#10299=CARTESIAN_POINT('Ctrl Pts',(125.190698641534,-71.6891758612567,7.));
#10300=CARTESIAN_POINT('',(125.5181212604,-72.7232824734622,6.));
#10301=CARTESIAN_POINT('Ctrl Pts',(125.190698641534,-71.6891758612567,6.));
#10302=CARTESIAN_POINT('Ctrl Pts',(125.286175239844,-71.8428162473384,6.));
#10303=CARTESIAN_POINT('Ctrl Pts',(125.482863783957,-72.1593263072907,6.));
#10304=CARTESIAN_POINT('Ctrl Pts',(125.506142502675,-72.531677884488,6.));
#10305=CARTESIAN_POINT('Ctrl Pts',(125.5181212604,-72.7232824734622,6.));
#10306=CARTESIAN_POINT('',(125.5181212604,-72.7232824734622,7.));
#10307=CARTESIAN_POINT('Ctrl Pts',(125.5181212604,-72.7232824734622,7.));
#10308=CARTESIAN_POINT('Ctrl Pts',(125.506142502675,-72.531677884488,7.));
#10309=CARTESIAN_POINT('Ctrl Pts',(125.482863783957,-72.1593263072907,7.));
#10310=CARTESIAN_POINT('Ctrl Pts',(125.286175239844,-71.8428162473384,7.));
#10311=CARTESIAN_POINT('Ctrl Pts',(125.190698641534,-71.6891758612567,7.));
#10312=CARTESIAN_POINT('',(125.5181212604,-72.7232824734622,6.));
#10313=CARTESIAN_POINT('Ctrl Pts',(125.368053454156,-73.4886305502826,6.));
#10314=CARTESIAN_POINT('Ctrl Pts',(125.368053454156,-73.4886305502826,7.));
#10315=CARTESIAN_POINT('Ctrl Pts',(125.411818401537,-73.3676551238414,6.));
#10316=CARTESIAN_POINT('Ctrl Pts',(125.411818401537,-73.3676551238414,7.));
#10317=CARTESIAN_POINT('Ctrl Pts',(125.501280617799,-73.1203629320216,6.));
#10318=CARTESIAN_POINT('Ctrl Pts',(125.501280617799,-73.1203629320216,7.));
#10319=CARTESIAN_POINT('Ctrl Pts',(125.512427458206,-72.8575349268734,6.));
#10320=CARTESIAN_POINT('Ctrl Pts',(125.512427458206,-72.8575349268734,7.));
#10321=CARTESIAN_POINT('Ctrl Pts',(125.5181212604,-72.7232824734622,6.));
#10322=CARTESIAN_POINT('Ctrl Pts',(125.5181212604,-72.7232824734622,7.));
#10323=CARTESIAN_POINT('',(125.368053454156,-73.4886305502826,6.));
#10324=CARTESIAN_POINT('Ctrl Pts',(125.5181212604,-72.7232824734622,6.));
#10325=CARTESIAN_POINT('Ctrl Pts',(125.512427458206,-72.8575349268734,6.));
#10326=CARTESIAN_POINT('Ctrl Pts',(125.501280617799,-73.1203629320216,6.));
#10327=CARTESIAN_POINT('Ctrl Pts',(125.411818401537,-73.3676551238414,6.));
#10328=CARTESIAN_POINT('Ctrl Pts',(125.368053454156,-73.4886305502826,6.));
#10329=CARTESIAN_POINT('',(125.368053454156,-73.4886305502826,7.));
#10330=CARTESIAN_POINT('Ctrl Pts',(125.368053454156,-73.4886305502826,7.));
#10331=CARTESIAN_POINT('Ctrl Pts',(125.411818401537,-73.3676551238414,7.));
#10332=CARTESIAN_POINT('Ctrl Pts',(125.501280617799,-73.1203629320216,7.));
#10333=CARTESIAN_POINT('Ctrl Pts',(125.512427458206,-72.8575349268734,7.));
#10334=CARTESIAN_POINT('Ctrl Pts',(125.5181212604,-72.7232824734622,7.));
#10335=CARTESIAN_POINT('',(125.368053454156,-73.4886305502826,6.));
#10336=CARTESIAN_POINT('Ctrl Pts',(124.932856100793,-74.0302400759631,6.));
#10337=CARTESIAN_POINT('Ctrl Pts',(124.932856100793,-74.0302400759631,7.));
#10338=CARTESIAN_POINT('Ctrl Pts',(125.02292662627,-73.9583642883472,6.));
#10339=CARTESIAN_POINT('Ctrl Pts',(125.02292662627,-73.9583642883472,7.));
#10340=CARTESIAN_POINT('Ctrl Pts',(125.20826605592,-73.810464435296,6.));
#10341=CARTESIAN_POINT('Ctrl Pts',(125.20826605592,-73.810464435296,7.));
#10342=CARTESIAN_POINT('Ctrl Pts',(125.313804280145,-73.5978958779837,6.));
#10343=CARTESIAN_POINT('Ctrl Pts',(125.313804280145,-73.5978958779837,7.));
#10344=CARTESIAN_POINT('Ctrl Pts',(125.368053454156,-73.4886305502826,6.));
#10345=CARTESIAN_POINT('Ctrl Pts',(125.368053454156,-73.4886305502826,7.));
#10346=CARTESIAN_POINT('',(124.932856100793,-74.0302400759631,6.));
#10347=CARTESIAN_POINT('Ctrl Pts',(125.368053454156,-73.4886305502826,6.));
#10348=CARTESIAN_POINT('Ctrl Pts',(125.313804280145,-73.5978958779837,6.));
#10349=CARTESIAN_POINT('Ctrl Pts',(125.20826605592,-73.810464435296,6.));
#10350=CARTESIAN_POINT('Ctrl Pts',(125.02292662627,-73.9583642883472,6.));
#10351=CARTESIAN_POINT('Ctrl Pts',(124.932856100793,-74.0302400759631,6.));
#10352=CARTESIAN_POINT('',(124.932856100793,-74.0302400759631,7.));
#10353=CARTESIAN_POINT('Ctrl Pts',(124.932856100793,-74.0302400759631,7.));
#10354=CARTESIAN_POINT('Ctrl Pts',(125.02292662627,-73.9583642883472,7.));
#10355=CARTESIAN_POINT('Ctrl Pts',(125.20826605592,-73.810464435296,7.));
#10356=CARTESIAN_POINT('Ctrl Pts',(125.313804280145,-73.5978958779837,7.));
#10357=CARTESIAN_POINT('Ctrl Pts',(125.368053454156,-73.4886305502826,7.));
#10358=CARTESIAN_POINT('',(124.932856100793,-74.0302400759631,6.));
#10359=CARTESIAN_POINT('Ctrl Pts',(124.263004797692,-74.2212360075885,6.));
#10360=CARTESIAN_POINT('Ctrl Pts',(124.263004797692,-74.2212360075885,7.));
#10361=CARTESIAN_POINT('Ctrl Pts',(124.385549482374,-74.2142930461834,6.));
#10362=CARTESIAN_POINT('Ctrl Pts',(124.385549482374,-74.2142930461834,7.));
#10363=CARTESIAN_POINT('Ctrl Pts',(124.623394860013,-74.2008175430914,6.));
#10364=CARTESIAN_POINT('Ctrl Pts',(124.623394860013,-74.2008175430914,7.));
#10365=CARTESIAN_POINT('Ctrl Pts',(124.83181831933,-74.0859328948852,6.));
#10366=CARTESIAN_POINT('Ctrl Pts',(124.83181831933,-74.0859328948852,7.));
#10367=CARTESIAN_POINT('Ctrl Pts',(124.932856100793,-74.0302400759631,6.));
#10368=CARTESIAN_POINT('Ctrl Pts',(124.932856100793,-74.0302400759631,7.));
#10369=CARTESIAN_POINT('',(124.263004797692,-74.2212360075885,6.));
#10370=CARTESIAN_POINT('Ctrl Pts',(124.932856100793,-74.0302400759631,6.));
#10371=CARTESIAN_POINT('Ctrl Pts',(124.83181831933,-74.0859328948852,6.));
#10372=CARTESIAN_POINT('Ctrl Pts',(124.623394860013,-74.2008175430914,6.));
#10373=CARTESIAN_POINT('Ctrl Pts',(124.385549482374,-74.2142930461834,6.));
#10374=CARTESIAN_POINT('Ctrl Pts',(124.263004797692,-74.2212360075885,6.));
#10375=CARTESIAN_POINT('',(124.263004797692,-74.2212360075885,7.));
#10376=CARTESIAN_POINT('Ctrl Pts',(124.263004797692,-74.2212360075885,7.));
#10377=CARTESIAN_POINT('Ctrl Pts',(124.385549482374,-74.2142930461834,7.));
#10378=CARTESIAN_POINT('Ctrl Pts',(124.623394860013,-74.2008175430914,7.));
#10379=CARTESIAN_POINT('Ctrl Pts',(124.83181831933,-74.0859328948852,7.));
#10380=CARTESIAN_POINT('Ctrl Pts',(124.932856100793,-74.0302400759631,7.));
#10381=CARTESIAN_POINT('',(124.263004797692,-74.2212360075885,6.));
#10382=CARTESIAN_POINT('Ctrl Pts',(123.417167204614,-73.8065021208698,6.));
#10383=CARTESIAN_POINT('Ctrl Pts',(123.417167204614,-73.8065021208698,7.));
#10384=CARTESIAN_POINT('Ctrl Pts',(123.534715907324,-73.9274623296531,6.));
#10385=CARTESIAN_POINT('Ctrl Pts',(123.534715907324,-73.9274623296531,7.));
#10386=CARTESIAN_POINT('Ctrl Pts',(123.767373343076,-74.1668719645926,6.));
#10387=CARTESIAN_POINT('Ctrl Pts',(123.767373343076,-74.1668719645926,7.));
#10388=CARTESIAN_POINT('Ctrl Pts',(124.098953449643,-74.2032418014989,6.));
#10389=CARTESIAN_POINT('Ctrl Pts',(124.098953449643,-74.2032418014989,7.));
#10390=CARTESIAN_POINT('Ctrl Pts',(124.263004797692,-74.2212360075885,6.));
#10391=CARTESIAN_POINT('Ctrl Pts',(124.263004797692,-74.2212360075885,7.));
#10392=CARTESIAN_POINT('',(123.417167204614,-73.8065021208698,6.));
#10393=CARTESIAN_POINT('Ctrl Pts',(124.263004797692,-74.2212360075885,6.));
#10394=CARTESIAN_POINT('Ctrl Pts',(124.098953449643,-74.2032418014989,6.));
#10395=CARTESIAN_POINT('Ctrl Pts',(123.767373343076,-74.1668719645926,6.));
#10396=CARTESIAN_POINT('Ctrl Pts',(123.534715907324,-73.9274623296531,6.));
#10397=CARTESIAN_POINT('Ctrl Pts',(123.417167204614,-73.8065021208698,6.));
#10398=CARTESIAN_POINT('',(123.417167204614,-73.8065021208698,7.));
#10399=CARTESIAN_POINT('Ctrl Pts',(123.417167204614,-73.8065021208698,7.));
#10400=CARTESIAN_POINT('Ctrl Pts',(123.534715907324,-73.9274623296531,7.));
#10401=CARTESIAN_POINT('Ctrl Pts',(123.767373343076,-74.1668719645926,7.));
#10402=CARTESIAN_POINT('Ctrl Pts',(124.098953449643,-74.2032418014989,7.));
#10403=CARTESIAN_POINT('Ctrl Pts',(124.263004797692,-74.2212360075885,7.));
#10404=CARTESIAN_POINT('',(123.417167204614,-73.8065021208698,6.));
#10405=CARTESIAN_POINT('Origin',(123.417167204614,-74.1557519606525,6.));
#10406=CARTESIAN_POINT('',(123.417167204614,-74.1557519606525,6.));
#10407=CARTESIAN_POINT('',(123.417167204614,-73.2069114915306,6.));
#10408=CARTESIAN_POINT('',(123.417167204614,-74.1557519606525,7.));
#10409=CARTESIAN_POINT('',(123.417167204614,-73.8065021208698,7.));
#10410=CARTESIAN_POINT('',(123.417167204614,-74.1557519606525,6.));
#10411=CARTESIAN_POINT('Origin',(122.964233893151,-74.1557519606525,6.));
#10412=CARTESIAN_POINT('',(122.964233893151,-74.1557519606525,6.));
#10413=CARTESIAN_POINT('',(114.414975906925,-74.1557519606525,6.));
#10414=CARTESIAN_POINT('',(122.964233893151,-74.1557519606525,7.));
#10415=CARTESIAN_POINT('',(123.417167204614,-74.1557519606525,7.));
#10416=CARTESIAN_POINT('',(122.964233893151,-74.1557519606525,6.));
#10417=CARTESIAN_POINT('Origin',(122.964233893151,-71.6509770325595,6.));
#10418=CARTESIAN_POINT('',(122.964233893151,-71.6509770325595,6.));
#10419=CARTESIAN_POINT('',(122.964233893151,-71.9545240274841,6.));
#10420=CARTESIAN_POINT('',(122.964233893151,-71.6509770325595,7.));
#10421=CARTESIAN_POINT('',(122.964233893151,-74.1557519606525,7.));
#10422=CARTESIAN_POINT('',(122.964233893151,-71.6509770325595,6.));
#10423=CARTESIAN_POINT('Ctrl Pts',(123.102023142572,-70.691904323476,6.));
#10424=CARTESIAN_POINT('Ctrl Pts',(123.102023142572,-70.691904323476,7.));
#10425=CARTESIAN_POINT('Ctrl Pts',(123.062180455879,-70.8180111434251,6.));
#10426=CARTESIAN_POINT('Ctrl Pts',(123.062180455879,-70.8180111434251,7.));
#10427=CARTESIAN_POINT('Ctrl Pts',(122.963883478876,-71.1291327120063,6.));
#10428=CARTESIAN_POINT('Ctrl Pts',(122.963883478876,-71.1291327120063,7.));
#10429=CARTESIAN_POINT('Ctrl Pts',(122.964103219772,-71.4563754836656,6.));
#10430=CARTESIAN_POINT('Ctrl Pts',(122.964103219772,-71.4563754836656,7.));
#10431=CARTESIAN_POINT('Ctrl Pts',(122.964233893151,-71.6509770325595,6.));
#10432=CARTESIAN_POINT('Ctrl Pts',(122.964233893151,-71.6509770325595,7.));
#10433=CARTESIAN_POINT('',(123.102023142572,-70.691904323476,6.));
#10434=CARTESIAN_POINT('Ctrl Pts',(122.964233893151,-71.6509770325595,6.));
#10435=CARTESIAN_POINT('Ctrl Pts',(122.964103219772,-71.4563754836656,6.));
#10436=CARTESIAN_POINT('Ctrl Pts',(122.963883478876,-71.1291327120063,6.));
#10437=CARTESIAN_POINT('Ctrl Pts',(123.062180455879,-70.8180111434251,6.));
#10438=CARTESIAN_POINT('Ctrl Pts',(123.102023142572,-70.691904323476,6.));
#10439=CARTESIAN_POINT('',(123.102023142572,-70.691904323476,7.));
#10440=CARTESIAN_POINT('Ctrl Pts',(123.102023142572,-70.691904323476,7.));
#10441=CARTESIAN_POINT('Ctrl Pts',(123.062180455879,-70.8180111434251,7.));
#10442=CARTESIAN_POINT('Ctrl Pts',(122.963883478876,-71.1291327120063,7.));
#10443=CARTESIAN_POINT('Ctrl Pts',(122.964103219772,-71.4563754836656,7.));
#10444=CARTESIAN_POINT('Ctrl Pts',(122.964233893151,-71.6509770325595,7.));
#10445=CARTESIAN_POINT('',(123.102023142572,-70.691904323476,6.));
#10446=CARTESIAN_POINT('Ctrl Pts',(123.538584250207,-70.2457927636081,6.));
#10447=CARTESIAN_POINT('Ctrl Pts',(123.538584250207,-70.2457927636081,7.));
#10448=CARTESIAN_POINT('Ctrl Pts',(123.446227708486,-70.3042467095602,6.));
#10449=CARTESIAN_POINT('Ctrl Pts',(123.446227708486,-70.3042467095602,7.));
#10450=CARTESIAN_POINT('Ctrl Pts',(123.265436860983,-70.4186721550314,6.));
#10451=CARTESIAN_POINT('Ctrl Pts',(123.265436860983,-70.4186721550314,7.));
#10452=CARTESIAN_POINT('Ctrl Pts',(123.155700811863,-70.6021538048526,6.));
#10453=CARTESIAN_POINT('Ctrl Pts',(123.155700811863,-70.6021538048526,7.));
#10454=CARTESIAN_POINT('Ctrl Pts',(123.102023142572,-70.691904323476,6.));
#10455=CARTESIAN_POINT('Ctrl Pts',(123.102023142572,-70.691904323476,7.));
#10456=CARTESIAN_POINT('',(123.538584250207,-70.2457927636081,6.));
#10457=CARTESIAN_POINT('Ctrl Pts',(123.102023142572,-70.691904323476,6.));
#10458=CARTESIAN_POINT('Ctrl Pts',(123.155700811863,-70.6021538048526,6.));
#10459=CARTESIAN_POINT('Ctrl Pts',(123.265436860983,-70.4186721550314,6.));
#10460=CARTESIAN_POINT('Ctrl Pts',(123.446227708486,-70.3042467095602,6.));
#10461=CARTESIAN_POINT('Ctrl Pts',(123.538584250207,-70.2457927636081,6.));
#10462=CARTESIAN_POINT('',(123.538584250207,-70.2457927636081,7.));
#10463=CARTESIAN_POINT('Ctrl Pts',(123.538584250207,-70.2457927636081,7.));
#10464=CARTESIAN_POINT('Ctrl Pts',(123.446227708486,-70.3042467095602,7.));
#10465=CARTESIAN_POINT('Ctrl Pts',(123.265436860983,-70.4186721550314,7.));
#10466=CARTESIAN_POINT('Ctrl Pts',(123.155700811863,-70.6021538048526,7.));
#10467=CARTESIAN_POINT('Ctrl Pts',(123.102023142572,-70.691904323476,7.));
#10468=CARTESIAN_POINT('',(123.538584250207,-70.2457927636081,6.));
#10469=CARTESIAN_POINT('Ctrl Pts',(124.273919600244,-70.0820820502216,6.));
#10470=CARTESIAN_POINT('Ctrl Pts',(124.273919600244,-70.0820820502216,7.));
#10471=CARTESIAN_POINT('Ctrl Pts',(124.137853402593,-70.0869573646414,6.));
#10472=CARTESIAN_POINT('Ctrl Pts',(124.137853402593,-70.0869573646414,7.));
#10473=CARTESIAN_POINT('Ctrl Pts',(123.882241172609,-70.0961160683625,6.));
#10474=CARTESIAN_POINT('Ctrl Pts',(123.882241172609,-70.0961160683625,7.));
#10475=CARTESIAN_POINT('Ctrl Pts',(123.648092225064,-70.1980975457583,6.));
#10476=CARTESIAN_POINT('Ctrl Pts',(123.648092225064,-70.1980975457583,7.));
#10477=CARTESIAN_POINT('Ctrl Pts',(123.538584250207,-70.2457927636081,6.));
#10478=CARTESIAN_POINT('Ctrl Pts',(123.538584250207,-70.2457927636081,7.));
#10479=CARTESIAN_POINT('',(124.273919600244,-70.0820820502216,6.));
#10480=CARTESIAN_POINT('Ctrl Pts',(123.538584250207,-70.2457927636081,6.));
#10481=CARTESIAN_POINT('Ctrl Pts',(123.648092225064,-70.1980975457583,6.));
#10482=CARTESIAN_POINT('Ctrl Pts',(123.882241172609,-70.0961160683625,6.));
#10483=CARTESIAN_POINT('Ctrl Pts',(124.137853402593,-70.0869573646414,6.));
#10484=CARTESIAN_POINT('Ctrl Pts',(124.273919600244,-70.0820820502216,6.));
#10485=CARTESIAN_POINT('',(124.273919600244,-70.0820820502216,7.));
#10486=CARTESIAN_POINT('Ctrl Pts',(124.273919600244,-70.0820820502216,7.));
#10487=CARTESIAN_POINT('Ctrl Pts',(124.137853402593,-70.0869573646414,7.));
#10488=CARTESIAN_POINT('Ctrl Pts',(123.882241172609,-70.0961160683625,7.));
#10489=CARTESIAN_POINT('Ctrl Pts',(123.648092225064,-70.1980975457583,7.));
#10490=CARTESIAN_POINT('Ctrl Pts',(123.538584250207,-70.2457927636081,7.));
#10491=CARTESIAN_POINT('',(124.273919600244,-70.0820820502216,6.));
#10492=CARTESIAN_POINT('Ctrl Pts',(125.111572283502,-70.3153698615009,6.));
#10493=CARTESIAN_POINT('Ctrl Pts',(125.111572283502,-70.3153698615009,7.));
#10494=CARTESIAN_POINT('Ctrl Pts',(124.991364504603,-70.2474228204346,6.));
#10495=CARTESIAN_POINT('Ctrl Pts',(124.991364504603,-70.2474228204346,7.));
#10496=CARTESIAN_POINT('Ctrl Pts',(124.732160768538,-70.1009087839857,6.));
#10497=CARTESIAN_POINT('Ctrl Pts',(124.732160768538,-70.1009087839857,7.));
#10498=CARTESIAN_POINT('Ctrl Pts',(124.433873690824,-70.088653727509,6.));
#10499=CARTESIAN_POINT('Ctrl Pts',(124.433873690824,-70.088653727509,7.));
#10500=CARTESIAN_POINT('Ctrl Pts',(124.273919600244,-70.0820820502216,6.));
#10501=CARTESIAN_POINT('Ctrl Pts',(124.273919600244,-70.0820820502216,7.));
#10502=CARTESIAN_POINT('',(125.111572283502,-70.3153698615009,6.));
#10503=CARTESIAN_POINT('Ctrl Pts',(124.273919600244,-70.0820820502216,6.));
#10504=CARTESIAN_POINT('Ctrl Pts',(124.433873690824,-70.088653727509,6.));
#10505=CARTESIAN_POINT('Ctrl Pts',(124.732160768538,-70.1009087839857,6.));
#10506=CARTESIAN_POINT('Ctrl Pts',(124.991364504603,-70.2474228204346,6.));
#10507=CARTESIAN_POINT('Ctrl Pts',(125.111572283502,-70.3153698615009,6.));
#10508=CARTESIAN_POINT('',(125.111572283502,-70.3153698615009,7.));
#10509=CARTESIAN_POINT('Ctrl Pts',(125.111572283502,-70.3153698615009,7.));
#10510=CARTESIAN_POINT('Ctrl Pts',(124.991364504603,-70.2474228204346,7.));
#10511=CARTESIAN_POINT('Ctrl Pts',(124.732160768538,-70.1009087839857,7.));
#10512=CARTESIAN_POINT('Ctrl Pts',(124.433873690824,-70.088653727509,7.));
#10513=CARTESIAN_POINT('Ctrl Pts',(124.273919600244,-70.0820820502216,7.));
#10514=CARTESIAN_POINT('',(125.111572283502,-70.3153698615009,6.));
#10515=CARTESIAN_POINT('Ctrl Pts',(125.419895189996,-71.0179619959766,6.));
#10516=CARTESIAN_POINT('Ctrl Pts',(125.419895189996,-71.0179619959766,7.));
#10517=CARTESIAN_POINT('Ctrl Pts',(125.412704395327,-70.8736090866795,6.));
#10518=CARTESIAN_POINT('Ctrl Pts',(125.412704395327,-70.8736090866795,7.));
#10519=CARTESIAN_POINT('Ctrl Pts',(125.39902015514,-70.5989023298517,6.));
#10520=CARTESIAN_POINT('Ctrl Pts',(125.39902015514,-70.5989023298517,7.));
#10521=CARTESIAN_POINT('Ctrl Pts',(125.204076801664,-70.4066143512185,6.));
#10522=CARTESIAN_POINT('Ctrl Pts',(125.204076801664,-70.4066143512185,7.));
#10523=CARTESIAN_POINT('Ctrl Pts',(125.111572283502,-70.3153698615009,6.));
#10524=CARTESIAN_POINT('Ctrl Pts',(125.111572283502,-70.3153698615009,7.));
#10525=CARTESIAN_POINT('Ctrl Pts',(125.111572283502,-70.3153698615009,6.));
#10526=CARTESIAN_POINT('Ctrl Pts',(125.204076801664,-70.4066143512185,6.));
#10527=CARTESIAN_POINT('Ctrl Pts',(125.39902015514,-70.5989023298517,6.));
#10528=CARTESIAN_POINT('Ctrl Pts',(125.412704395327,-70.8736090866795,6.));
#10529=CARTESIAN_POINT('Ctrl Pts',(125.419895189996,-71.0179619959766,6.));
#10530=CARTESIAN_POINT('Ctrl Pts',(125.419895189996,-71.0179619959766,7.));
#10531=CARTESIAN_POINT('Ctrl Pts',(125.412704395327,-70.8736090866795,7.));
#10532=CARTESIAN_POINT('Ctrl Pts',(125.39902015514,-70.5989023298517,7.));
#10533=CARTESIAN_POINT('Ctrl Pts',(125.204076801664,-70.4066143512185,7.));
#10534=CARTESIAN_POINT('Ctrl Pts',(125.111572283502,-70.3153698615009,7.));
#10535=CARTESIAN_POINT('Origin',(141.12657910883,-72.6700765363151,7.));
#10536=CARTESIAN_POINT('Origin',(105.865717920699,-72.2580710224086,6.));
#10537=CARTESIAN_POINT('Ctrl Pts',(127.38988115191,-72.5268294385845,6.));
#10538=CARTESIAN_POINT('Ctrl Pts',(127.38988115191,-72.5268294385845,7.));
#10539=CARTESIAN_POINT('Ctrl Pts',(127.232678200827,-72.5499395548376,6.));
#10540=CARTESIAN_POINT('Ctrl Pts',(127.232678200827,-72.5499395548376,7.));
#10541=CARTESIAN_POINT('Ctrl Pts',(126.960047406134,-72.5900185057488,6.));
#10542=CARTESIAN_POINT('Ctrl Pts',(126.960047406134,-72.5900185057488,7.));
#10543=CARTESIAN_POINT('Ctrl Pts',(126.698453140999,-72.6759753930239,6.));
#10544=CARTESIAN_POINT('Ctrl Pts',(126.698453140999,-72.6759753930239,7.));
#10545=CARTESIAN_POINT('Ctrl Pts',(126.587698000665,-72.7123682669574,6.));
#10546=CARTESIAN_POINT('Ctrl Pts',(126.587698000665,-72.7123682669574,7.));
#10547=CARTESIAN_POINT('',(126.587698000665,-72.7123682669574,6.));
#10548=CARTESIAN_POINT('',(127.38988115191,-72.5268294385845,6.));
#10549=CARTESIAN_POINT('Ctrl Pts',(126.587698000665,-72.7123682669574,6.));
#10550=CARTESIAN_POINT('Ctrl Pts',(126.698453140999,-72.6759753930239,6.));
#10551=CARTESIAN_POINT('Ctrl Pts',(126.960047406134,-72.5900185057488,6.));
#10552=CARTESIAN_POINT('Ctrl Pts',(127.232678200827,-72.5499395548376,6.));
#10553=CARTESIAN_POINT('Ctrl Pts',(127.38988115191,-72.5268294385845,6.));
#10554=CARTESIAN_POINT('',(126.587698000665,-72.7123682669574,7.));
#10555=CARTESIAN_POINT('',(126.587698000665,-72.7123682669574,6.));
#10556=CARTESIAN_POINT('',(127.38988115191,-72.5268294385845,7.));
#10557=CARTESIAN_POINT('Ctrl Pts',(127.38988115191,-72.5268294385845,7.));
#10558=CARTESIAN_POINT('Ctrl Pts',(127.232678200827,-72.5499395548376,7.));
#10559=CARTESIAN_POINT('Ctrl Pts',(126.960047406134,-72.5900185057488,7.));
#10560=CARTESIAN_POINT('Ctrl Pts',(126.698453140999,-72.6759753930239,7.));
#10561=CARTESIAN_POINT('Ctrl Pts',(126.587698000665,-72.7123682669574,7.));
#10562=CARTESIAN_POINT('',(127.38988115191,-72.5268294385845,6.));
#10563=CARTESIAN_POINT('Ctrl Pts',(127.818257349725,-72.4286030701572,6.));
#10564=CARTESIAN_POINT('Ctrl Pts',(127.818257349725,-72.4286030701572,7.));
#10565=CARTESIAN_POINT('Ctrl Pts',(127.761972490979,-72.4472605257946,6.));
#10566=CARTESIAN_POINT('Ctrl Pts',(127.761972490979,-72.4472605257946,7.));
#10567=CARTESIAN_POINT('Ctrl Pts',(127.622441927701,-72.4935124903982,6.));
#10568=CARTESIAN_POINT('Ctrl Pts',(127.622441927701,-72.4935124903982,7.));
#10569=CARTESIAN_POINT('Ctrl Pts',(127.476783072916,-72.5143797604752,6.));
#10570=CARTESIAN_POINT('Ctrl Pts',(127.476783072916,-72.5143797604752,7.));
#10571=CARTESIAN_POINT('Ctrl Pts',(127.38988115191,-72.5268294385845,6.));
#10572=CARTESIAN_POINT('Ctrl Pts',(127.38988115191,-72.5268294385845,7.));
#10573=CARTESIAN_POINT('',(127.818257349725,-72.4286030701572,6.));
#10574=CARTESIAN_POINT('Ctrl Pts',(127.38988115191,-72.5268294385845,6.));
#10575=CARTESIAN_POINT('Ctrl Pts',(127.476783072916,-72.5143797604752,6.));
#10576=CARTESIAN_POINT('Ctrl Pts',(127.622441927701,-72.4935124903982,6.));
#10577=CARTESIAN_POINT('Ctrl Pts',(127.761972490979,-72.4472605257946,6.));
#10578=CARTESIAN_POINT('Ctrl Pts',(127.818257349725,-72.4286030701572,6.));
#10579=CARTESIAN_POINT('',(127.818257349725,-72.4286030701572,7.));
#10580=CARTESIAN_POINT('Ctrl Pts',(127.818257349725,-72.4286030701572,7.));
#10581=CARTESIAN_POINT('Ctrl Pts',(127.761972490979,-72.4472605257946,7.));
#10582=CARTESIAN_POINT('Ctrl Pts',(127.622441927701,-72.4935124903982,7.));
#10583=CARTESIAN_POINT('Ctrl Pts',(127.476783072916,-72.5143797604752,7.));
#10584=CARTESIAN_POINT('Ctrl Pts',(127.38988115191,-72.5268294385845,7.));
#10585=CARTESIAN_POINT('',(127.818257349725,-72.4286030701572,6.));
#10586=CARTESIAN_POINT('Ctrl Pts',(128.011981981988,-72.2689848116809,6.));
#10587=CARTESIAN_POINT('Ctrl Pts',(128.011981981988,-72.2689848116809,7.));
#10588=CARTESIAN_POINT('Ctrl Pts',(127.986382870628,-72.3021000200619,6.));
#10589=CARTESIAN_POINT('Ctrl Pts',(127.986382870628,-72.3021000200619,7.));
#10590=CARTESIAN_POINT('Ctrl Pts',(127.93394644582,-72.3699321846196,6.));
#10591=CARTESIAN_POINT('Ctrl Pts',(127.93394644582,-72.3699321846196,7.));
#10592=CARTESIAN_POINT('Ctrl Pts',(127.857422710193,-72.4087406418158,6.));
#10593=CARTESIAN_POINT('Ctrl Pts',(127.857422710193,-72.4087406418158,7.));
#10594=CARTESIAN_POINT('Ctrl Pts',(127.818257349725,-72.4286030701572,6.));
#10595=CARTESIAN_POINT('Ctrl Pts',(127.818257349725,-72.4286030701572,7.));
#10596=CARTESIAN_POINT('',(128.011981981988,-72.2689848116809,6.));
#10597=CARTESIAN_POINT('Ctrl Pts',(127.818257349725,-72.4286030701572,6.));
#10598=CARTESIAN_POINT('Ctrl Pts',(127.857422710193,-72.4087406418158,6.));
#10599=CARTESIAN_POINT('Ctrl Pts',(127.93394644582,-72.3699321846196,6.));
#10600=CARTESIAN_POINT('Ctrl Pts',(127.986382870628,-72.3021000200619,6.));
#10601=CARTESIAN_POINT('Ctrl Pts',(128.011981981988,-72.2689848116809,6.));
#10602=CARTESIAN_POINT('',(128.011981981988,-72.2689848116809,7.));
#10603=CARTESIAN_POINT('Ctrl Pts',(128.011981981988,-72.2689848116809,7.));
#10604=CARTESIAN_POINT('Ctrl Pts',(127.986382870628,-72.3021000200619,7.));
#10605=CARTESIAN_POINT('Ctrl Pts',(127.93394644582,-72.3699321846196,7.));
#10606=CARTESIAN_POINT('Ctrl Pts',(127.857422710193,-72.4087406418158,7.));
#10607=CARTESIAN_POINT('Ctrl Pts',(127.818257349725,-72.4286030701572,7.));
#10608=CARTESIAN_POINT('',(128.011981981988,-72.2689848116809,6.));
#10609=CARTESIAN_POINT('Ctrl Pts',(128.080193537469,-72.0356970004016,6.));
#10610=CARTESIAN_POINT('Ctrl Pts',(128.080193537469,-72.0356970004016,7.));
#10611=CARTESIAN_POINT('Ctrl Pts',(128.077422859937,-72.0773660600668,6.));
#10612=CARTESIAN_POINT('Ctrl Pts',(128.077422859937,-72.0773660600668,7.));
#10613=CARTESIAN_POINT('Ctrl Pts',(128.07191608628,-72.1601840991247,6.));
#10614=CARTESIAN_POINT('Ctrl Pts',(128.07191608628,-72.1601840991247,7.));
#10615=CARTESIAN_POINT('Ctrl Pts',(128.031876202671,-72.2328700584599,6.));
#10616=CARTESIAN_POINT('Ctrl Pts',(128.031876202671,-72.2328700584599,7.));
#10617=CARTESIAN_POINT('Ctrl Pts',(128.011981981988,-72.2689848116809,6.));
#10618=CARTESIAN_POINT('Ctrl Pts',(128.011981981988,-72.2689848116809,7.));
#10619=CARTESIAN_POINT('',(128.080193537469,-72.0356970004016,6.));
#10620=CARTESIAN_POINT('Ctrl Pts',(128.011981981988,-72.2689848116809,6.));
#10621=CARTESIAN_POINT('Ctrl Pts',(128.031876202671,-72.2328700584599,6.));
#10622=CARTESIAN_POINT('Ctrl Pts',(128.07191608628,-72.1601840991247,6.));
#10623=CARTESIAN_POINT('Ctrl Pts',(128.077422859937,-72.0773660600668,6.));
#10624=CARTESIAN_POINT('Ctrl Pts',(128.080193537469,-72.0356970004016,6.));
#10625=CARTESIAN_POINT('',(128.080193537469,-72.0356970004016,7.));
#10626=CARTESIAN_POINT('Ctrl Pts',(128.080193537469,-72.0356970004016,7.));
#10627=CARTESIAN_POINT('Ctrl Pts',(128.077422859937,-72.0773660600668,7.));
#10628=CARTESIAN_POINT('Ctrl Pts',(128.07191608628,-72.1601840991247,7.));
#10629=CARTESIAN_POINT('Ctrl Pts',(128.031876202671,-72.2328700584599,7.));
#10630=CARTESIAN_POINT('Ctrl Pts',(128.011981981988,-72.2689848116809,7.));
#10631=CARTESIAN_POINT('',(128.080193537469,-72.0356970004016,6.));
#10632=CARTESIAN_POINT('Ctrl Pts',(127.931489485498,-71.7082755736286,6.));
#10633=CARTESIAN_POINT('Ctrl Pts',(127.931489485498,-71.7082755736286,7.));
#10634=CARTESIAN_POINT('Ctrl Pts',(127.974861126299,-71.7545790373393,6.));
#10635=CARTESIAN_POINT('Ctrl Pts',(127.974861126299,-71.7545790373393,7.));
#10636=CARTESIAN_POINT('Ctrl Pts',(128.06139060663,-71.8469577110165,6.));
#10637=CARTESIAN_POINT('Ctrl Pts',(128.06139060663,-71.8469577110165,7.));
#10638=CARTESIAN_POINT('Ctrl Pts',(128.073936226633,-71.9728876218671,6.));
#10639=CARTESIAN_POINT('Ctrl Pts',(128.073936226633,-71.9728876218671,7.));
#10640=CARTESIAN_POINT('Ctrl Pts',(128.080193537469,-72.0356970004016,6.));
#10641=CARTESIAN_POINT('Ctrl Pts',(128.080193537469,-72.0356970004016,7.));
#10642=CARTESIAN_POINT('',(127.931489485498,-71.7082755736286,6.));
#10643=CARTESIAN_POINT('Ctrl Pts',(128.080193537469,-72.0356970004016,6.));
#10644=CARTESIAN_POINT('Ctrl Pts',(128.073936226633,-71.9728876218671,6.));
#10645=CARTESIAN_POINT('Ctrl Pts',(128.06139060663,-71.8469577110165,6.));
#10646=CARTESIAN_POINT('Ctrl Pts',(127.974861126299,-71.7545790373393,6.));
#10647=CARTESIAN_POINT('Ctrl Pts',(127.931489485498,-71.7082755736286,6.));
#10648=CARTESIAN_POINT('',(127.931489485498,-71.7082755736286,7.));
#10649=CARTESIAN_POINT('Ctrl Pts',(127.931489485498,-71.7082755736286,7.));
#10650=CARTESIAN_POINT('Ctrl Pts',(127.974861126299,-71.7545790373393,7.));
#10651=CARTESIAN_POINT('Ctrl Pts',(128.06139060663,-71.8469577110165,7.));
#10652=CARTESIAN_POINT('Ctrl Pts',(128.073936226633,-71.9728876218671,7.));
#10653=CARTESIAN_POINT('Ctrl Pts',(128.080193537469,-72.0356970004016,7.));
#10654=CARTESIAN_POINT('',(127.931489485498,-71.7082755736286,6.));
#10655=CARTESIAN_POINT('Ctrl Pts',(127.496292132135,-71.57730688371,6.));
#10656=CARTESIAN_POINT('Ctrl Pts',(127.496292132135,-71.57730688371,7.));
#10657=CARTESIAN_POINT('Ctrl Pts',(127.582880693426,-71.5802084913203,6.));
#10658=CARTESIAN_POINT('Ctrl Pts',(127.582880693426,-71.5802084913203,7.));
#10659=CARTESIAN_POINT('Ctrl Pts',(127.74027214064,-71.5854827240158,6.));
#10660=CARTESIAN_POINT('Ctrl Pts',(127.74027214064,-71.5854827240158,7.));
#10661=CARTESIAN_POINT('Ctrl Pts',(127.87215961666,-71.6701760818324,6.));
#10662=CARTESIAN_POINT('Ctrl Pts',(127.87215961666,-71.6701760818324,7.));
#10663=CARTESIAN_POINT('Ctrl Pts',(127.931489485498,-71.7082755736286,6.));
#10664=CARTESIAN_POINT('Ctrl Pts',(127.931489485498,-71.7082755736286,7.));
#10665=CARTESIAN_POINT('',(127.496292132135,-71.57730688371,6.));
#10666=CARTESIAN_POINT('Ctrl Pts',(127.931489485498,-71.7082755736286,6.));
#10667=CARTESIAN_POINT('Ctrl Pts',(127.87215961666,-71.6701760818324,6.));
#10668=CARTESIAN_POINT('Ctrl Pts',(127.74027214064,-71.5854827240158,6.));
#10669=CARTESIAN_POINT('Ctrl Pts',(127.582880693426,-71.5802084913203,6.));
#10670=CARTESIAN_POINT('Ctrl Pts',(127.496292132135,-71.57730688371,6.));
#10671=CARTESIAN_POINT('',(127.496292132135,-71.57730688371,7.));
#10672=CARTESIAN_POINT('Ctrl Pts',(127.496292132135,-71.57730688371,7.));
#10673=CARTESIAN_POINT('Ctrl Pts',(127.582880693426,-71.5802084913203,7.));
#10674=CARTESIAN_POINT('Ctrl Pts',(127.74027214064,-71.5854827240158,7.));
#10675=CARTESIAN_POINT('Ctrl Pts',(127.87215961666,-71.6701760818324,7.));
#10676=CARTESIAN_POINT('Ctrl Pts',(127.931489485498,-71.7082755736286,7.));
#10677=CARTESIAN_POINT('',(127.496292132135,-71.57730688371,6.));
#10678=CARTESIAN_POINT('Ctrl Pts',(126.991517084832,-71.7014544180805,6.));
#10679=CARTESIAN_POINT('Ctrl Pts',(126.991517084832,-71.7014544180805,7.));
#10680=CARTESIAN_POINT('Ctrl Pts',(127.069124915184,-71.6652535966092,6.));
#10681=CARTESIAN_POINT('Ctrl Pts',(127.069124915184,-71.6652535966092,7.));
#10682=CARTESIAN_POINT('Ctrl Pts',(127.229074860661,-71.5906436069427,6.));
#10683=CARTESIAN_POINT('Ctrl Pts',(127.229074860661,-71.5906436069427,7.));
#10684=CARTESIAN_POINT('Ctrl Pts',(127.405479270679,-71.5818393227718,6.));
#10685=CARTESIAN_POINT('Ctrl Pts',(127.405479270679,-71.5818393227718,7.));
#10686=CARTESIAN_POINT('Ctrl Pts',(127.496292132135,-71.57730688371,6.));
#10687=CARTESIAN_POINT('Ctrl Pts',(127.496292132135,-71.57730688371,7.));
#10688=CARTESIAN_POINT('',(126.991517084832,-71.7014544180805,6.));
#10689=CARTESIAN_POINT('Ctrl Pts',(127.496292132135,-71.57730688371,6.));
#10690=CARTESIAN_POINT('Ctrl Pts',(127.405479270679,-71.5818393227718,6.));
#10691=CARTESIAN_POINT('Ctrl Pts',(127.229074860661,-71.5906436069427,6.));
#10692=CARTESIAN_POINT('Ctrl Pts',(127.069124915184,-71.6652535966092,6.));
#10693=CARTESIAN_POINT('Ctrl Pts',(126.991517084832,-71.7014544180805,6.));
#10694=CARTESIAN_POINT('',(126.991517084832,-71.7014544180805,7.));
#10695=CARTESIAN_POINT('Ctrl Pts',(126.991517084832,-71.7014544180805,7.));
#10696=CARTESIAN_POINT('Ctrl Pts',(127.069124915184,-71.6652535966092,7.));
#10697=CARTESIAN_POINT('Ctrl Pts',(127.229074860661,-71.5906436069427,7.));
#10698=CARTESIAN_POINT('Ctrl Pts',(127.405479270679,-71.5818393227718,7.));
#10699=CARTESIAN_POINT('Ctrl Pts',(127.496292132135,-71.57730688371,7.));
#10700=CARTESIAN_POINT('',(126.991517084832,-71.7014544180805,6.));
#10701=CARTESIAN_POINT('Ctrl Pts',(126.666824358697,-72.041154103654,6.));
#10702=CARTESIAN_POINT('Ctrl Pts',(126.666824358697,-72.041154103654,7.));
#10703=CARTESIAN_POINT('Ctrl Pts',(126.706832669846,-71.9728016356937,6.));
#10704=CARTESIAN_POINT('Ctrl Pts',(126.706832669846,-71.9728016356937,7.));
#10705=CARTESIAN_POINT('Ctrl Pts',(126.788114198762,-71.8339356615659,6.));
#10706=CARTESIAN_POINT('Ctrl Pts',(126.788114198762,-71.8339356615659,7.));
#10707=CARTESIAN_POINT('Ctrl Pts',(126.923016338526,-71.7460706190874,6.));
#10708=CARTESIAN_POINT('Ctrl Pts',(126.923016338526,-71.7460706190874,7.));
#10709=CARTESIAN_POINT('Ctrl Pts',(126.991517084832,-71.7014544180805,6.));
#10710=CARTESIAN_POINT('Ctrl Pts',(126.991517084832,-71.7014544180805,7.));
#10711=CARTESIAN_POINT('',(126.666824358697,-72.041154103654,6.));
#10712=CARTESIAN_POINT('Ctrl Pts',(126.991517084832,-71.7014544180805,6.));
#10713=CARTESIAN_POINT('Ctrl Pts',(126.923016338526,-71.7460706190874,6.));
#10714=CARTESIAN_POINT('Ctrl Pts',(126.788114198762,-71.8339356615659,6.));
#10715=CARTESIAN_POINT('Ctrl Pts',(126.706832669846,-71.9728016356937,6.));
#10716=CARTESIAN_POINT('Ctrl Pts',(126.666824358697,-72.041154103654,6.));
#10717=CARTESIAN_POINT('',(126.666824358697,-72.041154103654,7.));
#10718=CARTESIAN_POINT('Ctrl Pts',(126.666824358697,-72.041154103654,7.));
#10719=CARTESIAN_POINT('Ctrl Pts',(126.706832669846,-71.9728016356937,7.));
#10720=CARTESIAN_POINT('Ctrl Pts',(126.788114198762,-71.8339356615659,7.));
#10721=CARTESIAN_POINT('Ctrl Pts',(126.923016338526,-71.7460706190874,7.));
#10722=CARTESIAN_POINT('Ctrl Pts',(126.991517084832,-71.7014544180805,7.));
#10723=CARTESIAN_POINT('',(126.666824358697,-72.041154103654,6.));
#10724=CARTESIAN_POINT('Ctrl Pts',(126.587698000665,-72.5322865418369,6.));
#10725=CARTESIAN_POINT('Ctrl Pts',(126.587698000665,-72.5322865418369,7.));
#10726=CARTESIAN_POINT('Ctrl Pts',(126.588640877313,-72.4362449460152,6.));
#10727=CARTESIAN_POINT('Ctrl Pts',(126.588640877313,-72.4362449460152,7.));
#10728=CARTESIAN_POINT('Ctrl Pts',(126.590290975097,-72.2681656700542,6.));
#10729=CARTESIAN_POINT('Ctrl Pts',(126.590290975097,-72.2681656700542,7.));
#10730=CARTESIAN_POINT('Ctrl Pts',(126.643863517042,-72.1092600253426,6.));
#10731=CARTESIAN_POINT('Ctrl Pts',(126.643863517042,-72.1092600253426,7.));
#10732=CARTESIAN_POINT('Ctrl Pts',(126.666824358697,-72.041154103654,6.));
#10733=CARTESIAN_POINT('Ctrl Pts',(126.666824358697,-72.041154103654,7.));
#10734=CARTESIAN_POINT('',(126.587698000665,-72.5322865418369,6.));
#10735=CARTESIAN_POINT('Ctrl Pts',(126.666824358697,-72.041154103654,6.));
#10736=CARTESIAN_POINT('Ctrl Pts',(126.643863517042,-72.1092600253426,6.));
#10737=CARTESIAN_POINT('Ctrl Pts',(126.590290975097,-72.2681656700542,6.));
#10738=CARTESIAN_POINT('Ctrl Pts',(126.588640877313,-72.4362449460152,6.));
#10739=CARTESIAN_POINT('Ctrl Pts',(126.587698000665,-72.5322865418369,6.));
#10740=CARTESIAN_POINT('',(126.587698000665,-72.5322865418369,7.));
#10741=CARTESIAN_POINT('Ctrl Pts',(126.587698000665,-72.5322865418369,7.));
#10742=CARTESIAN_POINT('Ctrl Pts',(126.588640877313,-72.4362449460152,7.));
#10743=CARTESIAN_POINT('Ctrl Pts',(126.590290975097,-72.2681656700542,7.));
#10744=CARTESIAN_POINT('Ctrl Pts',(126.643863517042,-72.1092600253426,7.));
#10745=CARTESIAN_POINT('Ctrl Pts',(126.666824358697,-72.041154103654,7.));
#10746=CARTESIAN_POINT('',(126.587698000665,-72.5322865418369,6.));
#10747=CARTESIAN_POINT('Origin',(126.587698000665,-72.7123682669574,6.));
#10748=CARTESIAN_POINT('',(126.587698000665,-72.485219644683,6.));
#10749=CARTESIAN_POINT('',(126.587698000665,-72.5322865418369,7.));
#10750=CARTESIAN_POINT('Ctrl Pts',(127.072007197137,-71.2880848816806,6.));
#10751=CARTESIAN_POINT('Ctrl Pts',(127.072007197137,-71.2880848816806,7.));
#10752=CARTESIAN_POINT('Ctrl Pts',(126.984188893774,-71.3280604271857,6.));
#10753=CARTESIAN_POINT('Ctrl Pts',(126.984188893774,-71.3280604271857,7.));
#10754=CARTESIAN_POINT('Ctrl Pts',(126.794964036364,-71.414196991073,6.));
#10755=CARTESIAN_POINT('Ctrl Pts',(126.794964036364,-71.414196991073,7.));
#10756=CARTESIAN_POINT('Ctrl Pts',(126.633368529262,-71.5452658479652,6.));
#10757=CARTESIAN_POINT('Ctrl Pts',(126.633368529262,-71.5452658479652,7.));
#10758=CARTESIAN_POINT('Ctrl Pts',(126.54676868319,-71.6155063084537,6.));
#10759=CARTESIAN_POINT('Ctrl Pts',(126.54676868319,-71.6155063084537,7.));
#10760=CARTESIAN_POINT('',(126.54676868319,-71.6155063084537,6.));
#10761=CARTESIAN_POINT('',(127.072007197137,-71.2880848816806,6.));
#10762=CARTESIAN_POINT('Ctrl Pts',(126.54676868319,-71.6155063084537,6.));
#10763=CARTESIAN_POINT('Ctrl Pts',(126.633368529262,-71.5452658479652,6.));
#10764=CARTESIAN_POINT('Ctrl Pts',(126.794964036364,-71.414196991073,6.));
#10765=CARTESIAN_POINT('Ctrl Pts',(126.984188893774,-71.3280604271857,6.));
#10766=CARTESIAN_POINT('Ctrl Pts',(127.072007197137,-71.2880848816806,6.));
#10767=CARTESIAN_POINT('',(126.54676868319,-71.6155063084537,7.));
#10768=CARTESIAN_POINT('',(126.54676868319,-71.6155063084537,6.));
#10769=CARTESIAN_POINT('',(127.072007197137,-71.2880848816806,7.));
#10770=CARTESIAN_POINT('Ctrl Pts',(127.072007197137,-71.2880848816806,7.));
#10771=CARTESIAN_POINT('Ctrl Pts',(126.984188893774,-71.3280604271857,7.));
#10772=CARTESIAN_POINT('Ctrl Pts',(126.794964036364,-71.414196991073,7.));
#10773=CARTESIAN_POINT('Ctrl Pts',(126.633368529262,-71.5452658479652,7.));
#10774=CARTESIAN_POINT('Ctrl Pts',(126.54676868319,-71.6155063084537,7.));
#10775=CARTESIAN_POINT('',(127.072007197137,-71.2880848816806,6.));
#10776=CARTESIAN_POINT('Ctrl Pts',(127.61361791491,-71.1925869158679,6.));
#10777=CARTESIAN_POINT('Ctrl Pts',(127.61361791491,-71.1925869158679,7.));
#10778=CARTESIAN_POINT('Ctrl Pts',(127.519519490747,-71.1962757242884,6.));
#10779=CARTESIAN_POINT('Ctrl Pts',(127.519519490747,-71.1962757242884,7.));
#10780=CARTESIAN_POINT('Ctrl Pts',(127.33460678374,-71.2035245975478,6.));
#10781=CARTESIAN_POINT('Ctrl Pts',(127.33460678374,-71.2035245975478,7.));
#10782=CARTESIAN_POINT('Ctrl Pts',(127.158497798384,-71.2602338484368,6.));
#10783=CARTESIAN_POINT('Ctrl Pts',(127.158497798384,-71.2602338484368,7.));
#10784=CARTESIAN_POINT('Ctrl Pts',(127.072007197137,-71.2880848816806,6.));
#10785=CARTESIAN_POINT('Ctrl Pts',(127.072007197137,-71.2880848816806,7.));
#10786=CARTESIAN_POINT('',(127.61361791491,-71.1925869158679,6.));
#10787=CARTESIAN_POINT('Ctrl Pts',(127.072007197137,-71.2880848816806,6.));
#10788=CARTESIAN_POINT('Ctrl Pts',(127.158497798384,-71.2602338484368,6.));
#10789=CARTESIAN_POINT('Ctrl Pts',(127.33460678374,-71.2035245975478,6.));
#10790=CARTESIAN_POINT('Ctrl Pts',(127.519519490747,-71.1962757242884,6.));
#10791=CARTESIAN_POINT('Ctrl Pts',(127.61361791491,-71.1925869158679,6.));
#10792=CARTESIAN_POINT('',(127.61361791491,-71.1925869158679,7.));
#10793=CARTESIAN_POINT('Ctrl Pts',(127.61361791491,-71.1925869158679,7.));
#10794=CARTESIAN_POINT('Ctrl Pts',(127.519519490747,-71.1962757242884,7.));
#10795=CARTESIAN_POINT('Ctrl Pts',(127.33460678374,-71.2035245975478,7.));
#10796=CARTESIAN_POINT('Ctrl Pts',(127.158497798384,-71.2602338484368,7.));
#10797=CARTESIAN_POINT('Ctrl Pts',(127.072007197137,-71.2880848816806,7.));
#10798=CARTESIAN_POINT('',(127.61361791491,-71.1925869158679,6.));
#10799=CARTESIAN_POINT('Ctrl Pts',(128.347587126489,-71.425874429124,6.));
#10800=CARTESIAN_POINT('Ctrl Pts',(128.347587126489,-71.425874429124,7.));
#10801=CARTESIAN_POINT('Ctrl Pts',(128.246898355886,-71.3579698789928,6.));
#10802=CARTESIAN_POINT('Ctrl Pts',(128.246898355886,-71.3579698789928,7.));
#10803=CARTESIAN_POINT('Ctrl Pts',(128.026151130575,-71.2090978554524,6.));
#10804=CARTESIAN_POINT('Ctrl Pts',(128.026151130575,-71.2090978554524,7.));
#10805=CARTESIAN_POINT('Ctrl Pts',(127.758944425859,-71.198403362038,6.));
#10806=CARTESIAN_POINT('Ctrl Pts',(127.758944425859,-71.198403362038,7.));
#10807=CARTESIAN_POINT('Ctrl Pts',(127.61361791491,-71.1925869158679,6.));
#10808=CARTESIAN_POINT('Ctrl Pts',(127.61361791491,-71.1925869158679,7.));
#10809=CARTESIAN_POINT('',(128.347587126489,-71.425874429124,6.));
#10810=CARTESIAN_POINT('Ctrl Pts',(127.61361791491,-71.1925869158679,6.));
#10811=CARTESIAN_POINT('Ctrl Pts',(127.758944425859,-71.198403362038,6.));
#10812=CARTESIAN_POINT('Ctrl Pts',(128.026151130575,-71.2090978554524,6.));
#10813=CARTESIAN_POINT('Ctrl Pts',(128.246898355886,-71.3579698789928,6.));
#10814=CARTESIAN_POINT('Ctrl Pts',(128.347587126489,-71.425874429124,6.));
#10815=CARTESIAN_POINT('',(128.347587126489,-71.425874429124,7.));
#10816=CARTESIAN_POINT('Ctrl Pts',(128.347587126489,-71.425874429124,7.));
#10817=CARTESIAN_POINT('Ctrl Pts',(128.246898355886,-71.3579698789928,7.));
#10818=CARTESIAN_POINT('Ctrl Pts',(128.026151130575,-71.2090978554524,7.));
#10819=CARTESIAN_POINT('Ctrl Pts',(127.758944425859,-71.198403362038,7.));
#10820=CARTESIAN_POINT('Ctrl Pts',(127.61361791491,-71.1925869158679,7.));
#10821=CARTESIAN_POINT('',(128.347587126489,-71.425874429124,6.));
#10822=CARTESIAN_POINT('Ctrl Pts',(128.604068297143,-72.0220546893054,6.));
#10823=CARTESIAN_POINT('Ctrl Pts',(128.604068297143,-72.0220546893054,7.));
#10824=CARTESIAN_POINT('Ctrl Pts',(128.593948216293,-71.9070112667498,6.));
#10825=CARTESIAN_POINT('Ctrl Pts',(128.593948216293,-71.9070112667498,7.));
#10826=CARTESIAN_POINT('Ctrl Pts',(128.57396777619,-71.6798768942349,6.));
#10827=CARTESIAN_POINT('Ctrl Pts',(128.57396777619,-71.6798768942349,7.));
#10828=CARTESIAN_POINT('Ctrl Pts',(128.422390569499,-71.509805007769,6.));
#10829=CARTESIAN_POINT('Ctrl Pts',(128.422390569499,-71.509805007769,7.));
#10830=CARTESIAN_POINT('Ctrl Pts',(128.347587126489,-71.425874429124,6.));
#10831=CARTESIAN_POINT('Ctrl Pts',(128.347587126489,-71.425874429124,7.));
#10832=CARTESIAN_POINT('',(128.604068297143,-72.0220546893054,6.));
#10833=CARTESIAN_POINT('Ctrl Pts',(128.347587126489,-71.425874429124,6.));
#10834=CARTESIAN_POINT('Ctrl Pts',(128.422390569499,-71.509805007769,6.));
#10835=CARTESIAN_POINT('Ctrl Pts',(128.57396777619,-71.6798768942349,6.));
#10836=CARTESIAN_POINT('Ctrl Pts',(128.593948216293,-71.9070112667498,6.));
#10837=CARTESIAN_POINT('Ctrl Pts',(128.604068297143,-72.0220546893054,6.));
#10838=CARTESIAN_POINT('',(128.604068297143,-72.0220546893054,7.));
#10839=CARTESIAN_POINT('Ctrl Pts',(128.604068297143,-72.0220546893054,7.));
#10840=CARTESIAN_POINT('Ctrl Pts',(128.593948216293,-71.9070112667498,7.));
#10841=CARTESIAN_POINT('Ctrl Pts',(128.57396777619,-71.6798768942349,7.));
#10842=CARTESIAN_POINT('Ctrl Pts',(128.422390569499,-71.509805007769,7.));
#10843=CARTESIAN_POINT('Ctrl Pts',(128.347587126489,-71.425874429124,7.));
#10844=CARTESIAN_POINT('',(128.604068297143,-72.0220546893054,6.));
#10845=CARTESIAN_POINT('Ctrl Pts',(128.507205981012,-72.4108677081043,6.));
#10846=CARTESIAN_POINT('Ctrl Pts',(128.507205981012,-72.4108677081043,7.));
#10847=CARTESIAN_POINT('Ctrl Pts',(128.535455373802,-72.3501483743444,6.));
#10848=CARTESIAN_POINT('Ctrl Pts',(128.535455373802,-72.3501483743444,7.));
#10849=CARTESIAN_POINT('Ctrl Pts',(128.592822307293,-72.226843706973,6.));
#10850=CARTESIAN_POINT('Ctrl Pts',(128.592822307293,-72.226843706973,7.));
#10851=CARTESIAN_POINT('Ctrl Pts',(128.600282004051,-72.0910029324757,6.));
#10852=CARTESIAN_POINT('Ctrl Pts',(128.600282004051,-72.0910029324757,7.));
#10853=CARTESIAN_POINT('Ctrl Pts',(128.604068297143,-72.0220546893054,6.));
#10854=CARTESIAN_POINT('Ctrl Pts',(128.604068297143,-72.0220546893054,7.));
#10855=CARTESIAN_POINT('',(128.507205981012,-72.4108677081043,6.));
#10856=CARTESIAN_POINT('Ctrl Pts',(128.604068297143,-72.0220546893054,6.));
#10857=CARTESIAN_POINT('Ctrl Pts',(128.600282004051,-72.0910029324757,6.));
#10858=CARTESIAN_POINT('Ctrl Pts',(128.592822307293,-72.226843706973,6.));
#10859=CARTESIAN_POINT('Ctrl Pts',(128.535455373802,-72.3501483743444,6.));
#10860=CARTESIAN_POINT('Ctrl Pts',(128.507205981012,-72.4108677081043,6.));
#10861=CARTESIAN_POINT('',(128.507205981012,-72.4108677081043,7.));
#10862=CARTESIAN_POINT('Ctrl Pts',(128.507205981012,-72.4108677081043,7.));
#10863=CARTESIAN_POINT('Ctrl Pts',(128.535455373802,-72.3501483743444,7.));
#10864=CARTESIAN_POINT('Ctrl Pts',(128.592822307293,-72.226843706973,7.));
#10865=CARTESIAN_POINT('Ctrl Pts',(128.600282004051,-72.0910029324757,7.));
#10866=CARTESIAN_POINT('Ctrl Pts',(128.604068297143,-72.0220546893054,7.));
#10867=CARTESIAN_POINT('',(128.507205981012,-72.4108677081043,6.));
#10868=CARTESIAN_POINT('Ctrl Pts',(128.253454703088,-72.6932685545856,6.));
#10869=CARTESIAN_POINT('Ctrl Pts',(128.253454703088,-72.6932685545856,7.));
#10870=CARTESIAN_POINT('Ctrl Pts',(128.303485615366,-72.6544677558422,6.));
#10871=CARTESIAN_POINT('Ctrl Pts',(128.303485615366,-72.6544677558422,7.));
#10872=CARTESIAN_POINT('Ctrl Pts',(128.405081624938,-72.5756763418738,6.));
#10873=CARTESIAN_POINT('Ctrl Pts',(128.405081624938,-72.5756763418738,7.));
#10874=CARTESIAN_POINT('Ctrl Pts',(128.472823542384,-72.4663542047031,6.));
#10875=CARTESIAN_POINT('Ctrl Pts',(128.472823542384,-72.4663542047031,7.));
#10876=CARTESIAN_POINT('Ctrl Pts',(128.507205981012,-72.4108677081043,6.));
#10877=CARTESIAN_POINT('Ctrl Pts',(128.507205981012,-72.4108677081043,7.));
#10878=CARTESIAN_POINT('',(128.253454703088,-72.6932685545856,6.));
#10879=CARTESIAN_POINT('Ctrl Pts',(128.507205981012,-72.4108677081043,6.));
#10880=CARTESIAN_POINT('Ctrl Pts',(128.472823542384,-72.4663542047031,6.));
#10881=CARTESIAN_POINT('Ctrl Pts',(128.405081624938,-72.5756763418738,6.));
#10882=CARTESIAN_POINT('Ctrl Pts',(128.303485615366,-72.6544677558422,6.));
#10883=CARTESIAN_POINT('Ctrl Pts',(128.253454703088,-72.6932685545856,6.));
#10884=CARTESIAN_POINT('',(128.253454703088,-72.6932685545856,7.));
#10885=CARTESIAN_POINT('Ctrl Pts',(128.253454703088,-72.6932685545856,7.));
#10886=CARTESIAN_POINT('Ctrl Pts',(128.303485615366,-72.6544677558422,7.));
#10887=CARTESIAN_POINT('Ctrl Pts',(128.405081624938,-72.5756763418738,7.));
#10888=CARTESIAN_POINT('Ctrl Pts',(128.472823542384,-72.4663542047031,7.));
#10889=CARTESIAN_POINT('Ctrl Pts',(128.507205981012,-72.4108677081043,7.));
#10890=CARTESIAN_POINT('',(128.253454703088,-72.6932685545856,6.));
#10891=CARTESIAN_POINT('Ctrl Pts',(127.900111216302,-72.8542511633808,6.));
#10892=CARTESIAN_POINT('Ctrl Pts',(127.900111216302,-72.8542511633808,7.));
#10893=CARTESIAN_POINT('Ctrl Pts',(127.963442389383,-72.8342410334242,6.));
#10894=CARTESIAN_POINT('Ctrl Pts',(127.963442389383,-72.8342410334242,7.));
#10895=CARTESIAN_POINT('Ctrl Pts',(128.087796809081,-72.794949986413,6.));
#10896=CARTESIAN_POINT('Ctrl Pts',(128.087796809081,-72.794949986413,7.));
#10897=CARTESIAN_POINT('Ctrl Pts',(128.198922877756,-72.7267403919114,6.));
#10898=CARTESIAN_POINT('Ctrl Pts',(128.198922877756,-72.7267403919114,7.));
#10899=CARTESIAN_POINT('Ctrl Pts',(128.253454703088,-72.6932685545856,6.));
#10900=CARTESIAN_POINT('Ctrl Pts',(128.253454703088,-72.6932685545856,7.));
#10901=CARTESIAN_POINT('',(127.900111216302,-72.8542511633808,6.));
#10902=CARTESIAN_POINT('Ctrl Pts',(128.253454703088,-72.6932685545856,6.));
#10903=CARTESIAN_POINT('Ctrl Pts',(128.198922877756,-72.7267403919114,6.));
#10904=CARTESIAN_POINT('Ctrl Pts',(128.087796809081,-72.794949986413,6.));
#10905=CARTESIAN_POINT('Ctrl Pts',(127.963442389383,-72.8342410334242,6.));
#10906=CARTESIAN_POINT('Ctrl Pts',(127.900111216302,-72.8542511633808,6.));
#10907=CARTESIAN_POINT('',(127.900111216302,-72.8542511633808,7.));
#10908=CARTESIAN_POINT('Ctrl Pts',(127.900111216302,-72.8542511633808,7.));
#10909=CARTESIAN_POINT('Ctrl Pts',(127.963442389383,-72.8342410334242,7.));
#10910=CARTESIAN_POINT('Ctrl Pts',(128.087796809081,-72.794949986413,7.));
#10911=CARTESIAN_POINT('Ctrl Pts',(128.198922877756,-72.7267403919114,7.));
#10912=CARTESIAN_POINT('Ctrl Pts',(128.253454703088,-72.6932685545856,7.));
#10913=CARTESIAN_POINT('',(127.900111216302,-72.8542511633808,6.));
#10914=CARTESIAN_POINT('Ctrl Pts',(127.463550108667,-72.9279207161838,6.));
#10915=CARTESIAN_POINT('Ctrl Pts',(127.463550108667,-72.9279207161838,7.));
#10916=CARTESIAN_POINT('Ctrl Pts',(127.548859611487,-72.9174231242076,6.));
#10917=CARTESIAN_POINT('Ctrl Pts',(127.548859611487,-72.9174231242076,7.));
#10918=CARTESIAN_POINT('Ctrl Pts',(127.695513176853,-72.8993769600623,6.));
#10919=CARTESIAN_POINT('Ctrl Pts',(127.695513176853,-72.8993769600623,7.));
#10920=CARTESIAN_POINT('Ctrl Pts',(127.839769783303,-72.8675599675332,6.));
#10921=CARTESIAN_POINT('Ctrl Pts',(127.839769783303,-72.8675599675332,7.));
#10922=CARTESIAN_POINT('Ctrl Pts',(127.900111216302,-72.8542511633808,6.));
#10923=CARTESIAN_POINT('Ctrl Pts',(127.900111216302,-72.8542511633808,7.));
#10924=CARTESIAN_POINT('',(127.463550108667,-72.9279207161838,6.));
#10925=CARTESIAN_POINT('Ctrl Pts',(127.900111216302,-72.8542511633808,6.));
#10926=CARTESIAN_POINT('Ctrl Pts',(127.839769783303,-72.8675599675332,6.));
#10927=CARTESIAN_POINT('Ctrl Pts',(127.695513176853,-72.8993769600623,6.));
#10928=CARTESIAN_POINT('Ctrl Pts',(127.548859611487,-72.9174231242076,6.));
#10929=CARTESIAN_POINT('Ctrl Pts',(127.463550108667,-72.9279207161838,6.));
#10930=CARTESIAN_POINT('',(127.463550108667,-72.9279207161838,7.));
#10931=CARTESIAN_POINT('Ctrl Pts',(127.463550108667,-72.9279207161838,7.));
#10932=CARTESIAN_POINT('Ctrl Pts',(127.548859611487,-72.9174231242076,7.));
#10933=CARTESIAN_POINT('Ctrl Pts',(127.695513176853,-72.8993769600623,7.));
#10934=CARTESIAN_POINT('Ctrl Pts',(127.839769783303,-72.8675599675332,7.));
#10935=CARTESIAN_POINT('Ctrl Pts',(127.900111216302,-72.8542511633808,7.));
#10936=CARTESIAN_POINT('',(127.463550108667,-72.9279207161838,6.));
#10937=CARTESIAN_POINT('Ctrl Pts',(126.587698000665,-73.097088830846,6.));
#10938=CARTESIAN_POINT('Ctrl Pts',(126.587698000665,-73.097088830846,7.));
#10939=CARTESIAN_POINT('Ctrl Pts',(126.707019282544,-73.0641166960119,6.));
#10940=CARTESIAN_POINT('Ctrl Pts',(126.707019282544,-73.0641166960119,7.));
#10941=CARTESIAN_POINT('Ctrl Pts',(126.994325581282,-72.984725141785,6.));
#10942=CARTESIAN_POINT('Ctrl Pts',(126.994325581282,-72.984725141785,7.));
#10943=CARTESIAN_POINT('Ctrl Pts',(127.290424271552,-72.9488793685134,6.));
#10944=CARTESIAN_POINT('Ctrl Pts',(127.290424271552,-72.9488793685134,7.));
#10945=CARTESIAN_POINT('Ctrl Pts',(127.463550108667,-72.9279207161838,6.));
#10946=CARTESIAN_POINT('Ctrl Pts',(127.463550108667,-72.9279207161838,7.));
#10947=CARTESIAN_POINT('',(126.587698000665,-73.097088830846,6.));
#10948=CARTESIAN_POINT('Ctrl Pts',(127.463550108667,-72.9279207161838,6.));
#10949=CARTESIAN_POINT('Ctrl Pts',(127.290424271552,-72.9488793685134,6.));
#10950=CARTESIAN_POINT('Ctrl Pts',(126.994325581282,-72.984725141785,6.));
#10951=CARTESIAN_POINT('Ctrl Pts',(126.707019282544,-73.0641166960119,6.));
#10952=CARTESIAN_POINT('Ctrl Pts',(126.587698000665,-73.097088830846,6.));
#10953=CARTESIAN_POINT('',(126.587698000665,-73.097088830846,7.));
#10954=CARTESIAN_POINT('Ctrl Pts',(126.587698000665,-73.097088830846,7.));
#10955=CARTESIAN_POINT('Ctrl Pts',(126.707019282544,-73.0641166960119,7.));
#10956=CARTESIAN_POINT('Ctrl Pts',(126.994325581282,-72.984725141785,7.));
#10957=CARTESIAN_POINT('Ctrl Pts',(127.290424271552,-72.9488793685134,7.));
#10958=CARTESIAN_POINT('Ctrl Pts',(127.463550108667,-72.9279207161838,7.));
#10959=CARTESIAN_POINT('',(126.587698000665,-73.097088830846,6.));
#10960=CARTESIAN_POINT('Ctrl Pts',(126.584968107934,-73.2253288201267,6.));
#10961=CARTESIAN_POINT('Ctrl Pts',(126.584968107934,-73.2253288201267,7.));
#10962=CARTESIAN_POINT('Ctrl Pts',(126.585168560893,-73.2100941344575,6.));
#10963=CARTESIAN_POINT('Ctrl Pts',(126.585168560893,-73.2100941344575,7.));
#10964=CARTESIAN_POINT('Ctrl Pts',(126.585731098173,-73.1673405693635,6.));
#10965=CARTESIAN_POINT('Ctrl Pts',(126.585731098173,-73.1673405693635,7.));
#10966=CARTESIAN_POINT('Ctrl Pts',(126.586927756327,-73.1245996017447,6.));
#10967=CARTESIAN_POINT('Ctrl Pts',(126.586927756327,-73.1245996017447,7.));
#10968=CARTESIAN_POINT('Ctrl Pts',(126.587698000665,-73.097088830846,6.));
#10969=CARTESIAN_POINT('Ctrl Pts',(126.587698000665,-73.097088830846,7.));
#10970=CARTESIAN_POINT('',(126.584968107934,-73.2253288201267,6.));
#10971=CARTESIAN_POINT('Ctrl Pts',(126.587698000665,-73.097088830846,6.));
#10972=CARTESIAN_POINT('Ctrl Pts',(126.586927756327,-73.1245996017447,6.));
#10973=CARTESIAN_POINT('Ctrl Pts',(126.585731098173,-73.1673405693635,6.));
#10974=CARTESIAN_POINT('Ctrl Pts',(126.585168560893,-73.2100941344575,6.));
#10975=CARTESIAN_POINT('Ctrl Pts',(126.584968107934,-73.2253288201267,6.));
#10976=CARTESIAN_POINT('',(126.584968107934,-73.2253288201267,7.));
#10977=CARTESIAN_POINT('Ctrl Pts',(126.584968107934,-73.2253288201267,7.));
#10978=CARTESIAN_POINT('Ctrl Pts',(126.585168560893,-73.2100941344575,7.));
#10979=CARTESIAN_POINT('Ctrl Pts',(126.585731098173,-73.1673405693635,7.));
#10980=CARTESIAN_POINT('Ctrl Pts',(126.586927756327,-73.1245996017447,7.));
#10981=CARTESIAN_POINT('Ctrl Pts',(126.587698000665,-73.097088830846,7.));
#10982=CARTESIAN_POINT('',(126.584968107934,-73.2253288201267,6.));
#10983=CARTESIAN_POINT('Ctrl Pts',(126.724123495813,-73.6482482127124,6.));
#10984=CARTESIAN_POINT('Ctrl Pts',(126.724123495813,-73.6482482127124,7.));
#10985=CARTESIAN_POINT('Ctrl Pts',(126.683720282312,-73.5945694337277,6.));
#10986=CARTESIAN_POINT('Ctrl Pts',(126.683720282312,-73.5945694337277,7.));
#10987=CARTESIAN_POINT('Ctrl Pts',(126.590380852256,-73.470560816531,6.));
#10988=CARTESIAN_POINT('Ctrl Pts',(126.590380852256,-73.470560816531,7.));
#10989=CARTESIAN_POINT('Ctrl Pts',(126.586926945322,-73.3140767037879,6.));
#10990=CARTESIAN_POINT('Ctrl Pts',(126.586926945322,-73.3140767037879,7.));
#10991=CARTESIAN_POINT('Ctrl Pts',(126.584968107934,-73.2253288201267,6.));
#10992=CARTESIAN_POINT('Ctrl Pts',(126.584968107934,-73.2253288201267,7.));
#10993=CARTESIAN_POINT('',(126.724123495813,-73.6482482127124,6.));
#10994=CARTESIAN_POINT('Ctrl Pts',(126.584968107934,-73.2253288201267,6.));
#10995=CARTESIAN_POINT('Ctrl Pts',(126.586926945322,-73.3140767037879,6.));
#10996=CARTESIAN_POINT('Ctrl Pts',(126.590380852256,-73.470560816531,6.));
#10997=CARTESIAN_POINT('Ctrl Pts',(126.683720282312,-73.5945694337277,6.));
#10998=CARTESIAN_POINT('Ctrl Pts',(126.724123495813,-73.6482482127124,6.));
#10999=CARTESIAN_POINT('',(126.724123495813,-73.6482482127124,7.));
#11000=CARTESIAN_POINT('Ctrl Pts',(126.724123495813,-73.6482482127124,7.));
#11001=CARTESIAN_POINT('Ctrl Pts',(126.683720282312,-73.5945694337277,7.));
#11002=CARTESIAN_POINT('Ctrl Pts',(126.590380852256,-73.470560816531,7.));
#11003=CARTESIAN_POINT('Ctrl Pts',(126.586926945322,-73.3140767037879,7.));
#11004=CARTESIAN_POINT('Ctrl Pts',(126.584968107934,-73.2253288201267,7.));
#11005=CARTESIAN_POINT('',(126.724123495813,-73.6482482127124,6.));
#11006=CARTESIAN_POINT('Ctrl Pts',(127.2834677875,-73.8146876267368,6.));
#11007=CARTESIAN_POINT('Ctrl Pts',(127.2834677875,-73.8146876267368,7.));
#11008=CARTESIAN_POINT('Ctrl Pts',(127.171695057798,-73.8112131886376,6.));
#11009=CARTESIAN_POINT('Ctrl Pts',(127.171695057798,-73.8112131886376,7.));
#11010=CARTESIAN_POINT('Ctrl Pts',(126.96956111288,-73.8049298860714,6.));
#11011=CARTESIAN_POINT('Ctrl Pts',(126.96956111288,-73.8049298860714,7.));
#11012=CARTESIAN_POINT('Ctrl Pts',(126.799947113981,-73.6966522492114,6.));
#11013=CARTESIAN_POINT('Ctrl Pts',(126.799947113981,-73.6966522492114,7.));
#11014=CARTESIAN_POINT('Ctrl Pts',(126.724123495813,-73.6482482127124,6.));
#11015=CARTESIAN_POINT('Ctrl Pts',(126.724123495813,-73.6482482127124,7.));
#11016=CARTESIAN_POINT('',(127.2834677875,-73.8146876267368,6.));
#11017=CARTESIAN_POINT('Ctrl Pts',(126.724123495813,-73.6482482127124,6.));
#11018=CARTESIAN_POINT('Ctrl Pts',(126.799947113981,-73.6966522492114,6.));
#11019=CARTESIAN_POINT('Ctrl Pts',(126.96956111288,-73.8049298860714,6.));
#11020=CARTESIAN_POINT('Ctrl Pts',(127.171695057798,-73.8112131886376,6.));
#11021=CARTESIAN_POINT('Ctrl Pts',(127.2834677875,-73.8146876267368,6.));
#11022=CARTESIAN_POINT('',(127.2834677875,-73.8146876267368,7.));
#11023=CARTESIAN_POINT('Ctrl Pts',(127.2834677875,-73.8146876267368,7.));
#11024=CARTESIAN_POINT('Ctrl Pts',(127.171695057798,-73.8112131886376,7.));
#11025=CARTESIAN_POINT('Ctrl Pts',(126.96956111288,-73.8049298860714,7.));
#11026=CARTESIAN_POINT('Ctrl Pts',(126.799947113981,-73.6966522492114,7.));
#11027=CARTESIAN_POINT('Ctrl Pts',(126.724123495813,-73.6482482127124,7.));
#11028=CARTESIAN_POINT('',(127.2834677875,-73.8146876267368,6.));
#11029=CARTESIAN_POINT('Ctrl Pts',(127.79506399035,-73.6932687930042,6.));
#11030=CARTESIAN_POINT('Ctrl Pts',(127.79506399035,-73.6932687930042,7.));
#11031=CARTESIAN_POINT('Ctrl Pts',(127.726189756066,-73.7285133347402,6.));
#11032=CARTESIAN_POINT('Ctrl Pts',(127.726189756066,-73.7285133347402,7.));
#11033=CARTESIAN_POINT('Ctrl Pts',(127.566397480707,-73.8102827449785,6.));
#11034=CARTESIAN_POINT('Ctrl Pts',(127.566397480707,-73.8102827449785,7.));
#11035=CARTESIAN_POINT('Ctrl Pts',(127.386069921446,-73.8130902324758,6.));
#11036=CARTESIAN_POINT('Ctrl Pts',(127.386069921446,-73.8130902324758,7.));
#11037=CARTESIAN_POINT('Ctrl Pts',(127.2834677875,-73.8146876267368,6.));
#11038=CARTESIAN_POINT('Ctrl Pts',(127.2834677875,-73.8146876267368,7.));
#11039=CARTESIAN_POINT('',(127.79506399035,-73.6932687930042,6.));
#11040=CARTESIAN_POINT('Ctrl Pts',(127.2834677875,-73.8146876267368,6.));
#11041=CARTESIAN_POINT('Ctrl Pts',(127.386069921446,-73.8130902324758,6.));
#11042=CARTESIAN_POINT('Ctrl Pts',(127.566397480707,-73.8102827449785,6.));
#11043=CARTESIAN_POINT('Ctrl Pts',(127.726189756066,-73.7285133347402,6.));
#11044=CARTESIAN_POINT('Ctrl Pts',(127.79506399035,-73.6932687930042,6.));
#11045=CARTESIAN_POINT('',(127.79506399035,-73.6932687930042,7.));
#11046=CARTESIAN_POINT('Ctrl Pts',(127.79506399035,-73.6932687930042,7.));
#11047=CARTESIAN_POINT('Ctrl Pts',(127.726189756066,-73.7285133347402,7.));
#11048=CARTESIAN_POINT('Ctrl Pts',(127.566397480707,-73.8102827449785,7.));
#11049=CARTESIAN_POINT('Ctrl Pts',(127.386069921446,-73.8130902324758,7.));
#11050=CARTESIAN_POINT('Ctrl Pts',(127.2834677875,-73.8146876267368,7.));
#11051=CARTESIAN_POINT('',(127.79506399035,-73.6932687930042,6.));
#11052=CARTESIAN_POINT('Ctrl Pts',(128.03926660418,-73.2635279468471,6.));
#11053=CARTESIAN_POINT('Ctrl Pts',(128.03926660418,-73.2635279468471,7.));
#11054=CARTESIAN_POINT('Ctrl Pts',(128.013312739183,-73.3552414794827,6.));
#11055=CARTESIAN_POINT('Ctrl Pts',(128.013312739183,-73.3552414794827,7.));
#11056=CARTESIAN_POINT('Ctrl Pts',(127.966883723023,-73.5193083377032,6.));
#11057=CARTESIAN_POINT('Ctrl Pts',(127.966883723023,-73.5193083377032,7.));
#11058=CARTESIAN_POINT('Ctrl Pts',(127.847647187182,-73.6400304558254,6.));
#11059=CARTESIAN_POINT('Ctrl Pts',(127.847647187182,-73.6400304558254,7.));
#11060=CARTESIAN_POINT('Ctrl Pts',(127.79506399035,-73.6932687930042,6.));
#11061=CARTESIAN_POINT('Ctrl Pts',(127.79506399035,-73.6932687930042,7.));
#11062=CARTESIAN_POINT('',(128.03926660418,-73.2635279468471,6.));
#11063=CARTESIAN_POINT('Ctrl Pts',(127.79506399035,-73.6932687930042,6.));
#11064=CARTESIAN_POINT('Ctrl Pts',(127.847647187182,-73.6400304558254,6.));
#11065=CARTESIAN_POINT('Ctrl Pts',(127.966883723023,-73.5193083377032,6.));
#11066=CARTESIAN_POINT('Ctrl Pts',(128.013312739183,-73.3552414794827,6.));
#11067=CARTESIAN_POINT('Ctrl Pts',(128.03926660418,-73.2635279468471,6.));
#11068=CARTESIAN_POINT('',(128.03926660418,-73.2635279468471,7.));
#11069=CARTESIAN_POINT('Ctrl Pts',(128.03926660418,-73.2635279468471,7.));
#11070=CARTESIAN_POINT('Ctrl Pts',(128.013312739183,-73.3552414794827,7.));
#11071=CARTESIAN_POINT('Ctrl Pts',(127.966883723023,-73.5193083377032,7.));
#11072=CARTESIAN_POINT('Ctrl Pts',(127.847647187182,-73.6400304558254,7.));
#11073=CARTESIAN_POINT('Ctrl Pts',(127.79506399035,-73.6932687930042,7.));
#11074=CARTESIAN_POINT('',(128.03926660418,-73.2635279468471,6.));
#11075=CARTESIAN_POINT('Origin',(128.519484537835,-73.3290122918064,6.));
#11076=CARTESIAN_POINT('',(128.519484537835,-73.3290122918064,6.));
#11077=CARTESIAN_POINT('',(117.327694726355,-71.8028572414342,6.));
#11078=CARTESIAN_POINT('',(128.519484537835,-73.3290122918064,7.));
#11079=CARTESIAN_POINT('',(128.03926660418,-73.2635279468471,7.));
#11080=CARTESIAN_POINT('',(128.519484537835,-73.3290122918064,6.));
#11081=CARTESIAN_POINT('Ctrl Pts',(128.303932684655,-73.8269658855373,6.));
#11082=CARTESIAN_POINT('Ctrl Pts',(128.303932684655,-73.8269658855373,7.));
#11083=CARTESIAN_POINT('Ctrl Pts',(128.351052024914,-73.7556978956494,6.));
#11084=CARTESIAN_POINT('Ctrl Pts',(128.351052024914,-73.7556978956494,7.));
#11085=CARTESIAN_POINT('Ctrl Pts',(128.452220418702,-73.6026807263533,6.));
#11086=CARTESIAN_POINT('Ctrl Pts',(128.452220418702,-73.6026807263533,7.));
#11087=CARTESIAN_POINT('Ctrl Pts',(128.496062158209,-73.4243077635705,6.));
#11088=CARTESIAN_POINT('Ctrl Pts',(128.496062158209,-73.4243077635705,7.));
#11089=CARTESIAN_POINT('Ctrl Pts',(128.519484537835,-73.3290122918064,6.));
#11090=CARTESIAN_POINT('Ctrl Pts',(128.519484537835,-73.3290122918064,7.));
#11091=CARTESIAN_POINT('',(128.303932684655,-73.8269658855373,6.));
#11092=CARTESIAN_POINT('Ctrl Pts',(128.519484537835,-73.3290122918064,6.));
#11093=CARTESIAN_POINT('Ctrl Pts',(128.496062158209,-73.4243077635705,6.));
#11094=CARTESIAN_POINT('Ctrl Pts',(128.452220418702,-73.6026807263533,6.));
#11095=CARTESIAN_POINT('Ctrl Pts',(128.351052024914,-73.7556978956494,6.));
#11096=CARTESIAN_POINT('Ctrl Pts',(128.303932684655,-73.8269658855373,6.));
#11097=CARTESIAN_POINT('',(128.303932684655,-73.8269658855373,7.));
#11098=CARTESIAN_POINT('Ctrl Pts',(128.303932684655,-73.8269658855373,7.));
#11099=CARTESIAN_POINT('Ctrl Pts',(128.351052024914,-73.7556978956494,7.));
#11100=CARTESIAN_POINT('Ctrl Pts',(128.452220418702,-73.6026807263533,7.));
#11101=CARTESIAN_POINT('Ctrl Pts',(128.496062158209,-73.4243077635705,7.));
#11102=CARTESIAN_POINT('Ctrl Pts',(128.519484537835,-73.3290122918064,7.));
#11103=CARTESIAN_POINT('',(128.303932684655,-73.8269658855373,6.));
#11104=CARTESIAN_POINT('Ctrl Pts',(127.870099085565,-74.1189165882045,6.));
#11105=CARTESIAN_POINT('Ctrl Pts',(127.870099085565,-74.1189165882045,7.));
#11106=CARTESIAN_POINT('Ctrl Pts',(127.957437555363,-74.0832161101711,6.));
#11107=CARTESIAN_POINT('Ctrl Pts',(127.957437555363,-74.0832161101711,7.));
#11108=CARTESIAN_POINT('Ctrl Pts',(128.122494072971,-74.01574759836,6.));
#11109=CARTESIAN_POINT('Ctrl Pts',(128.122494072971,-74.01574759836,7.));
#11110=CARTESIAN_POINT('Ctrl Pts',(128.245849768625,-73.8873995069816,6.));
#11111=CARTESIAN_POINT('Ctrl Pts',(128.245849768625,-73.8873995069816,7.));
#11112=CARTESIAN_POINT('Ctrl Pts',(128.303932684655,-73.8269658855373,6.));
#11113=CARTESIAN_POINT('Ctrl Pts',(128.303932684655,-73.8269658855373,7.));
#11114=CARTESIAN_POINT('',(127.870099085565,-74.1189165882045,6.));
#11115=CARTESIAN_POINT('Ctrl Pts',(128.303932684655,-73.8269658855373,6.));
#11116=CARTESIAN_POINT('Ctrl Pts',(128.245849768625,-73.8873995069816,6.));
#11117=CARTESIAN_POINT('Ctrl Pts',(128.122494072971,-74.01574759836,6.));
#11118=CARTESIAN_POINT('Ctrl Pts',(127.957437555363,-74.0832161101711,6.));
#11119=CARTESIAN_POINT('Ctrl Pts',(127.870099085565,-74.1189165882045,6.));
#11120=CARTESIAN_POINT('',(127.870099085565,-74.1189165882045,7.));
#11121=CARTESIAN_POINT('Ctrl Pts',(127.870099085565,-74.1189165882045,7.));
#11122=CARTESIAN_POINT('Ctrl Pts',(127.957437555363,-74.0832161101711,7.));
#11123=CARTESIAN_POINT('Ctrl Pts',(128.122494072971,-74.01574759836,7.));
#11124=CARTESIAN_POINT('Ctrl Pts',(128.245849768625,-73.8873995069816,7.));
#11125=CARTESIAN_POINT('Ctrl Pts',(128.303932684655,-73.8269658855373,7.));
#11126=CARTESIAN_POINT('',(127.870099085565,-74.1189165882045,6.));
#11127=CARTESIAN_POINT('Ctrl Pts',(127.212526339288,-74.2212360075885,6.));
#11128=CARTESIAN_POINT('Ctrl Pts',(127.212526339288,-74.2212360075885,7.));
#11129=CARTESIAN_POINT('Ctrl Pts',(127.330472084684,-74.2179848602299,6.));
#11130=CARTESIAN_POINT('Ctrl Pts',(127.330472084684,-74.2179848602299,7.));
#11131=CARTESIAN_POINT('Ctrl Pts',(127.554146162257,-74.2118193356997,6.));
#11132=CARTESIAN_POINT('Ctrl Pts',(127.554146162257,-74.2118193356997,7.));
#11133=CARTESIAN_POINT('Ctrl Pts',(127.768687636713,-74.1487355945524,6.));
#11134=CARTESIAN_POINT('Ctrl Pts',(127.768687636713,-74.1487355945524,7.));
#11135=CARTESIAN_POINT('Ctrl Pts',(127.870099085565,-74.1189165882045,6.));
#11136=CARTESIAN_POINT('Ctrl Pts',(127.870099085565,-74.1189165882045,7.));
#11137=CARTESIAN_POINT('',(127.212526339288,-74.2212360075885,6.));
#11138=CARTESIAN_POINT('Ctrl Pts',(127.870099085565,-74.1189165882045,6.));
#11139=CARTESIAN_POINT('Ctrl Pts',(127.768687636713,-74.1487355945524,6.));
#11140=CARTESIAN_POINT('Ctrl Pts',(127.554146162257,-74.2118193356997,6.));
#11141=CARTESIAN_POINT('Ctrl Pts',(127.330472084684,-74.2179848602299,6.));
#11142=CARTESIAN_POINT('Ctrl Pts',(127.212526339288,-74.2212360075885,6.));
#11143=CARTESIAN_POINT('',(127.212526339288,-74.2212360075885,7.));
#11144=CARTESIAN_POINT('Ctrl Pts',(127.212526339288,-74.2212360075885,7.));
#11145=CARTESIAN_POINT('Ctrl Pts',(127.330472084684,-74.2179848602299,7.));
#11146=CARTESIAN_POINT('Ctrl Pts',(127.554146162257,-74.2118193356997,7.));
#11147=CARTESIAN_POINT('Ctrl Pts',(127.768687636713,-74.1487355945524,7.));
#11148=CARTESIAN_POINT('Ctrl Pts',(127.870099085565,-74.1189165882045,7.));
#11149=CARTESIAN_POINT('',(127.212526339288,-74.2212360075885,6.));
#11150=CARTESIAN_POINT('Ctrl Pts',(126.609525221582,-74.1339235476428,6.));
#11151=CARTESIAN_POINT('Ctrl Pts',(126.609525221582,-74.1339235476428,7.));
#11152=CARTESIAN_POINT('Ctrl Pts',(126.697880273225,-74.1593210452554,6.));
#11153=CARTESIAN_POINT('Ctrl Pts',(126.697880273225,-74.1593210452554,7.));
#11154=CARTESIAN_POINT('Ctrl Pts',(126.89465245896,-74.2158828493001,6.));
#11155=CARTESIAN_POINT('Ctrl Pts',(126.89465245896,-74.2158828493001,7.));
#11156=CARTESIAN_POINT('Ctrl Pts',(127.099603072093,-74.2193343221682,6.));
#11157=CARTESIAN_POINT('Ctrl Pts',(127.099603072093,-74.2193343221682,7.));
#11158=CARTESIAN_POINT('Ctrl Pts',(127.212526339288,-74.2212360075885,6.));
#11159=CARTESIAN_POINT('Ctrl Pts',(127.212526339288,-74.2212360075885,7.));
#11160=CARTESIAN_POINT('',(126.609525221582,-74.1339235476428,6.));
#11161=CARTESIAN_POINT('Ctrl Pts',(127.212526339288,-74.2212360075885,6.));
#11162=CARTESIAN_POINT('Ctrl Pts',(127.099603072093,-74.2193343221682,6.));
#11163=CARTESIAN_POINT('Ctrl Pts',(126.89465245896,-74.2158828493001,6.));
#11164=CARTESIAN_POINT('Ctrl Pts',(126.697880273225,-74.1593210452554,6.));
#11165=CARTESIAN_POINT('Ctrl Pts',(126.609525221582,-74.1339235476428,6.));
#11166=CARTESIAN_POINT('',(126.609525221582,-74.1339235476428,7.));
#11167=CARTESIAN_POINT('Ctrl Pts',(126.609525221582,-74.1339235476428,7.));
#11168=CARTESIAN_POINT('Ctrl Pts',(126.697880273225,-74.1593210452554,7.));
#11169=CARTESIAN_POINT('Ctrl Pts',(126.89465245896,-74.2158828493001,7.));
#11170=CARTESIAN_POINT('Ctrl Pts',(127.099603072093,-74.2193343221682,7.));
#11171=CARTESIAN_POINT('Ctrl Pts',(127.212526339288,-74.2212360075885,7.));
#11172=CARTESIAN_POINT('',(126.609525221582,-74.1339235476428,6.));
#11173=CARTESIAN_POINT('Ctrl Pts',(126.268460291619,-73.914278345483,6.));
#11174=CARTESIAN_POINT('Ctrl Pts',(126.268460291619,-73.914278345483,7.));
#11175=CARTESIAN_POINT('Ctrl Pts',(126.313092365956,-73.9576303971993,6.));
#11176=CARTESIAN_POINT('Ctrl Pts',(126.313092365956,-73.9576303971993,7.));
#11177=CARTESIAN_POINT('Ctrl Pts',(126.411791242248,-74.0534986456035,6.));
#11178=CARTESIAN_POINT('Ctrl Pts',(126.411791242248,-74.0534986456035,7.));
#11179=CARTESIAN_POINT('Ctrl Pts',(126.539543246422,-74.1054595804697,6.));
#11180=CARTESIAN_POINT('Ctrl Pts',(126.539543246422,-74.1054595804697,7.));
#11181=CARTESIAN_POINT('Ctrl Pts',(126.609525221582,-74.1339235476428,6.));
#11182=CARTESIAN_POINT('Ctrl Pts',(126.609525221582,-74.1339235476428,7.));
#11183=CARTESIAN_POINT('',(126.268460291619,-73.914278345483,6.));
#11184=CARTESIAN_POINT('Ctrl Pts',(126.609525221582,-74.1339235476428,6.));
#11185=CARTESIAN_POINT('Ctrl Pts',(126.539543246422,-74.1054595804697,6.));
#11186=CARTESIAN_POINT('Ctrl Pts',(126.411791242248,-74.0534986456035,6.));
#11187=CARTESIAN_POINT('Ctrl Pts',(126.313092365956,-73.9576303971993,6.));
#11188=CARTESIAN_POINT('Ctrl Pts',(126.268460291619,-73.914278345483,6.));
#11189=CARTESIAN_POINT('',(126.268460291619,-73.914278345483,7.));
#11190=CARTESIAN_POINT('Ctrl Pts',(126.268460291619,-73.914278345483,7.));
#11191=CARTESIAN_POINT('Ctrl Pts',(126.313092365956,-73.9576303971993,7.));
#11192=CARTESIAN_POINT('Ctrl Pts',(126.411791242248,-74.0534986456035,7.));
#11193=CARTESIAN_POINT('Ctrl Pts',(126.539543246422,-74.1054595804697,7.));
#11194=CARTESIAN_POINT('Ctrl Pts',(126.609525221582,-74.1339235476428,7.));
#11195=CARTESIAN_POINT('',(126.268460291619,-73.914278345483,6.));
#11196=CARTESIAN_POINT('Ctrl Pts',(126.115664976831,-73.5800354651386,6.));
#11197=CARTESIAN_POINT('Ctrl Pts',(126.115664976831,-73.5800354651386,7.));
#11198=CARTESIAN_POINT('Ctrl Pts',(126.131991064689,-73.6432506650455,6.));
#11199=CARTESIAN_POINT('Ctrl Pts',(126.131991064689,-73.6432506650455,7.));
#11200=CARTESIAN_POINT('Ctrl Pts',(126.163137209777,-73.763849660047,6.));
#11201=CARTESIAN_POINT('Ctrl Pts',(126.163137209777,-73.763849660047,7.));
#11202=CARTESIAN_POINT('Ctrl Pts',(126.234502861556,-73.8657783255836,6.));
#11203=CARTESIAN_POINT('Ctrl Pts',(126.234502861556,-73.8657783255836,7.));
#11204=CARTESIAN_POINT('Ctrl Pts',(126.268460291619,-73.914278345483,6.));
#11205=CARTESIAN_POINT('Ctrl Pts',(126.268460291619,-73.914278345483,7.));
#11206=CARTESIAN_POINT('',(126.115664976831,-73.5800354651386,6.));
#11207=CARTESIAN_POINT('Ctrl Pts',(126.268460291619,-73.914278345483,6.));
#11208=CARTESIAN_POINT('Ctrl Pts',(126.234502861556,-73.8657783255836,6.));
#11209=CARTESIAN_POINT('Ctrl Pts',(126.163137209777,-73.763849660047,6.));
#11210=CARTESIAN_POINT('Ctrl Pts',(126.131991064689,-73.6432506650455,6.));
#11211=CARTESIAN_POINT('Ctrl Pts',(126.115664976831,-73.5800354651386,6.));
#11212=CARTESIAN_POINT('',(126.115664976831,-73.5800354651386,7.));
#11213=CARTESIAN_POINT('Ctrl Pts',(126.115664976831,-73.5800354651386,7.));
#11214=CARTESIAN_POINT('Ctrl Pts',(126.131991064689,-73.6432506650455,7.));
#11215=CARTESIAN_POINT('Ctrl Pts',(126.163137209777,-73.763849660047,7.));
#11216=CARTESIAN_POINT('Ctrl Pts',(126.234502861556,-73.8657783255836,7.));
#11217=CARTESIAN_POINT('Ctrl Pts',(126.268460291619,-73.914278345483,7.));
#11218=CARTESIAN_POINT('',(126.115664976831,-73.5800354651386,6.));
#11219=CARTESIAN_POINT('Ctrl Pts',(126.091107863183,-73.1271021536762,6.));
#11220=CARTESIAN_POINT('Ctrl Pts',(126.091107863183,-73.1271021536762,7.));
#11221=CARTESIAN_POINT('Ctrl Pts',(126.090844919711,-73.2195629800812,6.));
#11222=CARTESIAN_POINT('Ctrl Pts',(126.090844919711,-73.2195629800812,7.));
#11223=CARTESIAN_POINT('Ctrl Pts',(126.090414012359,-73.3710862313617,6.));
#11224=CARTESIAN_POINT('Ctrl Pts',(126.090414012359,-73.3710862313617,7.));
#11225=CARTESIAN_POINT('Ctrl Pts',(126.108582903542,-73.5214320090631,6.));
#11226=CARTESIAN_POINT('Ctrl Pts',(126.108582903542,-73.5214320090631,7.));
#11227=CARTESIAN_POINT('Ctrl Pts',(126.115664976831,-73.5800354651386,6.));
#11228=CARTESIAN_POINT('Ctrl Pts',(126.115664976831,-73.5800354651386,7.));
#11229=CARTESIAN_POINT('',(126.091107863183,-73.1271021536762,6.));
#11230=CARTESIAN_POINT('Ctrl Pts',(126.115664976831,-73.5800354651386,6.));
#11231=CARTESIAN_POINT('Ctrl Pts',(126.108582903542,-73.5214320090631,6.));
#11232=CARTESIAN_POINT('Ctrl Pts',(126.090414012359,-73.3710862313617,6.));
#11233=CARTESIAN_POINT('Ctrl Pts',(126.090844919711,-73.2195629800812,6.));
#11234=CARTESIAN_POINT('Ctrl Pts',(126.091107863183,-73.1271021536762,6.));
#11235=CARTESIAN_POINT('',(126.091107863183,-73.1271021536762,7.));
#11236=CARTESIAN_POINT('Ctrl Pts',(126.091107863183,-73.1271021536762,7.));
#11237=CARTESIAN_POINT('Ctrl Pts',(126.090844919711,-73.2195629800812,7.));
#11238=CARTESIAN_POINT('Ctrl Pts',(126.090414012359,-73.3710862313617,7.));
#11239=CARTESIAN_POINT('Ctrl Pts',(126.108582903542,-73.5214320090631,7.));
#11240=CARTESIAN_POINT('Ctrl Pts',(126.115664976831,-73.5800354651386,7.));
#11241=CARTESIAN_POINT('',(126.091107863183,-73.1271021536762,6.));
#11242=CARTESIAN_POINT('Origin',(126.091107863183,-72.47225930013,6.));
#11243=CARTESIAN_POINT('',(126.091107863183,-72.47225930013,6.));
#11244=CARTESIAN_POINT('',(126.091107863183,-72.3651651612693,6.));
#11245=CARTESIAN_POINT('',(126.091107863183,-72.47225930013,7.));
#11246=CARTESIAN_POINT('',(126.091107863183,-73.1271021536762,7.));
#11247=CARTESIAN_POINT('',(126.091107863183,-72.47225930013,6.));
#11248=CARTESIAN_POINT('Ctrl Pts',(126.059729593988,-71.6059564522678,6.));
#11249=CARTESIAN_POINT('Ctrl Pts',(126.059729593988,-71.6059564522678,7.));
#11250=CARTESIAN_POINT('Ctrl Pts',(126.068712145086,-71.7083379177581,6.));
#11251=CARTESIAN_POINT('Ctrl Pts',(126.068712145086,-71.7083379177581,7.));
#11252=CARTESIAN_POINT('Ctrl Pts',(126.093988648297,-71.9964348529213,6.));
#11253=CARTESIAN_POINT('Ctrl Pts',(126.093988648297,-71.9964348529213,7.));
#11254=CARTESIAN_POINT('Ctrl Pts',(126.09223701547,-72.2857551905008,6.));
#11255=CARTESIAN_POINT('Ctrl Pts',(126.09223701547,-72.2857551905008,7.));
#11256=CARTESIAN_POINT('Ctrl Pts',(126.091107863183,-72.47225930013,6.));
#11257=CARTESIAN_POINT('Ctrl Pts',(126.091107863183,-72.47225930013,7.));
#11258=CARTESIAN_POINT('',(126.059729593988,-71.6059564522678,6.));
#11259=CARTESIAN_POINT('Ctrl Pts',(126.091107863183,-72.47225930013,6.));
#11260=CARTESIAN_POINT('Ctrl Pts',(126.09223701547,-72.2857551905008,6.));
#11261=CARTESIAN_POINT('Ctrl Pts',(126.093988648297,-71.9964348529213,6.));
#11262=CARTESIAN_POINT('Ctrl Pts',(126.068712145086,-71.7083379177581,6.));
#11263=CARTESIAN_POINT('Ctrl Pts',(126.059729593988,-71.6059564522678,6.));
#11264=CARTESIAN_POINT('',(126.059729593988,-71.6059564522678,7.));
#11265=CARTESIAN_POINT('Ctrl Pts',(126.059729593988,-71.6059564522678,7.));
#11266=CARTESIAN_POINT('Ctrl Pts',(126.068712145086,-71.7083379177581,7.));
#11267=CARTESIAN_POINT('Ctrl Pts',(126.093988648297,-71.9964348529213,7.));
#11268=CARTESIAN_POINT('Ctrl Pts',(126.09223701547,-72.2857551905008,7.));
#11269=CARTESIAN_POINT('Ctrl Pts',(126.091107863183,-72.47225930013,7.));
#11270=CARTESIAN_POINT('',(126.059729593988,-71.6059564522678,6.));
#11271=CARTESIAN_POINT('Ctrl Pts',(125.935582655664,-71.258070962804,6.));
#11272=CARTESIAN_POINT('Ctrl Pts',(125.935582655664,-71.258070962804,7.));
#11273=CARTESIAN_POINT('Ctrl Pts',(125.963899853801,-71.3139073777224,6.));
#11274=CARTESIAN_POINT('Ctrl Pts',(125.963899853801,-71.3139073777224,7.));
#11275=CARTESIAN_POINT('Ctrl Pts',(126.020044049567,-71.4246136204383,6.));
#11276=CARTESIAN_POINT('Ctrl Pts',(126.020044049567,-71.4246136204383,7.));
#11277=CARTESIAN_POINT('Ctrl Pts',(126.046578303577,-71.545861718023,6.));
#11278=CARTESIAN_POINT('Ctrl Pts',(126.046578303577,-71.545861718023,7.));
#11279=CARTESIAN_POINT('Ctrl Pts',(126.059729593988,-71.6059564522678,6.));
#11280=CARTESIAN_POINT('Ctrl Pts',(126.059729593988,-71.6059564522678,7.));
#11281=CARTESIAN_POINT('',(125.935582655664,-71.258070962804,6.));
#11282=CARTESIAN_POINT('Ctrl Pts',(126.059729593988,-71.6059564522678,6.));
#11283=CARTESIAN_POINT('Ctrl Pts',(126.046578303577,-71.545861718023,6.));
#11284=CARTESIAN_POINT('Ctrl Pts',(126.020044049567,-71.4246136204383,6.));
#11285=CARTESIAN_POINT('Ctrl Pts',(125.963899853801,-71.3139073777224,6.));
#11286=CARTESIAN_POINT('Ctrl Pts',(125.935582655664,-71.258070962804,6.));
#11287=CARTESIAN_POINT('',(125.935582655664,-71.258070962804,7.));
#11288=CARTESIAN_POINT('Ctrl Pts',(125.935582655664,-71.258070962804,7.));
#11289=CARTESIAN_POINT('Ctrl Pts',(125.963899853801,-71.3139073777224,7.));
#11290=CARTESIAN_POINT('Ctrl Pts',(126.020044049567,-71.4246136204383,7.));
#11291=CARTESIAN_POINT('Ctrl Pts',(126.046578303577,-71.545861718023,7.));
#11292=CARTESIAN_POINT('Ctrl Pts',(126.059729593988,-71.6059564522678,7.));
#11293=CARTESIAN_POINT('',(125.935582655664,-71.258070962804,6.));
#11294=CARTESIAN_POINT('Origin',(126.448542612786,-71.258070962804,6.));
#11295=CARTESIAN_POINT('',(126.448542612786,-71.258070962804,6.));
#11296=CARTESIAN_POINT('',(116.157130266743,-71.258070962804,6.));
#11297=CARTESIAN_POINT('',(126.448542612786,-71.258070962804,7.));
#11298=CARTESIAN_POINT('',(125.935582655664,-71.258070962804,7.));
#11299=CARTESIAN_POINT('',(126.448542612786,-71.258070962804,6.));
#11300=CARTESIAN_POINT('Ctrl Pts',(126.54676868319,-71.6155063084537,6.));
#11301=CARTESIAN_POINT('Ctrl Pts',(126.54676868319,-71.6155063084537,7.));
#11302=CARTESIAN_POINT('Ctrl Pts',(126.537874414145,-71.5507951683096,6.));
#11303=CARTESIAN_POINT('Ctrl Pts',(126.537874414145,-71.5507951683096,7.));
#11304=CARTESIAN_POINT('Ctrl Pts',(126.520893176276,-71.4272464811776,6.));
#11305=CARTESIAN_POINT('Ctrl Pts',(126.520893176276,-71.4272464811776,7.));
#11306=CARTESIAN_POINT('Ctrl Pts',(126.471882804548,-71.3126467511552,6.));
#11307=CARTESIAN_POINT('Ctrl Pts',(126.471882804548,-71.3126467511552,7.));
#11308=CARTESIAN_POINT('Ctrl Pts',(126.448542612786,-71.258070962804,6.));
#11309=CARTESIAN_POINT('Ctrl Pts',(126.448542612786,-71.258070962804,7.));
#11310=CARTESIAN_POINT('Ctrl Pts',(126.448542612786,-71.258070962804,6.));
#11311=CARTESIAN_POINT('Ctrl Pts',(126.471882804548,-71.3126467511552,6.));
#11312=CARTESIAN_POINT('Ctrl Pts',(126.520893176276,-71.4272464811776,6.));
#11313=CARTESIAN_POINT('Ctrl Pts',(126.537874414145,-71.5507951683096,6.));
#11314=CARTESIAN_POINT('Ctrl Pts',(126.54676868319,-71.6155063084537,6.));
#11315=CARTESIAN_POINT('Ctrl Pts',(126.54676868319,-71.6155063084537,7.));
#11316=CARTESIAN_POINT('Ctrl Pts',(126.537874414145,-71.5507951683096,7.));
#11317=CARTESIAN_POINT('Ctrl Pts',(126.520893176276,-71.4272464811776,7.));
#11318=CARTESIAN_POINT('Ctrl Pts',(126.471882804548,-71.3126467511552,7.));
#11319=CARTESIAN_POINT('Ctrl Pts',(126.448542612786,-71.258070962804,7.));
#11320=CARTESIAN_POINT('Origin',(141.12657910883,-72.6700765363151,7.));
#11321=CARTESIAN_POINT('Origin',(105.865717920699,-72.2580710224086,6.));
#11322=CARTESIAN_POINT('Origin',(134.33940364718,-74.1557516626293,6.));
#11323=CARTESIAN_POINT('',(134.33940364718,-71.258070962804,6.));
#11324=CARTESIAN_POINT('',(134.33940364718,-74.1557516626293,6.));
#11325=CARTESIAN_POINT('',(134.33940364718,-73.2069113425189,6.));
#11326=CARTESIAN_POINT('',(134.33940364718,-71.258070962804,7.));
#11327=CARTESIAN_POINT('',(134.33940364718,-71.258070962804,6.));
#11328=CARTESIAN_POINT('',(134.33940364718,-74.1557516626293,7.));
#11329=CARTESIAN_POINT('',(134.33940364718,-71.258070962804,7.));
#11330=CARTESIAN_POINT('',(134.33940364718,-74.1557516626293,6.));
#11331=CARTESIAN_POINT('Origin',(133.897385138269,-74.1557516626293,6.));
#11332=CARTESIAN_POINT('',(133.897385138269,-74.1557516626293,6.));
#11333=CARTESIAN_POINT('',(119.881551529484,-74.1557516626293,6.));
#11334=CARTESIAN_POINT('',(133.897385138269,-74.1557516626293,7.));
#11335=CARTESIAN_POINT('',(134.33940364718,-74.1557516626293,7.));
#11336=CARTESIAN_POINT('',(133.897385138269,-74.1557516626293,6.));
#11337=CARTESIAN_POINT('Origin',(133.897385138269,-73.7437461785251,6.));
#11338=CARTESIAN_POINT('',(133.897385138269,-73.7437461785251,6.));
#11339=CARTESIAN_POINT('',(133.897385138269,-73.0009086004669,6.));
#11340=CARTESIAN_POINT('',(133.897385138269,-73.7437461785251,7.));
#11341=CARTESIAN_POINT('',(133.897385138269,-74.1557516626293,7.));
#11342=CARTESIAN_POINT('',(133.897385138269,-73.7437461785251,6.));
#11343=CARTESIAN_POINT('Ctrl Pts',(132.975146311517,-74.2212360075885,6.));
#11344=CARTESIAN_POINT('Ctrl Pts',(132.975146311517,-74.2212360075885,7.));
#11345=CARTESIAN_POINT('Ctrl Pts',(133.163518923081,-74.2025269122895,6.));
#11346=CARTESIAN_POINT('Ctrl Pts',(133.163518923081,-74.2025269122895,7.));
#11347=CARTESIAN_POINT('Ctrl Pts',(133.534848980497,-74.1656465538665,6.));
#11348=CARTESIAN_POINT('Ctrl Pts',(133.534848980497,-74.1656465538665,7.));
#11349=CARTESIAN_POINT('Ctrl Pts',(133.777720363105,-73.8830057047117,6.));
#11350=CARTESIAN_POINT('Ctrl Pts',(133.777720363105,-73.8830057047117,7.));
#11351=CARTESIAN_POINT('Ctrl Pts',(133.897385138269,-73.7437461785251,6.));
#11352=CARTESIAN_POINT('Ctrl Pts',(133.897385138269,-73.7437461785251,7.));
#11353=CARTESIAN_POINT('',(132.975146311517,-74.2212360075885,6.));
#11354=CARTESIAN_POINT('Ctrl Pts',(133.897385138269,-73.7437461785251,6.));
#11355=CARTESIAN_POINT('Ctrl Pts',(133.777720363105,-73.8830057047117,6.));
#11356=CARTESIAN_POINT('Ctrl Pts',(133.534848980497,-74.1656465538665,6.));
#11357=CARTESIAN_POINT('Ctrl Pts',(133.163518923081,-74.2025269122895,6.));
#11358=CARTESIAN_POINT('Ctrl Pts',(132.975146311517,-74.2212360075885,6.));
#11359=CARTESIAN_POINT('',(132.975146311517,-74.2212360075885,7.));
#11360=CARTESIAN_POINT('Ctrl Pts',(132.975146311517,-74.2212360075885,7.));
#11361=CARTESIAN_POINT('Ctrl Pts',(133.163518923081,-74.2025269122895,7.));
#11362=CARTESIAN_POINT('Ctrl Pts',(133.534848980497,-74.1656465538665,7.));
#11363=CARTESIAN_POINT('Ctrl Pts',(133.777720363105,-73.8830057047117,7.));
#11364=CARTESIAN_POINT('Ctrl Pts',(133.897385138269,-73.7437461785251,7.));
#11365=CARTESIAN_POINT('',(132.975146311517,-74.2212360075885,6.));
#11366=CARTESIAN_POINT('Ctrl Pts',(132.49356462359,-74.1271023920947,6.));
#11367=CARTESIAN_POINT('Ctrl Pts',(132.49356462359,-74.1271023920947,7.));
#11368=CARTESIAN_POINT('Ctrl Pts',(132.569528722355,-74.1545537477781,6.));
#11369=CARTESIAN_POINT('Ctrl Pts',(132.569528722355,-74.1545537477781,7.));
#11370=CARTESIAN_POINT('Ctrl Pts',(132.725135255301,-74.2107857093491,6.));
#11371=CARTESIAN_POINT('Ctrl Pts',(132.725135255301,-74.2107857093491,7.));
#11372=CARTESIAN_POINT('Ctrl Pts',(132.89050624133,-74.2176981081458,6.));
#11373=CARTESIAN_POINT('Ctrl Pts',(132.89050624133,-74.2176981081458,7.));
#11374=CARTESIAN_POINT('Ctrl Pts',(132.975146311517,-74.2212360075885,6.));
#11375=CARTESIAN_POINT('Ctrl Pts',(132.975146311517,-74.2212360075885,7.));
#11376=CARTESIAN_POINT('',(132.49356462359,-74.1271023920947,6.));
#11377=CARTESIAN_POINT('Ctrl Pts',(132.975146311517,-74.2212360075885,6.));
#11378=CARTESIAN_POINT('Ctrl Pts',(132.89050624133,-74.2176981081458,6.));
#11379=CARTESIAN_POINT('Ctrl Pts',(132.725135255301,-74.2107857093491,6.));
#11380=CARTESIAN_POINT('Ctrl Pts',(132.569528722355,-74.1545537477781,6.));
#11381=CARTESIAN_POINT('Ctrl Pts',(132.49356462359,-74.1271023920947,6.));
#11382=CARTESIAN_POINT('',(132.49356462359,-74.1271023920947,7.));
#11383=CARTESIAN_POINT('Ctrl Pts',(132.49356462359,-74.1271023920947,7.));
#11384=CARTESIAN_POINT('Ctrl Pts',(132.569528722355,-74.1545537477781,7.));
#11385=CARTESIAN_POINT('Ctrl Pts',(132.725135255301,-74.2107857093491,7.));
#11386=CARTESIAN_POINT('Ctrl Pts',(132.89050624133,-74.2176981081458,7.));
#11387=CARTESIAN_POINT('Ctrl Pts',(132.975146311517,-74.2212360075885,7.));
#11388=CARTESIAN_POINT('',(132.49356462359,-74.1271023920947,6.));
#11389=CARTESIAN_POINT('Ctrl Pts',(132.164778250451,-73.880171971696,6.));
#11390=CARTESIAN_POINT('Ctrl Pts',(132.164778250451,-73.880171971696,7.));
#11391=CARTESIAN_POINT('Ctrl Pts',(132.207841646543,-73.9295174471626,6.));
#11392=CARTESIAN_POINT('Ctrl Pts',(132.207841646543,-73.9295174471626,7.));
#11393=CARTESIAN_POINT('Ctrl Pts',(132.299798671108,-74.0348891435791,6.));
#11394=CARTESIAN_POINT('Ctrl Pts',(132.299798671108,-74.0348891435791,7.));
#11395=CARTESIAN_POINT('Ctrl Pts',(132.426302454143,-74.0950923146405,6.));
#11396=CARTESIAN_POINT('Ctrl Pts',(132.426302454143,-74.0950923146405,7.));
#11397=CARTESIAN_POINT('Ctrl Pts',(132.49356462359,-74.1271023920947,6.));
#11398=CARTESIAN_POINT('Ctrl Pts',(132.49356462359,-74.1271023920947,7.));
#11399=CARTESIAN_POINT('',(132.164778250451,-73.880171971696,6.));
#11400=CARTESIAN_POINT('Ctrl Pts',(132.49356462359,-74.1271023920947,6.));
#11401=CARTESIAN_POINT('Ctrl Pts',(132.426302454143,-74.0950923146405,6.));
#11402=CARTESIAN_POINT('Ctrl Pts',(132.299798671108,-74.0348891435791,6.));
#11403=CARTESIAN_POINT('Ctrl Pts',(132.207841646543,-73.9295174471626,6.));
#11404=CARTESIAN_POINT('Ctrl Pts',(132.164778250451,-73.880171971696,6.));
#11405=CARTESIAN_POINT('',(132.164778250451,-73.880171971696,7.));
#11406=CARTESIAN_POINT('Ctrl Pts',(132.164778250451,-73.880171971696,7.));
#11407=CARTESIAN_POINT('Ctrl Pts',(132.207841646543,-73.9295174471626,7.));
#11408=CARTESIAN_POINT('Ctrl Pts',(132.299798671108,-74.0348891435791,7.));
#11409=CARTESIAN_POINT('Ctrl Pts',(132.426302454143,-74.0950923146405,7.));
#11410=CARTESIAN_POINT('Ctrl Pts',(132.49356462359,-74.1271023920947,7.));
#11411=CARTESIAN_POINT('',(132.164778250451,-73.880171971696,6.));
#11412=CARTESIAN_POINT('Ctrl Pts',(132.011982935662,-73.5172795227939,6.));
#11413=CARTESIAN_POINT('Ctrl Pts',(132.011982935662,-73.5172795227939,7.));
#11414=CARTESIAN_POINT('Ctrl Pts',(132.028598331169,-73.5839794167317,6.));
#11415=CARTESIAN_POINT('Ctrl Pts',(132.028598331169,-73.5839794167317,7.));
#11416=CARTESIAN_POINT('Ctrl Pts',(132.060723796606,-73.7129420487907,6.));
#11417=CARTESIAN_POINT('Ctrl Pts',(132.060723796606,-73.7129420487907,7.));
#11418=CARTESIAN_POINT('Ctrl Pts',(132.130898252185,-73.8257221207894,6.));
#11419=CARTESIAN_POINT('Ctrl Pts',(132.130898252185,-73.8257221207894,7.));
#11420=CARTESIAN_POINT('Ctrl Pts',(132.164778250451,-73.880171971696,6.));
#11421=CARTESIAN_POINT('Ctrl Pts',(132.164778250451,-73.880171971696,7.));
#11422=CARTESIAN_POINT('',(132.011982935662,-73.5172795227939,6.));
#11423=CARTESIAN_POINT('Ctrl Pts',(132.164778250451,-73.880171971696,6.));
#11424=CARTESIAN_POINT('Ctrl Pts',(132.130898252185,-73.8257221207894,6.));
#11425=CARTESIAN_POINT('Ctrl Pts',(132.060723796606,-73.7129420487907,6.));
#11426=CARTESIAN_POINT('Ctrl Pts',(132.028598331169,-73.5839794167317,6.));
#11427=CARTESIAN_POINT('Ctrl Pts',(132.011982935662,-73.5172795227939,6.));
#11428=CARTESIAN_POINT('',(132.011982935662,-73.5172795227939,7.));
#11429=CARTESIAN_POINT('Ctrl Pts',(132.011982935662,-73.5172795227939,7.));
#11430=CARTESIAN_POINT('Ctrl Pts',(132.028598331169,-73.5839794167317,7.));
#11431=CARTESIAN_POINT('Ctrl Pts',(132.060723796606,-73.7129420487907,7.));
#11432=CARTESIAN_POINT('Ctrl Pts',(132.130898252185,-73.8257221207894,7.));
#11433=CARTESIAN_POINT('Ctrl Pts',(132.164778250451,-73.880171971696,7.));
#11434=CARTESIAN_POINT('',(132.011982935662,-73.5172795227939,6.));
#11435=CARTESIAN_POINT('Ctrl Pts',(131.984695929284,-73.0397896937305,6.));
#11436=CARTESIAN_POINT('Ctrl Pts',(131.984695929284,-73.0397896937305,7.));
#11437=CARTESIAN_POINT('Ctrl Pts',(131.984482852958,-73.1365891312089,6.));
#11438=CARTESIAN_POINT('Ctrl Pts',(131.984482852958,-73.1365891312089,7.));
#11439=CARTESIAN_POINT('Ctrl Pts',(131.984131123877,-73.2963777743545,6.));
#11440=CARTESIAN_POINT('Ctrl Pts',(131.984131123877,-73.2963777743545,7.));
#11441=CARTESIAN_POINT('Ctrl Pts',(132.004107989791,-73.4548207741399,6.));
#11442=CARTESIAN_POINT('Ctrl Pts',(132.004107989791,-73.4548207741399,7.));
#11443=CARTESIAN_POINT('Ctrl Pts',(132.011982935662,-73.5172795227939,6.));
#11444=CARTESIAN_POINT('Ctrl Pts',(132.011982935662,-73.5172795227939,7.));
#11445=CARTESIAN_POINT('',(131.984695929284,-73.0397896937305,6.));
#11446=CARTESIAN_POINT('Ctrl Pts',(132.011982935662,-73.5172795227939,6.));
#11447=CARTESIAN_POINT('Ctrl Pts',(132.004107989791,-73.4548207741399,6.));
#11448=CARTESIAN_POINT('Ctrl Pts',(131.984131123877,-73.2963777743545,6.));
#11449=CARTESIAN_POINT('Ctrl Pts',(131.984482852958,-73.1365891312089,6.));
#11450=CARTESIAN_POINT('Ctrl Pts',(131.984695929284,-73.0397896937305,6.));
#11451=CARTESIAN_POINT('',(131.984695929284,-73.0397896937305,7.));
#11452=CARTESIAN_POINT('Ctrl Pts',(131.984695929284,-73.0397896937305,7.));
#11453=CARTESIAN_POINT('Ctrl Pts',(131.984482852958,-73.1365891312089,7.));
#11454=CARTESIAN_POINT('Ctrl Pts',(131.984131123877,-73.2963777743545,7.));
#11455=CARTESIAN_POINT('Ctrl Pts',(132.004107989791,-73.4548207741399,7.));
#11456=CARTESIAN_POINT('Ctrl Pts',(132.011982935662,-73.5172795227939,7.));
#11457=CARTESIAN_POINT('',(131.984695929284,-73.0397896937305,6.));
#11458=CARTESIAN_POINT('Origin',(131.984695929284,-71.258070962804,6.));
#11459=CARTESIAN_POINT('',(131.984695929284,-71.258070962804,6.));
#11460=CARTESIAN_POINT('',(131.984695929284,-71.7580709926063,6.));
#11461=CARTESIAN_POINT('',(131.984695929284,-71.258070962804,7.));
#11462=CARTESIAN_POINT('',(131.984695929284,-73.0397896937305,7.));
#11463=CARTESIAN_POINT('',(131.984695929284,-71.258070962804,6.));
#11464=CARTESIAN_POINT('Origin',(132.47582866549,-71.258070962804,6.));
#11465=CARTESIAN_POINT('',(132.47582866549,-71.258070962804,6.));
#11466=CARTESIAN_POINT('',(119.170773293094,-71.258070962804,6.));
#11467=CARTESIAN_POINT('',(132.47582866549,-71.258070962804,7.));
#11468=CARTESIAN_POINT('',(131.984695929284,-71.258070962804,7.));
#11469=CARTESIAN_POINT('',(132.47582866549,-71.258070962804,6.));
#11470=CARTESIAN_POINT('Origin',(132.47582866549,-73.0206902793819,6.));
#11471=CARTESIAN_POINT('',(132.47582866549,-73.0206902793819,6.));
#11472=CARTESIAN_POINT('',(132.47582866549,-72.6393806508953,6.));
#11473=CARTESIAN_POINT('',(132.47582866549,-73.0206902793819,7.));
#11474=CARTESIAN_POINT('',(132.47582866549,-71.258070962804,7.));
#11475=CARTESIAN_POINT('',(132.47582866549,-73.0206902793819,6.));
#11476=CARTESIAN_POINT('Ctrl Pts',(132.533127802606,-73.4695308379108,6.));
#11477=CARTESIAN_POINT('Ctrl Pts',(132.533127802606,-73.4695308379108,7.));
#11478=CARTESIAN_POINT('Ctrl Pts',(132.516516809561,-73.4076666957638,6.));
#11479=CARTESIAN_POINT('Ctrl Pts',(132.516516809561,-73.4076666957638,7.));
#11480=CARTESIAN_POINT('Ctrl Pts',(132.477115308435,-73.2609241102976,6.));
#11481=CARTESIAN_POINT('Ctrl Pts',(132.477115308435,-73.2609241102976,7.));
#11482=CARTESIAN_POINT('Ctrl Pts',(132.476300160893,-73.1087249181522,6.));
#11483=CARTESIAN_POINT('Ctrl Pts',(132.476300160893,-73.1087249181522,7.));
#11484=CARTESIAN_POINT('Ctrl Pts',(132.47582866549,-73.0206902793819,6.));
#11485=CARTESIAN_POINT('Ctrl Pts',(132.47582866549,-73.0206902793819,7.));
#11486=CARTESIAN_POINT('',(132.533127802606,-73.4695308379108,6.));
#11487=CARTESIAN_POINT('Ctrl Pts',(132.47582866549,-73.0206902793819,6.));
#11488=CARTESIAN_POINT('Ctrl Pts',(132.476300160893,-73.1087249181522,6.));
#11489=CARTESIAN_POINT('Ctrl Pts',(132.477115308435,-73.2609241102976,6.));
#11490=CARTESIAN_POINT('Ctrl Pts',(132.516516809561,-73.4076666957638,6.));
#11491=CARTESIAN_POINT('Ctrl Pts',(132.533127802606,-73.4695308379108,6.));
#11492=CARTESIAN_POINT('',(132.533127802606,-73.4695308379108,7.));
#11493=CARTESIAN_POINT('Ctrl Pts',(132.533127802606,-73.4695308379108,7.));
#11494=CARTESIAN_POINT('Ctrl Pts',(132.516516809561,-73.4076666957638,7.));
#11495=CARTESIAN_POINT('Ctrl Pts',(132.477115308435,-73.2609241102976,7.));
#11496=CARTESIAN_POINT('Ctrl Pts',(132.476300160893,-73.1087249181522,7.));
#11497=CARTESIAN_POINT('Ctrl Pts',(132.47582866549,-73.0206902793819,7.));
#11498=CARTESIAN_POINT('',(132.533127802606,-73.4695308379108,6.));
#11499=CARTESIAN_POINT('Ctrl Pts',(132.736401098962,-73.7069111041004,6.));
#11500=CARTESIAN_POINT('Ctrl Pts',(132.736401098962,-73.7069111041004,7.));
#11501=CARTESIAN_POINT('Ctrl Pts',(132.691626499046,-73.6753327552396,6.));
#11502=CARTESIAN_POINT('Ctrl Pts',(132.691626499046,-73.6753327552396,7.));
#11503=CARTESIAN_POINT('Ctrl Pts',(132.603728806164,-73.6133408219757,6.));
#11504=CARTESIAN_POINT('Ctrl Pts',(132.603728806164,-73.6133408219757,7.));
#11505=CARTESIAN_POINT('Ctrl Pts',(132.556364830382,-73.5168632613288,6.));
#11506=CARTESIAN_POINT('Ctrl Pts',(132.556364830382,-73.5168632613288,7.));
#11507=CARTESIAN_POINT('Ctrl Pts',(132.533127802606,-73.4695308379108,6.));
#11508=CARTESIAN_POINT('Ctrl Pts',(132.533127802606,-73.4695308379108,7.));
#11509=CARTESIAN_POINT('',(132.736401098962,-73.7069111041004,6.));
#11510=CARTESIAN_POINT('Ctrl Pts',(132.533127802606,-73.4695308379108,6.));
#11511=CARTESIAN_POINT('Ctrl Pts',(132.556364830382,-73.5168632613288,6.));
#11512=CARTESIAN_POINT('Ctrl Pts',(132.603728806164,-73.6133408219757,6.));
#11513=CARTESIAN_POINT('Ctrl Pts',(132.691626499046,-73.6753327552396,6.));
#11514=CARTESIAN_POINT('Ctrl Pts',(132.736401098962,-73.7069111041004,6.));
#11515=CARTESIAN_POINT('',(132.736401098962,-73.7069111041004,7.));
#11516=CARTESIAN_POINT('Ctrl Pts',(132.736401098962,-73.7069111041004,7.));
#11517=CARTESIAN_POINT('Ctrl Pts',(132.691626499046,-73.6753327552396,7.));
#11518=CARTESIAN_POINT('Ctrl Pts',(132.603728806164,-73.6133408219757,7.));
#11519=CARTESIAN_POINT('Ctrl Pts',(132.556364830382,-73.5168632613288,7.));
#11520=CARTESIAN_POINT('Ctrl Pts',(132.533127802606,-73.4695308379108,7.));
#11521=CARTESIAN_POINT('',(132.736401098962,-73.7069111041004,6.));
#11522=CARTESIAN_POINT('Ctrl Pts',(133.078829783197,-73.7955879143649,6.));
#11523=CARTESIAN_POINT('Ctrl Pts',(133.078829783197,-73.7955879143649,7.));
#11524=CARTESIAN_POINT('Ctrl Pts',(133.016422443096,-73.7924701141691,6.));
#11525=CARTESIAN_POINT('Ctrl Pts',(133.016422443096,-73.7924701141691,7.));
#11526=CARTESIAN_POINT('Ctrl Pts',(132.896052607167,-73.7864565731748,6.));
#11527=CARTESIAN_POINT('Ctrl Pts',(132.896052607167,-73.7864565731748,7.));
#11528=CARTESIAN_POINT('Ctrl Pts',(132.788291857004,-73.7327653834337,6.));
#11529=CARTESIAN_POINT('Ctrl Pts',(132.788291857004,-73.7327653834337,7.));
#11530=CARTESIAN_POINT('Ctrl Pts',(132.736401098962,-73.7069111041004,6.));
#11531=CARTESIAN_POINT('Ctrl Pts',(132.736401098962,-73.7069111041004,7.));
#11532=CARTESIAN_POINT('',(133.078829783197,-73.7955879143649,6.));
#11533=CARTESIAN_POINT('Ctrl Pts',(132.736401098962,-73.7069111041004,6.));
#11534=CARTESIAN_POINT('Ctrl Pts',(132.788291857004,-73.7327653834337,6.));
#11535=CARTESIAN_POINT('Ctrl Pts',(132.896052607167,-73.7864565731748,6.));
#11536=CARTESIAN_POINT('Ctrl Pts',(133.016422443096,-73.7924701141691,6.));
#11537=CARTESIAN_POINT('Ctrl Pts',(133.078829783197,-73.7955879143649,6.));
#11538=CARTESIAN_POINT('',(133.078829783197,-73.7955879143649,7.));
#11539=CARTESIAN_POINT('Ctrl Pts',(133.078829783197,-73.7955879143649,7.));
#11540=CARTESIAN_POINT('Ctrl Pts',(133.016422443096,-73.7924701141691,7.));
#11541=CARTESIAN_POINT('Ctrl Pts',(132.896052607167,-73.7864565731748,7.));
#11542=CARTESIAN_POINT('Ctrl Pts',(132.788291857004,-73.7327653834337,7.));
#11543=CARTESIAN_POINT('Ctrl Pts',(132.736401098962,-73.7069111041004,7.));
#11544=CARTESIAN_POINT('',(133.078829783197,-73.7955879143649,6.));
#11545=CARTESIAN_POINT('Ctrl Pts',(133.62044050097,-73.5964064768726,6.));
#11546=CARTESIAN_POINT('Ctrl Pts',(133.62044050097,-73.5964064768726,7.));
#11547=CARTESIAN_POINT('Ctrl Pts',(133.54040327864,-73.6544993544968,6.));
#11548=CARTESIAN_POINT('Ctrl Pts',(133.54040327864,-73.6544993544968,7.));
#11549=CARTESIAN_POINT('Ctrl Pts',(133.378716478631,-73.7718553947603,6.));
#11550=CARTESIAN_POINT('Ctrl Pts',(133.378716478631,-73.7718553947603,7.));
#11551=CARTESIAN_POINT('Ctrl Pts',(133.179454368252,-73.7876246569951,6.));
#11552=CARTESIAN_POINT('Ctrl Pts',(133.179454368252,-73.7876246569951,7.));
#11553=CARTESIAN_POINT('Ctrl Pts',(133.078829783197,-73.7955879143649,6.));
#11554=CARTESIAN_POINT('Ctrl Pts',(133.078829783197,-73.7955879143649,7.));
#11555=CARTESIAN_POINT('',(133.62044050097,-73.5964064768726,6.));
#11556=CARTESIAN_POINT('Ctrl Pts',(133.078829783197,-73.7955879143649,6.));
#11557=CARTESIAN_POINT('Ctrl Pts',(133.179454368252,-73.7876246569951,6.));
#11558=CARTESIAN_POINT('Ctrl Pts',(133.378716478631,-73.7718553947603,6.));
#11559=CARTESIAN_POINT('Ctrl Pts',(133.54040327864,-73.6544993544968,6.));
#11560=CARTESIAN_POINT('Ctrl Pts',(133.62044050097,-73.5964064768726,6.));
#11561=CARTESIAN_POINT('',(133.62044050097,-73.5964064768726,7.));
#11562=CARTESIAN_POINT('Ctrl Pts',(133.62044050097,-73.5964064768726,7.));
#11563=CARTESIAN_POINT('Ctrl Pts',(133.54040327864,-73.6544993544968,7.));
#11564=CARTESIAN_POINT('Ctrl Pts',(133.378716478631,-73.7718553947603,7.));
#11565=CARTESIAN_POINT('Ctrl Pts',(133.179454368252,-73.7876246569951,7.));
#11566=CARTESIAN_POINT('Ctrl Pts',(133.078829783197,-73.7955879143649,7.));
#11567=CARTESIAN_POINT('',(133.62044050097,-73.5964064768726,6.));
#11568=CARTESIAN_POINT('Ctrl Pts',(133.848270910974,-72.8406082562381,6.));
#11569=CARTESIAN_POINT('Ctrl Pts',(133.848270910974,-72.8406082562381,7.));
#11570=CARTESIAN_POINT('Ctrl Pts',(133.847085899949,-73.0024181256362,6.));
#11571=CARTESIAN_POINT('Ctrl Pts',(133.847085899949,-73.0024181256362,7.));
#11572=CARTESIAN_POINT('Ctrl Pts',(133.845056684526,-73.2795016932503,6.));
#11573=CARTESIAN_POINT('Ctrl Pts',(133.845056684526,-73.2795016932503,7.));
#11574=CARTESIAN_POINT('Ctrl Pts',(133.686432239655,-73.5033005512994,6.));
#11575=CARTESIAN_POINT('Ctrl Pts',(133.686432239655,-73.5033005512994,7.));
#11576=CARTESIAN_POINT('Ctrl Pts',(133.62044050097,-73.5964064768726,6.));
#11577=CARTESIAN_POINT('Ctrl Pts',(133.62044050097,-73.5964064768726,7.));
#11578=CARTESIAN_POINT('',(133.848270910974,-72.8406082562381,6.));
#11579=CARTESIAN_POINT('Ctrl Pts',(133.62044050097,-73.5964064768726,6.));
#11580=CARTESIAN_POINT('Ctrl Pts',(133.686432239655,-73.5033005512994,6.));
#11581=CARTESIAN_POINT('Ctrl Pts',(133.845056684526,-73.2795016932503,6.));
#11582=CARTESIAN_POINT('Ctrl Pts',(133.847085899949,-73.0024181256362,6.));
#11583=CARTESIAN_POINT('Ctrl Pts',(133.848270910974,-72.8406082562381,6.));
#11584=CARTESIAN_POINT('',(133.848270910974,-72.8406082562381,7.));
#11585=CARTESIAN_POINT('Ctrl Pts',(133.848270910974,-72.8406082562381,7.));
#11586=CARTESIAN_POINT('Ctrl Pts',(133.847085899949,-73.0024181256362,7.));
#11587=CARTESIAN_POINT('Ctrl Pts',(133.845056684526,-73.2795016932503,7.));
#11588=CARTESIAN_POINT('Ctrl Pts',(133.686432239655,-73.5033005512994,7.));
#11589=CARTESIAN_POINT('Ctrl Pts',(133.62044050097,-73.5964064768726,7.));
#11590=CARTESIAN_POINT('',(133.848270910974,-72.8406082562381,6.));
#11591=CARTESIAN_POINT('Origin',(133.848270910974,-71.258070962804,6.));
#11592=CARTESIAN_POINT('',(133.848270910974,-71.258070962804,6.));
#11593=CARTESIAN_POINT('',(133.848270910974,-71.7580709926063,6.));
#11594=CARTESIAN_POINT('',(133.848270910974,-71.258070962804,7.));
#11595=CARTESIAN_POINT('',(133.848270910974,-72.8406082562381,7.));
#11596=CARTESIAN_POINT('',(133.848270910974,-71.258070962804,6.));
#11597=CARTESIAN_POINT('Origin',(134.33940364718,-71.258070962804,6.));
#11598=CARTESIAN_POINT('',(120.102560783939,-71.258070962804,6.));
#11599=CARTESIAN_POINT('',(133.848270910974,-71.258070962804,7.));
#11600=CARTESIAN_POINT('Origin',(141.12657910883,-72.6700765363151,7.));
#11601=CARTESIAN_POINT('Origin',(135.57814790606,-75.2580710224086,6.));
#11602=CARTESIAN_POINT('',(135.57814790606,-74.6932687333995,6.));
#11603=CARTESIAN_POINT('',(135.57814790606,-75.2580710224086,6.));
#11604=CARTESIAN_POINT('',(135.57814790606,-73.7580710224086,6.));
#11605=CARTESIAN_POINT('',(135.57814790606,-74.6932687333995,7.));
#11606=CARTESIAN_POINT('',(135.57814790606,-74.6932687333995,6.));
#11607=CARTESIAN_POINT('',(135.57814790606,-75.2580710224086,7.));
#11608=CARTESIAN_POINT('',(135.57814790606,-74.6932687333995,7.));
#11609=CARTESIAN_POINT('',(135.57814790606,-75.2580710224086,6.));
#11610=CARTESIAN_POINT('Origin',(135.087015169854,-75.2580710224086,6.));
#11611=CARTESIAN_POINT('',(135.087015169854,-75.2580710224086,6.));
#11612=CARTESIAN_POINT('',(120.476366545276,-75.2580710224086,6.));
#11613=CARTESIAN_POINT('',(135.087015169854,-75.2580710224086,7.));
#11614=CARTESIAN_POINT('',(135.57814790606,-75.2580710224086,7.));
#11615=CARTESIAN_POINT('',(135.087015169854,-75.2580710224086,6.));
#11616=CARTESIAN_POINT('Origin',(135.087015169854,-74.6932687333995,6.));
#11617=CARTESIAN_POINT('',(135.087015169854,-74.6932687333995,6.));
#11618=CARTESIAN_POINT('',(135.087015169854,-73.4756698779041,6.));
#11619=CARTESIAN_POINT('',(135.087015169854,-74.6932687333995,7.));
#11620=CARTESIAN_POINT('',(135.087015169854,-75.2580710224086,7.));
#11621=CARTESIAN_POINT('',(135.087015169854,-74.6932687333995,6.));
#11622=CARTESIAN_POINT('Origin',(135.57814790606,-74.6932687333995,6.));
#11623=CARTESIAN_POINT('',(120.721932913379,-74.6932687333995,6.));
#11624=CARTESIAN_POINT('',(135.087015169854,-74.6932687333995,7.));
#11625=CARTESIAN_POINT('Origin',(141.12657910883,-72.6700765363151,7.));
#11626=CARTESIAN_POINT('Origin',(143.294381636376,-71.6564338377887,6.));
#11627=CARTESIAN_POINT('',(143.294381636376,-71.258070962804,6.));
#11628=CARTESIAN_POINT('',(143.294381636376,-71.6564338377887,6.));
#11629=CARTESIAN_POINT('',(143.294381636376,-71.9572524300987,6.));
#11630=CARTESIAN_POINT('',(143.294381636376,-71.258070962804,7.));
#11631=CARTESIAN_POINT('',(143.294381636376,-71.258070962804,6.));
#11632=CARTESIAN_POINT('',(143.294381636376,-71.6564338377887,7.));
#11633=CARTESIAN_POINT('',(143.294381636376,-71.258070962804,7.));
#11634=CARTESIAN_POINT('',(143.294381636376,-71.6564338377887,6.));
#11635=CARTESIAN_POINT('Origin',(141.449906367059,-73.7737597993785,6.));
#11636=CARTESIAN_POINT('',(141.449906367059,-73.7737597993785,6.));
#11637=CARTESIAN_POINT('',(134.148767324857,-82.1549463082926,6.));
#11638=CARTESIAN_POINT('',(141.449906367059,-73.7737597993785,7.));
#11639=CARTESIAN_POINT('',(143.294381636376,-71.6564338377887,7.));
#11640=CARTESIAN_POINT('',(141.449906367059,-73.7737597993785,6.));
#11641=CARTESIAN_POINT('Ctrl Pts',(142.003795641656,-73.7573887876445,6.));
#11642=CARTESIAN_POINT('Ctrl Pts',(142.003795641656,-73.7573887876445,7.));
#11643=CARTESIAN_POINT('Ctrl Pts',(141.917605210313,-73.7582362163058,6.));
#11644=CARTESIAN_POINT('Ctrl Pts',(141.917605210313,-73.7582362163058,7.));
#11645=CARTESIAN_POINT('Ctrl Pts',(141.732870979489,-73.760052532566,6.));
#11646=CARTESIAN_POINT('Ctrl Pts',(141.732870979489,-73.760052532566,7.));
#11647=CARTESIAN_POINT('Ctrl Pts',(141.548341138006,-73.7689914587107,6.));
#11648=CARTESIAN_POINT('Ctrl Pts',(141.548341138006,-73.7689914587107,7.));
#11649=CARTESIAN_POINT('Ctrl Pts',(141.449906367059,-73.7737597993785,6.));
#11650=CARTESIAN_POINT('Ctrl Pts',(141.449906367059,-73.7737597993785,7.));
#11651=CARTESIAN_POINT('',(142.003795641656,-73.7573887876445,6.));
#11652=CARTESIAN_POINT('Ctrl Pts',(141.449906367059,-73.7737597993785,6.));
#11653=CARTESIAN_POINT('Ctrl Pts',(141.548341138006,-73.7689914587107,6.));
#11654=CARTESIAN_POINT('Ctrl Pts',(141.732870979489,-73.760052532566,6.));
#11655=CARTESIAN_POINT('Ctrl Pts',(141.917605210313,-73.7582362163058,6.));
#11656=CARTESIAN_POINT('Ctrl Pts',(142.003795641656,-73.7573887876445,6.));
#11657=CARTESIAN_POINT('',(142.003795641656,-73.7573887876445,7.));
#11658=CARTESIAN_POINT('Ctrl Pts',(142.003795641656,-73.7573887876445,7.));
#11659=CARTESIAN_POINT('Ctrl Pts',(141.917605210313,-73.7582362163058,7.));
#11660=CARTESIAN_POINT('Ctrl Pts',(141.732870979489,-73.760052532566,7.));
#11661=CARTESIAN_POINT('Ctrl Pts',(141.548341138006,-73.7689914587107,7.));
#11662=CARTESIAN_POINT('Ctrl Pts',(141.449906367059,-73.7737597993785,7.));
#11663=CARTESIAN_POINT('',(142.003795641656,-73.7573887876445,6.));
#11664=CARTESIAN_POINT('Origin',(143.185240763421,-73.7573887876445,6.));
#11665=CARTESIAN_POINT('',(143.185240763421,-73.7573887876445,6.));
#11666=CARTESIAN_POINT('',(124.52547934206,-73.7573887876445,6.));
#11667=CARTESIAN_POINT('',(143.185240763421,-73.7573887876445,7.));
#11668=CARTESIAN_POINT('',(142.003795641656,-73.7573887876445,7.));
#11669=CARTESIAN_POINT('',(143.185240763421,-73.7573887876445,6.));
#11670=CARTESIAN_POINT('Origin',(143.185240763421,-74.1557516626293,6.));
#11671=CARTESIAN_POINT('',(143.185240763421,-74.1557516626293,6.));
#11672=CARTESIAN_POINT('',(143.185240763421,-73.2069113425189,6.));
#11673=CARTESIAN_POINT('',(143.185240763421,-74.1557516626293,7.));
#11674=CARTESIAN_POINT('',(143.185240763421,-73.7573887876445,7.));
#11675=CARTESIAN_POINT('',(143.185240763421,-74.1557516626293,6.));
#11676=CARTESIAN_POINT('Origin',(140.816893118615,-74.1557516626293,6.));
#11677=CARTESIAN_POINT('',(140.816893118615,-74.1557516626293,6.));
#11678=CARTESIAN_POINT('',(123.341305519657,-74.1557516626293,6.));
#11679=CARTESIAN_POINT('',(140.816893118615,-74.1557516626293,7.));
#11680=CARTESIAN_POINT('',(143.185240763421,-74.1557516626293,7.));
#11681=CARTESIAN_POINT('',(140.816893118615,-74.1557516626293,6.));
#11682=CARTESIAN_POINT('Origin',(140.816893118615,-73.8310586384708,6.));
#11683=CARTESIAN_POINT('',(140.816893118615,-73.8310586384708,6.));
#11684=CARTESIAN_POINT('',(140.816893118615,-73.0445648304397,6.));
#11685=CARTESIAN_POINT('',(140.816893118615,-73.8310586384708,7.));
#11686=CARTESIAN_POINT('',(140.816893118615,-74.1557516626293,7.));
#11687=CARTESIAN_POINT('',(140.816893118615,-73.8310586384708,6.));
#11688=CARTESIAN_POINT('Origin',(142.385787504907,-71.9920407704288,6.));
#11689=CARTESIAN_POINT('',(142.385787504907,-71.9920407704288,6.));
#11690=CARTESIAN_POINT('',(134.628413025244,-81.0850367055557,6.));
#11691=CARTESIAN_POINT('',(142.385787504907,-71.9920407704288,7.));
#11692=CARTESIAN_POINT('',(140.816893118615,-73.8310586384708,7.));
#11693=CARTESIAN_POINT('',(142.385787504907,-71.9920407704288,6.));
#11694=CARTESIAN_POINT('Origin',(142.688650625939,-71.6564338377887,6.));
#11695=CARTESIAN_POINT('',(142.688650625939,-71.6564338377887,6.));
#11696=CARTESIAN_POINT('',(134.275048784904,-80.97966572121,6.));
#11697=CARTESIAN_POINT('',(142.688650625939,-71.6564338377887,7.));
#11698=CARTESIAN_POINT('',(142.385787504907,-71.9920407704288,7.));
#11699=CARTESIAN_POINT('',(142.688650625939,-71.6564338377887,6.));
#11700=CARTESIAN_POINT('Ctrl Pts',(142.069279688592,-71.6809903553897,6.));
#11701=CARTESIAN_POINT('Ctrl Pts',(142.069279688592,-71.6809903553897,7.));
#11702=CARTESIAN_POINT('Ctrl Pts',(142.169132398477,-71.6798356898656,6.));
#11703=CARTESIAN_POINT('Ctrl Pts',(142.169132398477,-71.6798356898656,7.));
#11704=CARTESIAN_POINT('Ctrl Pts',(142.3758155279,-71.677445670764,6.));
#11705=CARTESIAN_POINT('Ctrl Pts',(142.3758155279,-71.677445670764,7.));
#11706=CARTESIAN_POINT('Ctrl Pts',(142.58205139002,-71.6635936652968,6.));
#11707=CARTESIAN_POINT('Ctrl Pts',(142.58205139002,-71.6635936652968,7.));
#11708=CARTESIAN_POINT('Ctrl Pts',(142.688650625939,-71.6564338377887,6.));
#11709=CARTESIAN_POINT('Ctrl Pts',(142.688650625939,-71.6564338377887,7.));
#11710=CARTESIAN_POINT('',(142.069279688592,-71.6809903553897,6.));
#11711=CARTESIAN_POINT('Ctrl Pts',(142.688650625939,-71.6564338377887,6.));
#11712=CARTESIAN_POINT('Ctrl Pts',(142.58205139002,-71.6635936652968,6.));
#11713=CARTESIAN_POINT('Ctrl Pts',(142.3758155279,-71.677445670764,6.));
#11714=CARTESIAN_POINT('Ctrl Pts',(142.169132398477,-71.6798356898656,6.));
#11715=CARTESIAN_POINT('Ctrl Pts',(142.069279688592,-71.6809903553897,6.));
#11716=CARTESIAN_POINT('',(142.069279688592,-71.6809903553897,7.));
#11717=CARTESIAN_POINT('Ctrl Pts',(142.069279688592,-71.6809903553897,7.));
#11718=CARTESIAN_POINT('Ctrl Pts',(142.169132398477,-71.6798356898656,7.));
#11719=CARTESIAN_POINT('Ctrl Pts',(142.3758155279,-71.677445670764,7.));
#11720=CARTESIAN_POINT('Ctrl Pts',(142.58205139002,-71.6635936652968,7.));
#11721=CARTESIAN_POINT('Ctrl Pts',(142.688650625939,-71.6564338377887,7.));
#11722=CARTESIAN_POINT('',(142.069279688592,-71.6809903553897,6.));
#11723=CARTESIAN_POINT('Origin',(140.729579466577,-71.6809903553897,6.));
#11724=CARTESIAN_POINT('',(140.729579466577,-71.6809903553897,6.));
#11725=CARTESIAN_POINT('',(123.297648693638,-71.6809903553897,6.));
#11726=CARTESIAN_POINT('',(140.729579466577,-71.6809903553897,7.));
#11727=CARTESIAN_POINT('',(142.069279688592,-71.6809903553897,7.));
#11728=CARTESIAN_POINT('',(140.729579466577,-71.6809903553897,6.));
#11729=CARTESIAN_POINT('Origin',(140.729579466577,-71.258070962804,6.));
#11730=CARTESIAN_POINT('',(140.729579466577,-71.258070962804,6.));
#11731=CARTESIAN_POINT('',(140.729579466577,-71.7580709926063,6.));
#11732=CARTESIAN_POINT('',(140.729579466577,-71.258070962804,7.));
#11733=CARTESIAN_POINT('',(140.729579466577,-71.6809903553897,7.));
#11734=CARTESIAN_POINT('',(140.729579466577,-71.258070962804,6.));
#11735=CARTESIAN_POINT('Origin',(143.294381636376,-71.258070962804,6.));
#11736=CARTESIAN_POINT('',(124.580049778538,-71.258070962804,6.));
#11737=CARTESIAN_POINT('',(140.729579466577,-71.258070962804,7.));
#11738=CARTESIAN_POINT('Origin',(141.12657910883,-72.6700765363151,7.));
#11739=CARTESIAN_POINT('Origin',(143.444451826806,-71.2635277680332,6.));
#11740=CARTESIAN_POINT('',(143.515393275018,-71.697361665147,6.));
#11741=CARTESIAN_POINT('',(143.444451826806,-71.2635277680332,6.));
#11742=CARTESIAN_POINT('',(143.034315477457,-68.7553882350574,6.));
#11743=CARTESIAN_POINT('',(143.515393275018,-71.697361665147,7.));
#11744=CARTESIAN_POINT('',(143.515393275018,-71.697361665147,6.));
#11745=CARTESIAN_POINT('',(143.444451826806,-71.2635277680332,7.));
#11746=CARTESIAN_POINT('',(143.515393275018,-71.697361665147,7.));
#11747=CARTESIAN_POINT('',(143.444451826806,-71.2635277680332,6.));
#11748=CARTESIAN_POINT('Ctrl Pts',(143.815528887506,-71.2198715380603,6.));
#11749=CARTESIAN_POINT('Ctrl Pts',(143.815528887506,-71.2198715380603,7.));
#11750=CARTESIAN_POINT('Ctrl Pts',(143.757161586745,-71.222118311585,6.));
#11751=CARTESIAN_POINT('Ctrl Pts',(143.757161586745,-71.222118311585,7.));
#11752=CARTESIAN_POINT('Ctrl Pts',(143.632355274063,-71.2269225686842,6.));
#11753=CARTESIAN_POINT('Ctrl Pts',(143.632355274063,-71.2269225686842,7.));
#11754=CARTESIAN_POINT('Ctrl Pts',(143.509729863789,-71.2508110478678,6.));
#11755=CARTESIAN_POINT('Ctrl Pts',(143.509729863789,-71.2508110478678,7.));
#11756=CARTESIAN_POINT('Ctrl Pts',(143.444451826806,-71.2635277680332,6.));
#11757=CARTESIAN_POINT('Ctrl Pts',(143.444451826806,-71.2635277680332,7.));
#11758=CARTESIAN_POINT('',(143.815528887506,-71.2198715380603,6.));
#11759=CARTESIAN_POINT('Ctrl Pts',(143.444451826806,-71.2635277680332,6.));
#11760=CARTESIAN_POINT('Ctrl Pts',(143.509729863789,-71.2508110478678,6.));
#11761=CARTESIAN_POINT('Ctrl Pts',(143.632355274063,-71.2269225686842,6.));
#11762=CARTESIAN_POINT('Ctrl Pts',(143.757161586745,-71.222118311585,6.));
#11763=CARTESIAN_POINT('Ctrl Pts',(143.815528887506,-71.2198715380603,6.));
#11764=CARTESIAN_POINT('',(143.815528887506,-71.2198715380603,7.));
#11765=CARTESIAN_POINT('Ctrl Pts',(143.815528887506,-71.2198715380603,7.));
#11766=CARTESIAN_POINT('Ctrl Pts',(143.757161586745,-71.222118311585,7.));
#11767=CARTESIAN_POINT('Ctrl Pts',(143.632355274063,-71.2269225686842,7.));
#11768=CARTESIAN_POINT('Ctrl Pts',(143.509729863789,-71.2508110478678,7.));
#11769=CARTESIAN_POINT('Ctrl Pts',(143.444451826806,-71.2635277680332,7.));
#11770=CARTESIAN_POINT('',(143.815528887506,-71.2198715380603,6.));
#11771=CARTESIAN_POINT('Ctrl Pts',(144.230262774224,-71.3044558934146,6.));
#11772=CARTESIAN_POINT('Ctrl Pts',(144.230262774224,-71.3044558934146,7.));
#11773=CARTESIAN_POINT('Ctrl Pts',(144.171900290339,-71.2798719116376,6.));
#11774=CARTESIAN_POINT('Ctrl Pts',(144.171900290339,-71.2798719116376,7.));
#11775=CARTESIAN_POINT('Ctrl Pts',(144.039693778999,-71.2241826700363,6.));
#11776=CARTESIAN_POINT('Ctrl Pts',(144.039693778999,-71.2241826700363,7.));
#11777=CARTESIAN_POINT('Ctrl Pts',(143.895864704624,-71.2214165539086,6.));
#11778=CARTESIAN_POINT('Ctrl Pts',(143.895864704624,-71.2214165539086,7.));
#11779=CARTESIAN_POINT('Ctrl Pts',(143.815528887506,-71.2198715380603,6.));
#11780=CARTESIAN_POINT('Ctrl Pts',(143.815528887506,-71.2198715380603,7.));
#11781=CARTESIAN_POINT('',(144.230262774224,-71.3044558934146,6.));
#11782=CARTESIAN_POINT('Ctrl Pts',(143.815528887506,-71.2198715380603,6.));
#11783=CARTESIAN_POINT('Ctrl Pts',(143.895864704624,-71.2214165539086,6.));
#11784=CARTESIAN_POINT('Ctrl Pts',(144.039693778999,-71.2241826700363,6.));
#11785=CARTESIAN_POINT('Ctrl Pts',(144.171900290339,-71.2798719116376,6.));
#11786=CARTESIAN_POINT('Ctrl Pts',(144.230262774224,-71.3044558934146,6.));
#11787=CARTESIAN_POINT('',(144.230262774224,-71.3044558934146,7.));
#11788=CARTESIAN_POINT('Ctrl Pts',(144.230262774224,-71.3044558934146,7.));
#11789=CARTESIAN_POINT('Ctrl Pts',(144.171900290339,-71.2798719116376,7.));
#11790=CARTESIAN_POINT('Ctrl Pts',(144.039693778999,-71.2241826700363,7.));
#11791=CARTESIAN_POINT('Ctrl Pts',(143.895864704624,-71.2214165539086,7.));
#11792=CARTESIAN_POINT('Ctrl Pts',(143.815528887506,-71.2198715380603,7.));
#11793=CARTESIAN_POINT('',(144.230262774224,-71.3044558934146,6.));
#11794=CARTESIAN_POINT('Ctrl Pts',(144.437629717584,-71.5268294981891,6.));
#11795=CARTESIAN_POINT('Ctrl Pts',(144.437629717584,-71.5268294981891,7.));
#11796=CARTESIAN_POINT('Ctrl Pts',(144.413216158471,-71.4826852210489,6.));
#11797=CARTESIAN_POINT('Ctrl Pts',(144.413216158471,-71.4826852210489,7.));
#11798=CARTESIAN_POINT('Ctrl Pts',(144.36272055391,-71.3913797316787,6.));
#11799=CARTESIAN_POINT('Ctrl Pts',(144.36272055391,-71.3913797316787,7.));
#11800=CARTESIAN_POINT('Ctrl Pts',(144.275377371359,-71.3340618097601,6.));
#11801=CARTESIAN_POINT('Ctrl Pts',(144.275377371359,-71.3340618097601,7.));
#11802=CARTESIAN_POINT('Ctrl Pts',(144.230262774224,-71.3044558934146,6.));
#11803=CARTESIAN_POINT('Ctrl Pts',(144.230262774224,-71.3044558934146,7.));
#11804=CARTESIAN_POINT('',(144.437629717584,-71.5268294981891,6.));
#11805=CARTESIAN_POINT('Ctrl Pts',(144.230262774224,-71.3044558934146,6.));
#11806=CARTESIAN_POINT('Ctrl Pts',(144.275377371359,-71.3340618097601,6.));
#11807=CARTESIAN_POINT('Ctrl Pts',(144.36272055391,-71.3913797316787,6.));
#11808=CARTESIAN_POINT('Ctrl Pts',(144.413216158471,-71.4826852210489,6.));
#11809=CARTESIAN_POINT('Ctrl Pts',(144.437629717584,-71.5268294981891,6.));
#11810=CARTESIAN_POINT('',(144.437629717584,-71.5268294981891,7.));
#11811=CARTESIAN_POINT('Ctrl Pts',(144.437629717584,-71.5268294981891,7.));
#11812=CARTESIAN_POINT('Ctrl Pts',(144.413216158471,-71.4826852210489,7.));
#11813=CARTESIAN_POINT('Ctrl Pts',(144.36272055391,-71.3913797316787,7.));
#11814=CARTESIAN_POINT('Ctrl Pts',(144.275377371359,-71.3340618097601,7.));
#11815=CARTESIAN_POINT('Ctrl Pts',(144.230262774224,-71.3044558934146,7.));
#11816=CARTESIAN_POINT('',(144.437629717584,-71.5268294981891,6.));
#11817=CARTESIAN_POINT('Ctrl Pts',(144.497657555337,-72.1066384486133,6.));
#11818=CARTESIAN_POINT('Ctrl Pts',(144.497657555337,-72.1066384486133,7.));
#11819=CARTESIAN_POINT('Ctrl Pts',(144.498965040597,-71.9838631791918,6.));
#11820=CARTESIAN_POINT('Ctrl Pts',(144.498965040597,-71.9838631791918,7.));
#11821=CARTESIAN_POINT('Ctrl Pts',(144.501052637601,-71.7878339829063,6.));
#11822=CARTESIAN_POINT('Ctrl Pts',(144.501052637601,-71.7878339829063,7.));
#11823=CARTESIAN_POINT('Ctrl Pts',(144.454882852092,-71.5978313612507,6.));
#11824=CARTESIAN_POINT('Ctrl Pts',(144.454882852092,-71.5978313612507,7.));
#11825=CARTESIAN_POINT('Ctrl Pts',(144.437629717584,-71.5268294981891,6.));
#11826=CARTESIAN_POINT('Ctrl Pts',(144.437629717584,-71.5268294981891,7.));
#11827=CARTESIAN_POINT('',(144.497657555337,-72.1066384486133,6.));
#11828=CARTESIAN_POINT('Ctrl Pts',(144.437629717584,-71.5268294981891,6.));
#11829=CARTESIAN_POINT('Ctrl Pts',(144.454882852092,-71.5978313612507,6.));
#11830=CARTESIAN_POINT('Ctrl Pts',(144.501052637601,-71.7878339829063,6.));
#11831=CARTESIAN_POINT('Ctrl Pts',(144.498965040597,-71.9838631791918,6.));
#11832=CARTESIAN_POINT('Ctrl Pts',(144.497657555337,-72.1066384486133,6.));
#11833=CARTESIAN_POINT('',(144.497657555337,-72.1066384486133,7.));
#11834=CARTESIAN_POINT('Ctrl Pts',(144.497657555337,-72.1066384486133,7.));
#11835=CARTESIAN_POINT('Ctrl Pts',(144.498965040597,-71.9838631791918,7.));
#11836=CARTESIAN_POINT('Ctrl Pts',(144.501052637601,-71.7878339829063,7.));
#11837=CARTESIAN_POINT('Ctrl Pts',(144.454882852092,-71.5978313612507,7.));
#11838=CARTESIAN_POINT('Ctrl Pts',(144.437629717584,-71.5268294981891,7.));
#11839=CARTESIAN_POINT('',(144.497657555337,-72.1066384486133,6.));
#11840=CARTESIAN_POINT('Origin',(144.497657555337,-73.7737597993785,6.));
#11841=CARTESIAN_POINT('',(144.497657555337,-73.7737597993785,6.));
#11842=CARTESIAN_POINT('',(144.497657555337,-73.0159154108936,6.));
#11843=CARTESIAN_POINT('',(144.497657555337,-73.7737597993785,7.));
#11844=CARTESIAN_POINT('',(144.497657555337,-72.1066384486133,7.));
#11845=CARTESIAN_POINT('',(144.497657555337,-73.7737597993785,6.));
#11846=CARTESIAN_POINT('Origin',(144.857821005578,-73.7737597993785,6.));
#11847=CARTESIAN_POINT('',(144.857821005578,-73.7737597993785,6.));
#11848=CARTESIAN_POINT('',(125.361769463138,-73.7737597993785,6.));
#11849=CARTESIAN_POINT('',(144.857821005578,-73.7737597993785,7.));
#11850=CARTESIAN_POINT('',(144.497657555337,-73.7737597993785,7.));
#11851=CARTESIAN_POINT('',(144.857821005578,-73.7737597993785,6.));
#11852=CARTESIAN_POINT('Origin',(144.857821005578,-74.1557516626293,6.));
#11853=CARTESIAN_POINT('',(144.857821005578,-74.1557516626293,6.));
#11854=CARTESIAN_POINT('',(144.857821005578,-73.2069113425189,6.));
#11855=CARTESIAN_POINT('',(144.857821005578,-74.1557516626293,7.));
#11856=CARTESIAN_POINT('',(144.857821005578,-73.7737597993785,7.));
#11857=CARTESIAN_POINT('',(144.857821005578,-74.1557516626293,6.));
#11858=CARTESIAN_POINT('Origin',(144.497657555337,-74.1557516626293,6.));
#11859=CARTESIAN_POINT('',(144.497657555337,-74.1557516626293,6.));
#11860=CARTESIAN_POINT('',(125.181687738018,-74.1557516626293,6.));
#11861=CARTESIAN_POINT('',(144.497657555337,-74.1557516626293,7.));
#11862=CARTESIAN_POINT('',(144.857821005578,-74.1557516626293,7.));
#11863=CARTESIAN_POINT('',(144.497657555337,-74.1557516626293,6.));
#11864=CARTESIAN_POINT('Origin',(144.497657555337,-74.8733507565433,6.));
#11865=CARTESIAN_POINT('',(144.497657555337,-74.8733507565433,6.));
#11866=CARTESIAN_POINT('',(144.497657555337,-73.565710889476,6.));
#11867=CARTESIAN_POINT('',(144.497657555337,-74.8733507565433,7.));
#11868=CARTESIAN_POINT('',(144.497657555337,-74.1557516626293,7.));
#11869=CARTESIAN_POINT('',(144.497657555337,-74.8733507565433,6.));
#11870=CARTESIAN_POINT('Origin',(144.009253519769,-75.1680301598483,6.));
#11871=CARTESIAN_POINT('',(144.009253519769,-75.1680301598483,6.));
#11872=CARTESIAN_POINT('',(130.670939992016,-83.2157242516484,6.));
#11873=CARTESIAN_POINT('',(144.009253519769,-75.1680301598483,7.));
#11874=CARTESIAN_POINT('',(144.497657555337,-74.8733507565433,7.));
#11875=CARTESIAN_POINT('',(144.009253519769,-75.1680301598483,6.));
#11876=CARTESIAN_POINT('Origin',(144.009253519769,-74.1557516626293,6.));
#11877=CARTESIAN_POINT('',(144.009253519769,-74.1557516626293,6.));
#11878=CARTESIAN_POINT('',(144.009253519769,-73.2069113425189,6.));
#11879=CARTESIAN_POINT('',(144.009253519769,-74.1557516626293,7.));
#11880=CARTESIAN_POINT('',(144.009253519769,-75.1680301598483,7.));
#11881=CARTESIAN_POINT('',(144.009253519769,-74.1557516626293,6.));
#11882=CARTESIAN_POINT('Origin',(143.515393275018,-74.1557516626293,6.));
#11883=CARTESIAN_POINT('',(143.515393275018,-74.1557516626293,6.));
#11884=CARTESIAN_POINT('',(124.690555597858,-74.1557516626293,6.));
#11885=CARTESIAN_POINT('',(143.515393275018,-74.1557516626293,7.));
#11886=CARTESIAN_POINT('',(144.009253519769,-74.1557516626293,7.));
#11887=CARTESIAN_POINT('',(143.515393275018,-74.1557516626293,6.));
#11888=CARTESIAN_POINT('Origin',(143.515393275018,-73.7737597993785,6.));
#11889=CARTESIAN_POINT('',(143.515393275018,-73.7737597993785,6.));
#11890=CARTESIAN_POINT('',(143.515393275018,-73.0159154108936,6.));
#11891=CARTESIAN_POINT('',(143.515393275018,-73.7737597993785,7.));
#11892=CARTESIAN_POINT('',(143.515393275018,-74.1557516626293,7.));
#11893=CARTESIAN_POINT('',(143.515393275018,-73.7737597993785,6.));
#11894=CARTESIAN_POINT('Origin',(144.009253519769,-73.7737597993785,6.));
#11895=CARTESIAN_POINT('',(144.009253519769,-73.7737597993785,6.));
#11896=CARTESIAN_POINT('',(124.937485720234,-73.7737597993785,6.));
#11897=CARTESIAN_POINT('',(144.009253519769,-73.7737597993785,7.));
#11898=CARTESIAN_POINT('',(143.515393275018,-73.7737597993785,7.));
#11899=CARTESIAN_POINT('',(144.009253519769,-73.7737597993785,6.));
#11900=CARTESIAN_POINT('Origin',(144.009253519769,-72.0793532303745,6.));
#11901=CARTESIAN_POINT('',(144.009253519769,-72.0793532303745,6.));
#11902=CARTESIAN_POINT('',(144.009253519769,-72.1687121263916,6.));
#11903=CARTESIAN_POINT('',(144.009253519769,-72.0793532303745,7.));
#11904=CARTESIAN_POINT('',(144.009253519769,-73.7737597993785,7.));
#11905=CARTESIAN_POINT('',(144.009253519769,-72.0793532303745,6.));
#11906=CARTESIAN_POINT('Ctrl Pts',(143.983332651849,-71.8092306426936,6.));
#11907=CARTESIAN_POINT('Ctrl Pts',(143.983332651849,-71.8092306426936,7.));
#11908=CARTESIAN_POINT('Ctrl Pts',(143.990769655968,-71.8416327923534,6.));
#11909=CARTESIAN_POINT('Ctrl Pts',(143.990769655968,-71.8416327923534,7.));
#11910=CARTESIAN_POINT('Ctrl Pts',(144.011119762545,-71.9302958061593,6.));
#11911=CARTESIAN_POINT('Ctrl Pts',(144.011119762545,-71.9302958061593,7.));
#11912=CARTESIAN_POINT('Ctrl Pts',(144.009978013432,-72.0214876832179,6.));
#11913=CARTESIAN_POINT('Ctrl Pts',(144.009978013432,-72.0214876832179,7.));
#11914=CARTESIAN_POINT('Ctrl Pts',(144.009253519769,-72.0793532303745,6.));
#11915=CARTESIAN_POINT('Ctrl Pts',(144.009253519769,-72.0793532303745,7.));
#11916=CARTESIAN_POINT('',(143.983332651849,-71.8092306426936,6.));
#11917=CARTESIAN_POINT('Ctrl Pts',(144.009253519769,-72.0793532303745,6.));
#11918=CARTESIAN_POINT('Ctrl Pts',(144.009978013432,-72.0214876832179,6.));
#11919=CARTESIAN_POINT('Ctrl Pts',(144.011119762545,-71.9302958061593,6.));
#11920=CARTESIAN_POINT('Ctrl Pts',(143.990769655968,-71.8416327923534,6.));
#11921=CARTESIAN_POINT('Ctrl Pts',(143.983332651849,-71.8092306426936,6.));
#11922=CARTESIAN_POINT('',(143.983332651849,-71.8092306426936,7.));
#11923=CARTESIAN_POINT('Ctrl Pts',(143.983332651849,-71.8092306426936,7.));
#11924=CARTESIAN_POINT('Ctrl Pts',(143.990769655968,-71.8416327923534,7.));
#11925=CARTESIAN_POINT('Ctrl Pts',(144.011119762545,-71.9302958061593,7.));
#11926=CARTESIAN_POINT('Ctrl Pts',(144.009978013432,-72.0214876832179,7.));
#11927=CARTESIAN_POINT('Ctrl Pts',(144.009253519769,-72.0793532303745,7.));
#11928=CARTESIAN_POINT('',(143.983332651849,-71.8092306426936,6.));
#11929=CARTESIAN_POINT('Ctrl Pts',(143.898748892541,-71.713732676881,6.));
#11930=CARTESIAN_POINT('Ctrl Pts',(143.898748892541,-71.713732676881,7.));
#11931=CARTESIAN_POINT('Ctrl Pts',(143.916882423676,-71.7264493129549,6.));
#11932=CARTESIAN_POINT('Ctrl Pts',(143.916882423676,-71.7264493129549,7.));
#11933=CARTESIAN_POINT('Ctrl Pts',(143.952693961565,-71.7515631361374,6.));
#11934=CARTESIAN_POINT('Ctrl Pts',(143.952693961565,-71.7515631361374,7.));
#11935=CARTESIAN_POINT('Ctrl Pts',(143.973206729533,-71.7901718420025,6.));
#11936=CARTESIAN_POINT('Ctrl Pts',(143.973206729533,-71.7901718420025,7.));
#11937=CARTESIAN_POINT('Ctrl Pts',(143.983332651849,-71.8092306426936,6.));
#11938=CARTESIAN_POINT('Ctrl Pts',(143.983332651849,-71.8092306426936,7.));
#11939=CARTESIAN_POINT('',(143.898748892541,-71.713732676881,6.));
#11940=CARTESIAN_POINT('Ctrl Pts',(143.983332651849,-71.8092306426936,6.));
#11941=CARTESIAN_POINT('Ctrl Pts',(143.973206729533,-71.7901718420025,6.));
#11942=CARTESIAN_POINT('Ctrl Pts',(143.952693961565,-71.7515631361374,6.));
#11943=CARTESIAN_POINT('Ctrl Pts',(143.916882423676,-71.7264493129549,6.));
#11944=CARTESIAN_POINT('Ctrl Pts',(143.898748892541,-71.713732676881,6.));
#11945=CARTESIAN_POINT('',(143.898748892541,-71.713732676881,7.));
#11946=CARTESIAN_POINT('Ctrl Pts',(143.898748892541,-71.713732676881,7.));
#11947=CARTESIAN_POINT('Ctrl Pts',(143.916882423676,-71.7264493129549,7.));
#11948=CARTESIAN_POINT('Ctrl Pts',(143.952693961565,-71.7515631361374,7.));
#11949=CARTESIAN_POINT('Ctrl Pts',(143.973206729533,-71.7901718420025,7.));
#11950=CARTESIAN_POINT('Ctrl Pts',(143.983332651849,-71.8092306426936,7.));
#11951=CARTESIAN_POINT('',(143.898748892541,-71.713732676881,6.));
#11952=CARTESIAN_POINT('Ctrl Pts',(143.730945128198,-71.6782619527751,6.));
#11953=CARTESIAN_POINT('Ctrl Pts',(143.730945128198,-71.6782619527751,7.));
#11954=CARTESIAN_POINT('Ctrl Pts',(143.763652222819,-71.6788813718842,6.));
#11955=CARTESIAN_POINT('Ctrl Pts',(143.763652222819,-71.6788813718842,7.));
#11956=CARTESIAN_POINT('Ctrl Pts',(143.822033187602,-71.6799870122846,6.));
#11957=CARTESIAN_POINT('Ctrl Pts',(143.822033187602,-71.6799870122846,7.));
#11958=CARTESIAN_POINT('Ctrl Pts',(143.875316700338,-71.7034253362984,6.));
#11959=CARTESIAN_POINT('Ctrl Pts',(143.875316700338,-71.7034253362984,7.));
#11960=CARTESIAN_POINT('Ctrl Pts',(143.898748892541,-71.713732676881,6.));
#11961=CARTESIAN_POINT('Ctrl Pts',(143.898748892541,-71.713732676881,7.));
#11962=CARTESIAN_POINT('',(143.730945128198,-71.6782619527751,6.));
#11963=CARTESIAN_POINT('Ctrl Pts',(143.898748892541,-71.713732676881,6.));
#11964=CARTESIAN_POINT('Ctrl Pts',(143.875316700338,-71.7034253362984,6.));
#11965=CARTESIAN_POINT('Ctrl Pts',(143.822033187602,-71.6799870122846,6.));
#11966=CARTESIAN_POINT('Ctrl Pts',(143.763652222819,-71.6788813718842,6.));
#11967=CARTESIAN_POINT('Ctrl Pts',(143.730945128198,-71.6782619527751,6.));
#11968=CARTESIAN_POINT('',(143.730945128198,-71.6782619527751,7.));
#11969=CARTESIAN_POINT('Ctrl Pts',(143.730945128198,-71.6782619527751,7.));
#11970=CARTESIAN_POINT('Ctrl Pts',(143.763652222819,-71.6788813718842,7.));
#11971=CARTESIAN_POINT('Ctrl Pts',(143.822033187602,-71.6799870122846,7.));
#11972=CARTESIAN_POINT('Ctrl Pts',(143.875316700338,-71.7034253362984,7.));
#11973=CARTESIAN_POINT('Ctrl Pts',(143.898748892541,-71.713732676881,7.));
#11974=CARTESIAN_POINT('',(143.730945128198,-71.6782619527751,6.));
#11975=CARTESIAN_POINT('Ctrl Pts',(143.515393275018,-71.697361665147,6.));
#11976=CARTESIAN_POINT('Ctrl Pts',(143.515393275018,-71.697361665147,7.));
#11977=CARTESIAN_POINT('Ctrl Pts',(143.555573479685,-71.691818402334,6.));
#11978=CARTESIAN_POINT('Ctrl Pts',(143.555573479685,-71.691818402334,7.));
#11979=CARTESIAN_POINT('Ctrl Pts',(143.627128246204,-71.6819467035801,6.));
#11980=CARTESIAN_POINT('Ctrl Pts',(143.627128246204,-71.6819467035801,7.));
#11981=CARTESIAN_POINT('Ctrl Pts',(143.69930002532,-71.6793851257703,6.));
#11982=CARTESIAN_POINT('Ctrl Pts',(143.69930002532,-71.6793851257703,7.));
#11983=CARTESIAN_POINT('Ctrl Pts',(143.730945128198,-71.6782619527751,6.));
#11984=CARTESIAN_POINT('Ctrl Pts',(143.730945128198,-71.6782619527751,7.));
#11985=CARTESIAN_POINT('Ctrl Pts',(143.730945128198,-71.6782619527751,6.));
#11986=CARTESIAN_POINT('Ctrl Pts',(143.69930002532,-71.6793851257703,6.));
#11987=CARTESIAN_POINT('Ctrl Pts',(143.627128246204,-71.6819467035801,6.));
#11988=CARTESIAN_POINT('Ctrl Pts',(143.555573479685,-71.691818402334,6.));
#11989=CARTESIAN_POINT('Ctrl Pts',(143.515393275018,-71.697361665147,6.));
#11990=CARTESIAN_POINT('Ctrl Pts',(143.515393275018,-71.697361665147,7.));
#11991=CARTESIAN_POINT('Ctrl Pts',(143.555573479685,-71.691818402334,7.));
#11992=CARTESIAN_POINT('Ctrl Pts',(143.627128246204,-71.6819467035801,7.));
#11993=CARTESIAN_POINT('Ctrl Pts',(143.69930002532,-71.6793851257703,7.));
#11994=CARTESIAN_POINT('Ctrl Pts',(143.730945128198,-71.6782619527751,7.));
#11995=CARTESIAN_POINT('Origin',(141.12657910883,-72.6700765363151,7.));
#11996=CARTESIAN_POINT('Origin',(148.947861927743,-75.2580710224086,6.));
#11997=CARTESIAN_POINT('',(148.947861927743,-71.258070962804,6.));
#11998=CARTESIAN_POINT('',(148.947861927743,-75.2580710224086,6.));
#11999=CARTESIAN_POINT('',(148.947861927743,-73.7580710224086,6.));
#12000=CARTESIAN_POINT('',(148.947861927743,-71.258070962804,7.));
#12001=CARTESIAN_POINT('',(148.947861927743,-71.258070962804,6.));
#12002=CARTESIAN_POINT('',(148.947861927743,-75.2580710224086,7.));
#12003=CARTESIAN_POINT('',(148.947861927743,-71.258070962804,7.));
#12004=CARTESIAN_POINT('',(148.947861927743,-75.2580710224086,6.));
#12005=CARTESIAN_POINT('Origin',(148.456729191537,-75.2580710224086,6.));
#12006=CARTESIAN_POINT('',(148.456729191537,-75.2580710224086,6.));
#12007=CARTESIAN_POINT('',(127.161223556118,-75.2580710224086,6.));
#12008=CARTESIAN_POINT('',(148.456729191537,-75.2580710224086,7.));
#12009=CARTESIAN_POINT('',(148.947861927743,-75.2580710224086,7.));
#12010=CARTESIAN_POINT('',(148.456729191537,-75.2580710224086,6.));
#12011=CARTESIAN_POINT('Origin',(148.456729191537,-71.258070962804,6.));
#12012=CARTESIAN_POINT('',(148.456729191537,-71.258070962804,6.));
#12013=CARTESIAN_POINT('',(148.456729191537,-71.7580709926063,6.));
#12014=CARTESIAN_POINT('',(148.456729191537,-71.258070962804,7.));
#12015=CARTESIAN_POINT('',(148.456729191537,-75.2580710224086,7.));
#12016=CARTESIAN_POINT('',(148.456729191537,-71.258070962804,6.));
#12017=CARTESIAN_POINT('Origin',(148.947861927743,-71.258070962804,6.));
#12018=CARTESIAN_POINT('',(127.406789924221,-71.258070962804,6.));
#12019=CARTESIAN_POINT('',(148.456729191537,-71.258070962804,7.));
#12020=CARTESIAN_POINT('Origin',(141.12657910883,-72.6700765363151,7.));
#12021=CARTESIAN_POINT('Origin',(153.911026257272,-74.1557516626293,6.));
#12022=CARTESIAN_POINT('',(153.911026257272,-71.258070962804,6.));
#12023=CARTESIAN_POINT('',(153.911026257272,-74.1557516626293,6.));
#12024=CARTESIAN_POINT('',(153.911026257272,-73.2069113425189,6.));
#12025=CARTESIAN_POINT('',(153.911026257272,-71.258070962804,7.));
#12026=CARTESIAN_POINT('',(153.911026257272,-71.258070962804,6.));
#12027=CARTESIAN_POINT('',(153.911026257272,-74.1557516626293,7.));
#12028=CARTESIAN_POINT('',(153.911026257272,-71.258070962804,7.));
#12029=CARTESIAN_POINT('',(153.911026257272,-74.1557516626293,6.));
#12030=CARTESIAN_POINT('Origin',(153.469007152314,-74.1557516626293,6.));
#12031=CARTESIAN_POINT('',(153.469007152314,-74.1557516626293,6.));
#12032=CARTESIAN_POINT('',(129.667362536506,-74.1557516626293,6.));
#12033=CARTESIAN_POINT('',(153.469007152314,-74.1557516626293,7.));
#12034=CARTESIAN_POINT('',(153.911026257272,-74.1557516626293,7.));
#12035=CARTESIAN_POINT('',(153.469007152314,-74.1557516626293,6.));
#12036=CARTESIAN_POINT('Origin',(153.469007152314,-73.7164609602863,6.));
#12037=CARTESIAN_POINT('',(153.469007152314,-73.7164609602863,6.));
#12038=CARTESIAN_POINT('',(153.469007152314,-72.9872659913475,6.));
#12039=CARTESIAN_POINT('',(153.469007152314,-73.7164609602863,7.));
#12040=CARTESIAN_POINT('',(153.469007152314,-74.1557516626293,7.));
#12041=CARTESIAN_POINT('',(153.469007152314,-73.7164609602863,6.));
#12042=CARTESIAN_POINT('Ctrl Pts',(153.156592386956,-74.1230096391612,6.));
#12043=CARTESIAN_POINT('Ctrl Pts',(153.156592386956,-74.1230096391612,7.));
#12044=CARTESIAN_POINT('Ctrl Pts',(153.20895358239,-74.0747190310834,6.));
#12045=CARTESIAN_POINT('Ctrl Pts',(153.20895358239,-74.0747190310834,7.));
#12046=CARTESIAN_POINT('Ctrl Pts',(153.336022697041,-73.9575283374089,6.));
#12047=CARTESIAN_POINT('Ctrl Pts',(153.336022697041,-73.9575283374089,7.));
#12048=CARTESIAN_POINT('Ctrl Pts',(153.419769675921,-73.8057161237251,6.));
#12049=CARTESIAN_POINT('Ctrl Pts',(153.419769675921,-73.8057161237251,7.));
#12050=CARTESIAN_POINT('Ctrl Pts',(153.469007152314,-73.7164609602863,6.));
#12051=CARTESIAN_POINT('Ctrl Pts',(153.469007152314,-73.7164609602863,7.));
#12052=CARTESIAN_POINT('',(153.156592386956,-74.1230096391612,6.));
#12053=CARTESIAN_POINT('Ctrl Pts',(153.469007152314,-73.7164609602863,6.));
#12054=CARTESIAN_POINT('Ctrl Pts',(153.419769675921,-73.8057161237251,6.));
#12055=CARTESIAN_POINT('Ctrl Pts',(153.336022697041,-73.9575283374089,6.));
#12056=CARTESIAN_POINT('Ctrl Pts',(153.20895358239,-74.0747190310834,6.));
#12057=CARTESIAN_POINT('Ctrl Pts',(153.156592386956,-74.1230096391612,6.));
#12058=CARTESIAN_POINT('',(153.156592386956,-74.1230096391612,7.));
#12059=CARTESIAN_POINT('Ctrl Pts',(153.156592386956,-74.1230096391612,7.));
#12060=CARTESIAN_POINT('Ctrl Pts',(153.20895358239,-74.0747190310834,7.));
#12061=CARTESIAN_POINT('Ctrl Pts',(153.336022697041,-73.9575283374089,7.));
#12062=CARTESIAN_POINT('Ctrl Pts',(153.419769675921,-73.8057161237251,7.));
#12063=CARTESIAN_POINT('Ctrl Pts',(153.469007152314,-73.7164609602863,7.));
#12064=CARTESIAN_POINT('',(153.156592386956,-74.1230096391612,6.));
#12065=CARTESIAN_POINT('Ctrl Pts',(152.841449517007,-74.2212360075885,6.));
#12066=CARTESIAN_POINT('Ctrl Pts',(152.841449517007,-74.2212360075885,7.));
#12067=CARTESIAN_POINT('Ctrl Pts',(152.897620550314,-74.2170980312317,6.));
#12068=CARTESIAN_POINT('Ctrl Pts',(152.897620550314,-74.2170980312317,7.));
#12069=CARTESIAN_POINT('Ctrl Pts',(153.010275282884,-74.2087990452169,6.));
#12070=CARTESIAN_POINT('Ctrl Pts',(153.010275282884,-74.2087990452169,7.));
#12071=CARTESIAN_POINT('Ctrl Pts',(153.107729859298,-74.1516589707122,6.));
#12072=CARTESIAN_POINT('Ctrl Pts',(153.107729859298,-74.1516589707122,7.));
#12073=CARTESIAN_POINT('Ctrl Pts',(153.156592386956,-74.1230096391612,6.));
#12074=CARTESIAN_POINT('Ctrl Pts',(153.156592386956,-74.1230096391612,7.));
#12075=CARTESIAN_POINT('',(152.841449517007,-74.2212360075885,6.));
#12076=CARTESIAN_POINT('Ctrl Pts',(153.156592386956,-74.1230096391612,6.));
#12077=CARTESIAN_POINT('Ctrl Pts',(153.107729859298,-74.1516589707122,6.));
#12078=CARTESIAN_POINT('Ctrl Pts',(153.010275282884,-74.2087990452169,6.));
#12079=CARTESIAN_POINT('Ctrl Pts',(152.897620550314,-74.2170980312317,6.));
#12080=CARTESIAN_POINT('Ctrl Pts',(152.841449517007,-74.2212360075885,6.));
#12081=CARTESIAN_POINT('',(152.841449517007,-74.2212360075885,7.));
#12082=CARTESIAN_POINT('Ctrl Pts',(152.841449517007,-74.2212360075885,7.));
#12083=CARTESIAN_POINT('Ctrl Pts',(152.897620550314,-74.2170980312317,7.));
#12084=CARTESIAN_POINT('Ctrl Pts',(153.010275282884,-74.2087990452169,7.));
#12085=CARTESIAN_POINT('Ctrl Pts',(153.107729859298,-74.1516589707122,7.));
#12086=CARTESIAN_POINT('Ctrl Pts',(153.156592386956,-74.1230096391612,7.));
#12087=CARTESIAN_POINT('',(152.841449517007,-74.2212360075885,6.));
#12088=CARTESIAN_POINT('Ctrl Pts',(152.336674469705,-74.0629820994312,6.));
#12089=CARTESIAN_POINT('Ctrl Pts',(152.336674469705,-74.0629820994312,7.));
#12090=CARTESIAN_POINT('Ctrl Pts',(152.419481339028,-74.1091031747013,6.));
#12091=CARTESIAN_POINT('Ctrl Pts',(152.419481339028,-74.1091031747013,7.));
#12092=CARTESIAN_POINT('Ctrl Pts',(152.577041180414,-74.196859533123,6.));
#12093=CARTESIAN_POINT('Ctrl Pts',(152.577041180414,-74.196859533123,7.));
#12094=CARTESIAN_POINT('Ctrl Pts',(152.756368936625,-74.2133922133197,6.));
#12095=CARTESIAN_POINT('Ctrl Pts',(152.756368936625,-74.2133922133197,7.));
#12096=CARTESIAN_POINT('Ctrl Pts',(152.841449517007,-74.2212360075885,6.));
#12097=CARTESIAN_POINT('Ctrl Pts',(152.841449517007,-74.2212360075885,7.));
#12098=CARTESIAN_POINT('',(152.336674469705,-74.0629820994312,6.));
#12099=CARTESIAN_POINT('Ctrl Pts',(152.841449517007,-74.2212360075885,6.));
#12100=CARTESIAN_POINT('Ctrl Pts',(152.756368936625,-74.2133922133197,6.));
#12101=CARTESIAN_POINT('Ctrl Pts',(152.577041180414,-74.196859533123,6.));
#12102=CARTESIAN_POINT('Ctrl Pts',(152.419481339028,-74.1091031747013,6.));
#12103=CARTESIAN_POINT('Ctrl Pts',(152.336674469705,-74.0629820994312,6.));
#12104=CARTESIAN_POINT('',(152.336674469705,-74.0629820994312,7.));
#12105=CARTESIAN_POINT('Ctrl Pts',(152.336674469705,-74.0629820994312,7.));
#12106=CARTESIAN_POINT('Ctrl Pts',(152.419481339028,-74.1091031747013,7.));
#12107=CARTESIAN_POINT('Ctrl Pts',(152.577041180414,-74.196859533123,7.));
#12108=CARTESIAN_POINT('Ctrl Pts',(152.756368936625,-74.2133922133197,7.));
#12109=CARTESIAN_POINT('Ctrl Pts',(152.841449517007,-74.2212360075885,7.));
#12110=CARTESIAN_POINT('',(152.336674469705,-74.0629820994312,6.));
#12111=CARTESIAN_POINT('Origin',(152.50584198832,-73.6073206833774,6.));
#12112=CARTESIAN_POINT('',(152.50584198832,-73.6073206833774,6.));
#12113=CARTESIAN_POINT('',(149.901074727847,-80.6233953300355,6.));
#12114=CARTESIAN_POINT('',(152.50584198832,-73.6073206833774,7.));
#12115=CARTESIAN_POINT('',(152.336674469705,-74.0629820994312,7.));
#12116=CARTESIAN_POINT('',(152.50584198832,-73.6073206833774,6.));
#12117=CARTESIAN_POINT('Ctrl Pts',(152.866005438562,-73.7137325576717,6.));
#12118=CARTESIAN_POINT('Ctrl Pts',(152.866005438562,-73.7137325576717,7.));
#12119=CARTESIAN_POINT('Ctrl Pts',(152.804885176968,-73.7086393915895,6.));
#12120=CARTESIAN_POINT('Ctrl Pts',(152.804885176968,-73.7086393915895,7.));
#12121=CARTESIAN_POINT('Ctrl Pts',(152.67762862713,-73.6980350727195,6.));
#12122=CARTESIAN_POINT('Ctrl Pts',(152.67762862713,-73.6980350727195,7.));
#12123=CARTESIAN_POINT('Ctrl Pts',(152.56458941027,-73.638343099,6.));
#12124=CARTESIAN_POINT('Ctrl Pts',(152.56458941027,-73.638343099,7.));
#12125=CARTESIAN_POINT('Ctrl Pts',(152.50584198832,-73.6073206833774,6.));
#12126=CARTESIAN_POINT('Ctrl Pts',(152.50584198832,-73.6073206833774,7.));
#12127=CARTESIAN_POINT('',(152.866005438562,-73.7137325576717,6.));
#12128=CARTESIAN_POINT('Ctrl Pts',(152.50584198832,-73.6073206833774,6.));
#12129=CARTESIAN_POINT('Ctrl Pts',(152.56458941027,-73.638343099,6.));
#12130=CARTESIAN_POINT('Ctrl Pts',(152.67762862713,-73.6980350727195,6.));
#12131=CARTESIAN_POINT('Ctrl Pts',(152.804885176968,-73.7086393915895,6.));
#12132=CARTESIAN_POINT('Ctrl Pts',(152.866005438562,-73.7137325576717,6.));
#12133=CARTESIAN_POINT('',(152.866005438562,-73.7137325576717,7.));
#12134=CARTESIAN_POINT('Ctrl Pts',(152.866005438562,-73.7137325576717,7.));
#12135=CARTESIAN_POINT('Ctrl Pts',(152.804885176968,-73.7086393915895,7.));
#12136=CARTESIAN_POINT('Ctrl Pts',(152.67762862713,-73.6980350727195,7.));
#12137=CARTESIAN_POINT('Ctrl Pts',(152.56458941027,-73.638343099,7.));
#12138=CARTESIAN_POINT('Ctrl Pts',(152.50584198832,-73.6073206833774,7.));
#12139=CARTESIAN_POINT('',(152.866005438562,-73.7137325576717,6.));
#12140=CARTESIAN_POINT('Ctrl Pts',(153.155228036637,-73.6168705395633,6.));
#12141=CARTESIAN_POINT('Ctrl Pts',(153.155228036637,-73.6168705395633,7.));
#12142=CARTESIAN_POINT('Ctrl Pts',(153.111104876439,-73.6451220715387,6.));
#12143=CARTESIAN_POINT('Ctrl Pts',(153.111104876439,-73.6451220715387,7.));
#12144=CARTESIAN_POINT('Ctrl Pts',(153.022818060973,-73.7016510639991,6.));
#12145=CARTESIAN_POINT('Ctrl Pts',(153.022818060973,-73.7016510639991,7.));
#12146=CARTESIAN_POINT('Ctrl Pts',(152.918292293863,-73.7097041618591,6.));
#12147=CARTESIAN_POINT('Ctrl Pts',(152.918292293863,-73.7097041618591,7.));
#12148=CARTESIAN_POINT('Ctrl Pts',(152.866005438562,-73.7137325576717,6.));
#12149=CARTESIAN_POINT('Ctrl Pts',(152.866005438562,-73.7137325576717,7.));
#12150=CARTESIAN_POINT('',(153.155228036637,-73.6168705395633,6.));
#12151=CARTESIAN_POINT('Ctrl Pts',(152.866005438562,-73.7137325576717,6.));
#12152=CARTESIAN_POINT('Ctrl Pts',(152.918292293863,-73.7097041618591,6.));
#12153=CARTESIAN_POINT('Ctrl Pts',(153.022818060973,-73.7016510639991,6.));
#12154=CARTESIAN_POINT('Ctrl Pts',(153.111104876439,-73.6451220715387,6.));
#12155=CARTESIAN_POINT('Ctrl Pts',(153.155228036637,-73.6168705395633,6.));
#12156=CARTESIAN_POINT('',(153.155228036637,-73.6168705395633,7.));
#12157=CARTESIAN_POINT('Ctrl Pts',(153.155228036637,-73.6168705395633,7.));
#12158=CARTESIAN_POINT('Ctrl Pts',(153.111104876439,-73.6451220715387,7.));
#12159=CARTESIAN_POINT('Ctrl Pts',(153.022818060973,-73.7016510639991,7.));
#12160=CARTESIAN_POINT('Ctrl Pts',(152.918292293863,-73.7097041618591,7.));
#12161=CARTESIAN_POINT('Ctrl Pts',(152.866005438562,-73.7137325576717,7.));
#12162=CARTESIAN_POINT('',(153.155228036637,-73.6168705395633,6.));
#12163=CARTESIAN_POINT('Ctrl Pts',(153.338038462396,-73.3481120041782,6.));
#12164=CARTESIAN_POINT('Ctrl Pts',(153.338038462396,-73.3481120041782,7.));
#12165=CARTESIAN_POINT('Ctrl Pts',(153.317475844402,-73.4017471161278,6.));
#12166=CARTESIAN_POINT('Ctrl Pts',(153.317475844402,-73.4017471161278,7.));
#12167=CARTESIAN_POINT('Ctrl Pts',(153.277584123446,-73.5057998646629,6.));
#12168=CARTESIAN_POINT('Ctrl Pts',(153.277584123446,-73.5057998646629,7.));
#12169=CARTESIAN_POINT('Ctrl Pts',(153.195163877504,-73.5806181477662,6.));
#12170=CARTESIAN_POINT('Ctrl Pts',(153.195163877504,-73.5806181477662,7.));
#12171=CARTESIAN_POINT('Ctrl Pts',(153.155228036637,-73.6168705395633,6.));
#12172=CARTESIAN_POINT('Ctrl Pts',(153.155228036637,-73.6168705395633,7.));
#12173=CARTESIAN_POINT('',(153.338038462396,-73.3481120041782,6.));
#12174=CARTESIAN_POINT('Ctrl Pts',(153.155228036637,-73.6168705395633,6.));
#12175=CARTESIAN_POINT('Ctrl Pts',(153.195163877504,-73.5806181477662,6.));
#12176=CARTESIAN_POINT('Ctrl Pts',(153.277584123446,-73.5057998646629,6.));
#12177=CARTESIAN_POINT('Ctrl Pts',(153.317475844402,-73.4017471161278,6.));
#12178=CARTESIAN_POINT('Ctrl Pts',(153.338038462396,-73.3481120041782,6.));
#12179=CARTESIAN_POINT('',(153.338038462396,-73.3481120041782,7.));
#12180=CARTESIAN_POINT('Ctrl Pts',(153.338038462396,-73.3481120041782,7.));
#12181=CARTESIAN_POINT('Ctrl Pts',(153.317475844402,-73.4017471161278,7.));
#12182=CARTESIAN_POINT('Ctrl Pts',(153.277584123446,-73.5057998646629,7.));
#12183=CARTESIAN_POINT('Ctrl Pts',(153.195163877504,-73.5806181477662,7.));
#12184=CARTESIAN_POINT('Ctrl Pts',(153.155228036637,-73.6168705395633,7.));
#12185=CARTESIAN_POINT('',(153.338038462396,-73.3481120041782,6.));
#12186=CARTESIAN_POINT('Ctrl Pts',(153.419894117112,-72.7751242093021,6.));
#12187=CARTESIAN_POINT('Ctrl Pts',(153.419894117112,-72.7751242093021,7.));
#12188=CARTESIAN_POINT('Ctrl Pts',(153.416938835581,-72.8752767778277,6.));
#12189=CARTESIAN_POINT('Ctrl Pts',(153.416938835581,-72.8752767778277,7.));
#12190=CARTESIAN_POINT('Ctrl Pts',(153.411210523784,-73.0694055380554,6.));
#12191=CARTESIAN_POINT('Ctrl Pts',(153.411210523784,-73.0694055380554,7.));
#12192=CARTESIAN_POINT('Ctrl Pts',(153.361906263425,-73.2572014796852,6.));
#12193=CARTESIAN_POINT('Ctrl Pts',(153.361906263425,-73.2572014796852,7.));
#12194=CARTESIAN_POINT('Ctrl Pts',(153.338038462396,-73.3481120041782,6.));
#12195=CARTESIAN_POINT('Ctrl Pts',(153.338038462396,-73.3481120041782,7.));
#12196=CARTESIAN_POINT('',(153.419894117112,-72.7751242093021,6.));
#12197=CARTESIAN_POINT('Ctrl Pts',(153.338038462396,-73.3481120041782,6.));
#12198=CARTESIAN_POINT('Ctrl Pts',(153.361906263425,-73.2572014796852,6.));
#12199=CARTESIAN_POINT('Ctrl Pts',(153.411210523784,-73.0694055380554,6.));
#12200=CARTESIAN_POINT('Ctrl Pts',(153.416938835581,-72.8752767778277,6.));
#12201=CARTESIAN_POINT('Ctrl Pts',(153.419894117112,-72.7751242093021,6.));
#12202=CARTESIAN_POINT('',(153.419894117112,-72.7751242093021,7.));
#12203=CARTESIAN_POINT('Ctrl Pts',(153.419894117112,-72.7751242093021,7.));
#12204=CARTESIAN_POINT('Ctrl Pts',(153.416938835581,-72.8752767778277,7.));
#12205=CARTESIAN_POINT('Ctrl Pts',(153.411210523784,-73.0694055380554,7.));
#12206=CARTESIAN_POINT('Ctrl Pts',(153.361906263425,-73.2572014796852,7.));
#12207=CARTESIAN_POINT('Ctrl Pts',(153.338038462396,-73.3481120041782,7.));
#12208=CARTESIAN_POINT('',(153.419894117112,-72.7751242093021,6.));
#12209=CARTESIAN_POINT('Origin',(153.419894117112,-71.258070962804,6.));
#12210=CARTESIAN_POINT('',(153.419894117112,-71.258070962804,6.));
#12211=CARTESIAN_POINT('',(153.419894117112,-71.7580709926063,6.));
#12212=CARTESIAN_POINT('',(153.419894117112,-71.258070962804,7.));
#12213=CARTESIAN_POINT('',(153.419894117112,-72.7751242093021,7.));
#12214=CARTESIAN_POINT('',(153.419894117112,-71.258070962804,6.));
#12215=CARTESIAN_POINT('Origin',(153.911026257272,-71.258070962804,6.));
#12216=CARTESIAN_POINT('',(129.888372088985,-71.258070962804,6.));
#12217=CARTESIAN_POINT('',(153.419894117112,-71.258070962804,7.));
#12218=CARTESIAN_POINT('Origin',(141.12657910883,-72.6700765363151,7.));
#12219=CARTESIAN_POINT('Origin',(156.885104912515,-72.985219555276,6.));
#12220=CARTESIAN_POINT('',(158.503112930055,-72.985219555276,6.));
#12221=CARTESIAN_POINT('',(156.885104912515,-72.985219555276,6.));
#12222=CARTESIAN_POINT('',(131.375411416607,-72.985219555276,6.));
#12223=CARTESIAN_POINT('',(158.503112930055,-72.985219555276,7.));
#12224=CARTESIAN_POINT('',(158.503112930055,-72.985219555276,6.));
#12225=CARTESIAN_POINT('',(156.885104912515,-72.985219555276,7.));
#12226=CARTESIAN_POINT('',(158.503112930055,-72.985219555276,7.));
#12227=CARTESIAN_POINT('',(156.885104912515,-72.985219555276,6.));
#12228=CARTESIAN_POINT('Ctrl Pts',(157.070643442865,-73.5336505345279,6.));
#12229=CARTESIAN_POINT('Ctrl Pts',(157.070643442865,-73.5336505345279,7.));
#12230=CARTESIAN_POINT('Ctrl Pts',(157.024335664069,-73.4594031578346,6.));
#12231=CARTESIAN_POINT('Ctrl Pts',(157.024335664069,-73.4594031578346,7.));
#12232=CARTESIAN_POINT('Ctrl Pts',(156.919830437991,-73.2918451559402,6.));
#12233=CARTESIAN_POINT('Ctrl Pts',(156.919830437991,-73.2918451559402,7.));
#12234=CARTESIAN_POINT('Ctrl Pts',(156.897525955738,-73.0948970846103,6.));
#12235=CARTESIAN_POINT('Ctrl Pts',(156.897525955738,-73.0948970846103,7.));
#12236=CARTESIAN_POINT('Ctrl Pts',(156.885104912515,-72.985219555276,6.));
#12237=CARTESIAN_POINT('Ctrl Pts',(156.885104912515,-72.985219555276,7.));
#12238=CARTESIAN_POINT('',(157.070643442865,-73.5336505345279,6.));
#12239=CARTESIAN_POINT('Ctrl Pts',(156.885104912515,-72.985219555276,6.));
#12240=CARTESIAN_POINT('Ctrl Pts',(156.897525955738,-73.0948970846103,6.));
#12241=CARTESIAN_POINT('Ctrl Pts',(156.919830437991,-73.2918451559402,6.));
#12242=CARTESIAN_POINT('Ctrl Pts',(157.024335664069,-73.4594031578346,6.));
#12243=CARTESIAN_POINT('Ctrl Pts',(157.070643442865,-73.5336505345279,6.));
#12244=CARTESIAN_POINT('',(157.070643442865,-73.5336505345279,7.));
#12245=CARTESIAN_POINT('Ctrl Pts',(157.070643442865,-73.5336505345279,7.));
#12246=CARTESIAN_POINT('Ctrl Pts',(157.024335664069,-73.4594031578346,7.));
#12247=CARTESIAN_POINT('Ctrl Pts',(156.919830437991,-73.2918451559402,7.));
#12248=CARTESIAN_POINT('Ctrl Pts',(156.897525955738,-73.0948970846103,7.));
#12249=CARTESIAN_POINT('Ctrl Pts',(156.885104912515,-72.985219555276,7.));
#12250=CARTESIAN_POINT('',(157.070643442865,-73.5336505345279,6.));
#12251=CARTESIAN_POINT('Ctrl Pts',(157.679101961846,-73.8174160293514,6.));
#12252=CARTESIAN_POINT('Ctrl Pts',(157.679101961846,-73.8174160293514,7.));
#12253=CARTESIAN_POINT('Ctrl Pts',(157.560470223988,-73.8057998809719,6.));
#12254=CARTESIAN_POINT('Ctrl Pts',(157.560470223988,-73.8057998809719,7.));
#12255=CARTESIAN_POINT('Ctrl Pts',(157.32423620535,-73.7826683862952,6.));
#12256=CARTESIAN_POINT('Ctrl Pts',(157.32423620535,-73.7826683862952,7.));
#12257=CARTESIAN_POINT('Ctrl Pts',(157.154928428058,-73.6164149862556,6.));
#12258=CARTESIAN_POINT('Ctrl Pts',(157.154928428058,-73.6164149862556,7.));
#12259=CARTESIAN_POINT('Ctrl Pts',(157.070643442865,-73.5336505345279,6.));
#12260=CARTESIAN_POINT('Ctrl Pts',(157.070643442865,-73.5336505345279,7.));
#12261=CARTESIAN_POINT('',(157.679101961846,-73.8174160293514,6.));
#12262=CARTESIAN_POINT('Ctrl Pts',(157.070643442865,-73.5336505345279,6.));
#12263=CARTESIAN_POINT('Ctrl Pts',(157.154928428058,-73.6164149862556,6.));
#12264=CARTESIAN_POINT('Ctrl Pts',(157.32423620535,-73.7826683862952,6.));
#12265=CARTESIAN_POINT('Ctrl Pts',(157.560470223988,-73.8057998809719,6.));
#12266=CARTESIAN_POINT('Ctrl Pts',(157.679101961846,-73.8174160293514,6.));
#12267=CARTESIAN_POINT('',(157.679101961846,-73.8174160293514,7.));
#12268=CARTESIAN_POINT('Ctrl Pts',(157.679101961846,-73.8174160293514,7.));
#12269=CARTESIAN_POINT('Ctrl Pts',(157.560470223988,-73.8057998809719,7.));
#12270=CARTESIAN_POINT('Ctrl Pts',(157.32423620535,-73.7826683862952,7.));
#12271=CARTESIAN_POINT('Ctrl Pts',(157.154928428058,-73.6164149862556,7.));
#12272=CARTESIAN_POINT('Ctrl Pts',(157.070643442865,-73.5336505345279,7.));
#12273=CARTESIAN_POINT('',(157.679101961846,-73.8174160293514,6.));
#12274=CARTESIAN_POINT('Ctrl Pts',(158.247997003789,-73.5909496716434,6.));
#12275=CARTESIAN_POINT('Ctrl Pts',(158.247997003789,-73.5909496716434,7.));
#12276=CARTESIAN_POINT('Ctrl Pts',(158.165946363728,-73.6569994006466,6.));
#12277=CARTESIAN_POINT('Ctrl Pts',(158.165946363728,-73.6569994006466,7.));
#12278=CARTESIAN_POINT('Ctrl Pts',(157.99971148673,-73.7908163771925,6.));
#12279=CARTESIAN_POINT('Ctrl Pts',(157.99971148673,-73.7908163771925,7.));
#12280=CARTESIAN_POINT('Ctrl Pts',(157.786882345632,-73.8084739346981,6.));
#12281=CARTESIAN_POINT('Ctrl Pts',(157.786882345632,-73.8084739346981,7.));
#12282=CARTESIAN_POINT('Ctrl Pts',(157.679101961846,-73.8174160293514,6.));
#12283=CARTESIAN_POINT('Ctrl Pts',(157.679101961846,-73.8174160293514,7.));
#12284=CARTESIAN_POINT('',(158.247997003789,-73.5909496716434,6.));
#12285=CARTESIAN_POINT('Ctrl Pts',(157.679101961846,-73.8174160293514,6.));
#12286=CARTESIAN_POINT('Ctrl Pts',(157.786882345632,-73.8084739346981,6.));
#12287=CARTESIAN_POINT('Ctrl Pts',(157.99971148673,-73.7908163771925,6.));
#12288=CARTESIAN_POINT('Ctrl Pts',(158.165946363728,-73.6569994006466,6.));
#12289=CARTESIAN_POINT('Ctrl Pts',(158.247997003789,-73.5909496716434,6.));
#12290=CARTESIAN_POINT('',(158.247997003789,-73.5909496716434,7.));
#12291=CARTESIAN_POINT('Ctrl Pts',(158.247997003789,-73.5909496716434,7.));
#12292=CARTESIAN_POINT('Ctrl Pts',(158.165946363728,-73.6569994006466,7.));
#12293=CARTESIAN_POINT('Ctrl Pts',(157.99971148673,-73.7908163771925,7.));
#12294=CARTESIAN_POINT('Ctrl Pts',(157.786882345632,-73.8084739346981,7.));
#12295=CARTESIAN_POINT('Ctrl Pts',(157.679101961846,-73.8174160293514,7.));
#12296=CARTESIAN_POINT('',(158.247997003789,-73.5909496716434,6.));
#12297=CARTESIAN_POINT('Ctrl Pts',(158.503112930055,-72.985219555276,6.));
#12298=CARTESIAN_POINT('Ctrl Pts',(158.503112930055,-72.985219555276,7.));
#12299=CARTESIAN_POINT('Ctrl Pts',(158.488185881412,-73.1034030962854,6.));
#12300=CARTESIAN_POINT('Ctrl Pts',(158.488185881412,-73.1034030962854,7.));
#12301=CARTESIAN_POINT('Ctrl Pts',(158.459608818311,-73.3296593770737,6.));
#12302=CARTESIAN_POINT('Ctrl Pts',(158.459608818311,-73.3296593770737,7.));
#12303=CARTESIAN_POINT('Ctrl Pts',(158.316401082281,-73.5064868931389,6.));
#12304=CARTESIAN_POINT('Ctrl Pts',(158.316401082281,-73.5064868931389,7.));
#12305=CARTESIAN_POINT('Ctrl Pts',(158.247997003789,-73.5909496716434,6.));
#12306=CARTESIAN_POINT('Ctrl Pts',(158.247997003789,-73.5909496716434,7.));
#12307=CARTESIAN_POINT('Ctrl Pts',(158.247997003789,-73.5909496716434,6.));
#12308=CARTESIAN_POINT('Ctrl Pts',(158.316401082281,-73.5064868931389,6.));
#12309=CARTESIAN_POINT('Ctrl Pts',(158.459608818311,-73.3296593770737,6.));
#12310=CARTESIAN_POINT('Ctrl Pts',(158.488185881412,-73.1034030962854,6.));
#12311=CARTESIAN_POINT('Ctrl Pts',(158.503112930055,-72.985219555276,6.));
#12312=CARTESIAN_POINT('Ctrl Pts',(158.503112930055,-72.985219555276,7.));
#12313=CARTESIAN_POINT('Ctrl Pts',(158.488185881412,-73.1034030962854,7.));
#12314=CARTESIAN_POINT('Ctrl Pts',(158.459608818311,-73.3296593770737,7.));
#12315=CARTESIAN_POINT('Ctrl Pts',(158.316401082281,-73.5064868931389,7.));
#12316=CARTESIAN_POINT('Ctrl Pts',(158.247997003789,-73.5909496716434,7.));
#12317=CARTESIAN_POINT('Origin',(156.38305856585,-72.1284665635997,6.));
#12318=CARTESIAN_POINT('',(156.890561717744,-72.1912222079212,6.));
#12319=CARTESIAN_POINT('',(156.38305856585,-72.1284665635997,6.));
#12320=CARTESIAN_POINT('',(131.512687430235,-69.0531040573663,6.));
#12321=CARTESIAN_POINT('',(156.890561717744,-72.1912222079212,7.));
#12322=CARTESIAN_POINT('',(156.890561717744,-72.1912222079212,6.));
#12323=CARTESIAN_POINT('',(156.38305856585,-72.1284665635997,7.));
#12324=CARTESIAN_POINT('',(156.890561717744,-72.1912222079212,7.));
#12325=CARTESIAN_POINT('',(156.38305856585,-72.1284665635997,6.));
#12326=CARTESIAN_POINT('Ctrl Pts',(156.827805775399,-71.4381526879245,6.));
#12327=CARTESIAN_POINT('Ctrl Pts',(156.827805775399,-71.4381526879245,7.));
#12328=CARTESIAN_POINT('Ctrl Pts',(156.72749338004,-71.5306472591388,6.));
#12329=CARTESIAN_POINT('Ctrl Pts',(156.72749338004,-71.5306472591388,7.));
#12330=CARTESIAN_POINT('Ctrl Pts',(156.519916095227,-71.7220470545854,6.));
#12331=CARTESIAN_POINT('Ctrl Pts',(156.519916095227,-71.7220470545854,7.));
#12332=CARTESIAN_POINT('Ctrl Pts',(156.429685126583,-71.9900018111958,6.));
#12333=CARTESIAN_POINT('Ctrl Pts',(156.429685126583,-71.9900018111958,7.));
#12334=CARTESIAN_POINT('Ctrl Pts',(156.38305856585,-72.1284665635997,6.));
#12335=CARTESIAN_POINT('Ctrl Pts',(156.38305856585,-72.1284665635997,7.));
#12336=CARTESIAN_POINT('',(156.827805775399,-71.4381526879245,6.));
#12337=CARTESIAN_POINT('Ctrl Pts',(156.38305856585,-72.1284665635997,6.));
#12338=CARTESIAN_POINT('Ctrl Pts',(156.429685126583,-71.9900018111958,6.));
#12339=CARTESIAN_POINT('Ctrl Pts',(156.519916095227,-71.7220470545854,6.));
#12340=CARTESIAN_POINT('Ctrl Pts',(156.72749338004,-71.5306472591388,6.));
#12341=CARTESIAN_POINT('Ctrl Pts',(156.827805775399,-71.4381526879245,6.));
#12342=CARTESIAN_POINT('',(156.827805775399,-71.4381526879245,7.));
#12343=CARTESIAN_POINT('Ctrl Pts',(156.827805775399,-71.4381526879245,7.));
#12344=CARTESIAN_POINT('Ctrl Pts',(156.72749338004,-71.5306472591388,7.));
#12345=CARTESIAN_POINT('Ctrl Pts',(156.519916095227,-71.7220470545854,7.));
#12346=CARTESIAN_POINT('Ctrl Pts',(156.429685126583,-71.9900018111958,7.));
#12347=CARTESIAN_POINT('Ctrl Pts',(156.38305856585,-72.1284665635997,7.));
#12348=CARTESIAN_POINT('',(156.827805775399,-71.4381526879245,6.));
#12349=CARTESIAN_POINT('Ctrl Pts',(157.657274144883,-71.1925869158679,6.));
#12350=CARTESIAN_POINT('Ctrl Pts',(157.657274144883,-71.1925869158679,7.));
#12351=CARTESIAN_POINT('Ctrl Pts',(157.500092365732,-71.2002298518147,6.));
#12352=CARTESIAN_POINT('Ctrl Pts',(157.500092365732,-71.2002298518147,7.));
#12353=CARTESIAN_POINT('Ctrl Pts',(157.202939342763,-71.2146788645006,6.));
#12354=CARTESIAN_POINT('Ctrl Pts',(157.202939342763,-71.2146788645006,7.));
#12355=CARTESIAN_POINT('Ctrl Pts',(156.947927022403,-71.3665942973199,6.));
#12356=CARTESIAN_POINT('Ctrl Pts',(156.947927022403,-71.3665942973199,7.));
#12357=CARTESIAN_POINT('Ctrl Pts',(156.827805775399,-71.4381526879245,6.));
#12358=CARTESIAN_POINT('Ctrl Pts',(156.827805775399,-71.4381526879245,7.));
#12359=CARTESIAN_POINT('',(157.657274144883,-71.1925869158679,6.));
#12360=CARTESIAN_POINT('Ctrl Pts',(156.827805775399,-71.4381526879245,6.));
#12361=CARTESIAN_POINT('Ctrl Pts',(156.947927022403,-71.3665942973199,6.));
#12362=CARTESIAN_POINT('Ctrl Pts',(157.202939342763,-71.2146788645006,6.));
#12363=CARTESIAN_POINT('Ctrl Pts',(157.500092365732,-71.2002298518147,6.));
#12364=CARTESIAN_POINT('Ctrl Pts',(157.657274144883,-71.1925869158679,6.));
#12365=CARTESIAN_POINT('',(157.657274144883,-71.1925869158679,7.));
#12366=CARTESIAN_POINT('Ctrl Pts',(157.657274144883,-71.1925869158679,7.));
#12367=CARTESIAN_POINT('Ctrl Pts',(157.500092365732,-71.2002298518147,7.));
#12368=CARTESIAN_POINT('Ctrl Pts',(157.202939342763,-71.2146788645006,7.));
#12369=CARTESIAN_POINT('Ctrl Pts',(156.947927022403,-71.3665942973199,7.));
#12370=CARTESIAN_POINT('Ctrl Pts',(156.827805775399,-71.4381526879245,7.));
#12371=CARTESIAN_POINT('',(157.657274144883,-71.1925869158679,6.));
#12372=CARTESIAN_POINT('Ctrl Pts',(158.665459591146,-71.5841283372814,6.));
#12373=CARTESIAN_POINT('Ctrl Pts',(158.665459591146,-71.5841283372814,7.));
#12374=CARTESIAN_POINT('Ctrl Pts',(158.525864438217,-71.469994253879,6.));
#12375=CARTESIAN_POINT('Ctrl Pts',(158.525864438217,-71.469994253879,7.));
#12376=CARTESIAN_POINT('Ctrl Pts',(158.233255815443,-71.2307551667386,6.));
#12377=CARTESIAN_POINT('Ctrl Pts',(158.233255815443,-71.2307551667386,7.));
#12378=CARTESIAN_POINT('Ctrl Pts',(157.855049244994,-71.2056927663192,6.));
#12379=CARTESIAN_POINT('Ctrl Pts',(157.855049244994,-71.2056927663192,7.));
#12380=CARTESIAN_POINT('Ctrl Pts',(157.657274144883,-71.1925869158679,6.));
#12381=CARTESIAN_POINT('Ctrl Pts',(157.657274144883,-71.1925869158679,7.));
#12382=CARTESIAN_POINT('',(158.665459591146,-71.5841283372814,6.));
#12383=CARTESIAN_POINT('Ctrl Pts',(157.657274144883,-71.1925869158679,6.));
#12384=CARTESIAN_POINT('Ctrl Pts',(157.855049244994,-71.2056927663192,6.));
#12385=CARTESIAN_POINT('Ctrl Pts',(158.233255815443,-71.2307551667386,6.));
#12386=CARTESIAN_POINT('Ctrl Pts',(158.525864438217,-71.469994253879,6.));
#12387=CARTESIAN_POINT('Ctrl Pts',(158.665459591146,-71.5841283372814,6.));
#12388=CARTESIAN_POINT('',(158.665459591146,-71.5841283372814,7.));
#12389=CARTESIAN_POINT('Ctrl Pts',(158.665459591146,-71.5841283372814,7.));
#12390=CARTESIAN_POINT('Ctrl Pts',(158.525864438217,-71.469994253879,7.));
#12391=CARTESIAN_POINT('Ctrl Pts',(158.233255815443,-71.2307551667386,7.));
#12392=CARTESIAN_POINT('Ctrl Pts',(157.855049244994,-71.2056927663192,7.));
#12393=CARTESIAN_POINT('Ctrl Pts',(157.657274144883,-71.1925869158679,7.));
#12394=CARTESIAN_POINT('',(158.665459591146,-71.5841283372814,6.));
#12395=CARTESIAN_POINT('Ctrl Pts',(159.03790159821,-72.682354646104,6.));
#12396=CARTESIAN_POINT('Ctrl Pts',(159.03790159821,-72.682354646104,7.));
#12397=CARTESIAN_POINT('Ctrl Pts',(159.027546277233,-72.4657026006234,6.));
#12398=CARTESIAN_POINT('Ctrl Pts',(159.027546277233,-72.4657026006234,7.));
#12399=CARTESIAN_POINT('Ctrl Pts',(159.008267027843,-72.0623458312118,6.));
#12400=CARTESIAN_POINT('Ctrl Pts',(159.008267027843,-72.0623458312118,7.));
#12401=CARTESIAN_POINT('Ctrl Pts',(158.773929248211,-71.7354438631894,6.));
#12402=CARTESIAN_POINT('Ctrl Pts',(158.773929248211,-71.7354438631894,7.));
#12403=CARTESIAN_POINT('Ctrl Pts',(158.665459591146,-71.5841283372814,6.));
#12404=CARTESIAN_POINT('Ctrl Pts',(158.665459591146,-71.5841283372814,7.));
#12405=CARTESIAN_POINT('',(159.03790159821,-72.682354646104,6.));
#12406=CARTESIAN_POINT('Ctrl Pts',(158.665459591146,-71.5841283372814,6.));
#12407=CARTESIAN_POINT('Ctrl Pts',(158.773929248211,-71.7354438631894,6.));
#12408=CARTESIAN_POINT('Ctrl Pts',(159.008267027843,-72.0623458312118,6.));
#12409=CARTESIAN_POINT('Ctrl Pts',(159.027546277233,-72.4657026006234,6.));
#12410=CARTESIAN_POINT('Ctrl Pts',(159.03790159821,-72.682354646104,6.));
#12411=CARTESIAN_POINT('',(159.03790159821,-72.682354646104,7.));
#12412=CARTESIAN_POINT('Ctrl Pts',(159.03790159821,-72.682354646104,7.));
#12413=CARTESIAN_POINT('Ctrl Pts',(159.027546277233,-72.4657026006234,7.));
#12414=CARTESIAN_POINT('Ctrl Pts',(159.008267027843,-72.0623458312118,7.));
#12415=CARTESIAN_POINT('Ctrl Pts',(158.773929248211,-71.7354438631894,7.));
#12416=CARTESIAN_POINT('Ctrl Pts',(158.665459591146,-71.5841283372814,7.));
#12417=CARTESIAN_POINT('',(159.03790159821,-72.682354646104,6.));
#12418=CARTESIAN_POINT('Ctrl Pts',(158.661366838212,-73.8174160293514,6.));
#12419=CARTESIAN_POINT('Ctrl Pts',(158.661366838212,-73.8174160293514,7.));
#12420=CARTESIAN_POINT('Ctrl Pts',(158.771014571562,-73.6609305340968,6.));
#12421=CARTESIAN_POINT('Ctrl Pts',(158.771014571562,-73.6609305340968,7.));
#12422=CARTESIAN_POINT('Ctrl Pts',(159.008726747454,-73.321675846054,6.));
#12423=CARTESIAN_POINT('Ctrl Pts',(159.008726747454,-73.321675846054,7.));
#12424=CARTESIAN_POINT('Ctrl Pts',(159.02768700053,-72.9061915699268,6.));
#12425=CARTESIAN_POINT('Ctrl Pts',(159.02768700053,-72.9061915699268,7.));
#12426=CARTESIAN_POINT('Ctrl Pts',(159.03790159821,-72.682354646104,6.));
#12427=CARTESIAN_POINT('Ctrl Pts',(159.03790159821,-72.682354646104,7.));
#12428=CARTESIAN_POINT('',(158.661366838212,-73.8174160293514,6.));
#12429=CARTESIAN_POINT('Ctrl Pts',(159.03790159821,-72.682354646104,6.));
#12430=CARTESIAN_POINT('Ctrl Pts',(159.02768700053,-72.9061915699268,6.));
#12431=CARTESIAN_POINT('Ctrl Pts',(159.008726747454,-73.321675846054,6.));
#12432=CARTESIAN_POINT('Ctrl Pts',(158.771014571562,-73.6609305340968,6.));
#12433=CARTESIAN_POINT('Ctrl Pts',(158.661366838212,-73.8174160293514,6.));
#12434=CARTESIAN_POINT('',(158.661366838212,-73.8174160293514,7.));
#12435=CARTESIAN_POINT('Ctrl Pts',(158.661366838212,-73.8174160293514,7.));
#12436=CARTESIAN_POINT('Ctrl Pts',(158.771014571562,-73.6609305340968,7.));
#12437=CARTESIAN_POINT('Ctrl Pts',(159.008726747454,-73.321675846054,7.));
#12438=CARTESIAN_POINT('Ctrl Pts',(159.02768700053,-72.9061915699268,7.));
#12439=CARTESIAN_POINT('Ctrl Pts',(159.03790159821,-72.682354646104,7.));
#12440=CARTESIAN_POINT('',(158.661366838212,-73.8174160293514,6.));
#12441=CARTESIAN_POINT('Ctrl Pts',(157.684559363122,-74.2212360075885,6.));
#12442=CARTESIAN_POINT('Ctrl Pts',(157.684559363122,-74.2212360075885,7.));
#12443=CARTESIAN_POINT('Ctrl Pts',(157.873756778536,-74.2060641625309,6.));
#12444=CARTESIAN_POINT('Ctrl Pts',(157.873756778536,-74.2060641625309,7.));
#12445=CARTESIAN_POINT('Ctrl Pts',(158.243387003096,-74.1764233110246,6.));
#12446=CARTESIAN_POINT('Ctrl Pts',(158.243387003096,-74.1764233110246,7.));
#12447=CARTESIAN_POINT('Ctrl Pts',(158.524260231887,-73.935178337245,6.));
#12448=CARTESIAN_POINT('Ctrl Pts',(158.524260231887,-73.935178337245,7.));
#12449=CARTESIAN_POINT('Ctrl Pts',(158.661366838212,-73.8174160293514,6.));
#12450=CARTESIAN_POINT('Ctrl Pts',(158.661366838212,-73.8174160293514,7.));
#12451=CARTESIAN_POINT('',(157.684559363122,-74.2212360075885,6.));
#12452=CARTESIAN_POINT('Ctrl Pts',(158.661366838212,-73.8174160293514,6.));
#12453=CARTESIAN_POINT('Ctrl Pts',(158.524260231887,-73.935178337245,6.));
#12454=CARTESIAN_POINT('Ctrl Pts',(158.243387003096,-74.1764233110246,6.));
#12455=CARTESIAN_POINT('Ctrl Pts',(157.873756778536,-74.2060641625309,6.));
#12456=CARTESIAN_POINT('Ctrl Pts',(157.684559363122,-74.2212360075885,6.));
#12457=CARTESIAN_POINT('',(157.684559363122,-74.2212360075885,7.));
#12458=CARTESIAN_POINT('Ctrl Pts',(157.684559363122,-74.2212360075885,7.));
#12459=CARTESIAN_POINT('Ctrl Pts',(157.873756778536,-74.2060641625309,7.));
#12460=CARTESIAN_POINT('Ctrl Pts',(158.243387003096,-74.1764233110246,7.));
#12461=CARTESIAN_POINT('Ctrl Pts',(158.524260231887,-73.935178337245,7.));
#12462=CARTESIAN_POINT('Ctrl Pts',(158.661366838212,-73.8174160293514,7.));
#12463=CARTESIAN_POINT('',(157.684559363122,-74.2212360075885,6.));
#12464=CARTESIAN_POINT('Ctrl Pts',(156.735036510224,-73.8256015352184,6.));
#12465=CARTESIAN_POINT('Ctrl Pts',(156.735036510224,-73.8256015352184,7.));
#12466=CARTESIAN_POINT('Ctrl Pts',(156.868605543488,-73.9409813107662,6.));
#12467=CARTESIAN_POINT('Ctrl Pts',(156.868605543488,-73.9409813107662,7.));
#12468=CARTESIAN_POINT('Ctrl Pts',(157.141349794768,-74.1765836036474,6.));
#12469=CARTESIAN_POINT('Ctrl Pts',(157.141349794768,-74.1765836036474,7.));
#12470=CARTESIAN_POINT('Ctrl Pts',(157.501025163504,-74.2061493012862,6.));
#12471=CARTESIAN_POINT('Ctrl Pts',(157.501025163504,-74.2061493012862,7.));
#12472=CARTESIAN_POINT('Ctrl Pts',(157.684559363122,-74.2212360075885,6.));
#12473=CARTESIAN_POINT('Ctrl Pts',(157.684559363122,-74.2212360075885,7.));
#12474=CARTESIAN_POINT('',(156.735036510224,-73.8256015352184,6.));
#12475=CARTESIAN_POINT('Ctrl Pts',(157.684559363122,-74.2212360075885,6.));
#12476=CARTESIAN_POINT('Ctrl Pts',(157.501025163504,-74.2061493012862,6.));
#12477=CARTESIAN_POINT('Ctrl Pts',(157.141349794768,-74.1765836036474,6.));
#12478=CARTESIAN_POINT('Ctrl Pts',(156.868605543488,-73.9409813107662,6.));
#12479=CARTESIAN_POINT('Ctrl Pts',(156.735036510224,-73.8256015352184,6.));
#12480=CARTESIAN_POINT('',(156.735036510224,-73.8256015352184,7.));
#12481=CARTESIAN_POINT('Ctrl Pts',(156.735036510224,-73.8256015352184,7.));
#12482=CARTESIAN_POINT('Ctrl Pts',(156.868605543488,-73.9409813107662,7.));
#12483=CARTESIAN_POINT('Ctrl Pts',(157.141349794768,-74.1765836036474,7.));
#12484=CARTESIAN_POINT('Ctrl Pts',(157.501025163504,-74.2061493012862,7.));
#12485=CARTESIAN_POINT('Ctrl Pts',(157.684559363122,-74.2212360075885,7.));
#12486=CARTESIAN_POINT('',(156.735036510224,-73.8256015352184,6.));
#12487=CARTESIAN_POINT('Ctrl Pts',(156.366687554116,-72.7123682669574,6.));
#12488=CARTESIAN_POINT('Ctrl Pts',(156.366687554116,-72.7123682669574,7.));
#12489=CARTESIAN_POINT('Ctrl Pts',(156.376631722573,-72.9319534028138,6.));
#12490=CARTESIAN_POINT('Ctrl Pts',(156.376631722573,-72.9319534028138,7.));
#12491=CARTESIAN_POINT('Ctrl Pts',(156.395079410976,-73.3393115627203,6.));
#12492=CARTESIAN_POINT('Ctrl Pts',(156.395079410976,-73.3393115627203,7.));
#12493=CARTESIAN_POINT('Ctrl Pts',(156.627774826928,-73.6721695841414,6.));
#12494=CARTESIAN_POINT('Ctrl Pts',(156.627774826928,-73.6721695841414,7.));
#12495=CARTESIAN_POINT('Ctrl Pts',(156.735036510224,-73.8256015352184,6.));
#12496=CARTESIAN_POINT('Ctrl Pts',(156.735036510224,-73.8256015352184,7.));
#12497=CARTESIAN_POINT('',(156.366687554116,-72.7123682669574,6.));
#12498=CARTESIAN_POINT('Ctrl Pts',(156.735036510224,-73.8256015352184,6.));
#12499=CARTESIAN_POINT('Ctrl Pts',(156.627774826928,-73.6721695841414,6.));
#12500=CARTESIAN_POINT('Ctrl Pts',(156.395079410976,-73.3393115627203,6.));
#12501=CARTESIAN_POINT('Ctrl Pts',(156.376631722573,-72.9319534028138,6.));
#12502=CARTESIAN_POINT('Ctrl Pts',(156.366687554116,-72.7123682669574,6.));
#12503=CARTESIAN_POINT('',(156.366687554116,-72.7123682669574,7.));
#12504=CARTESIAN_POINT('Ctrl Pts',(156.366687554116,-72.7123682669574,7.));
#12505=CARTESIAN_POINT('Ctrl Pts',(156.376631722573,-72.9319534028138,7.));
#12506=CARTESIAN_POINT('Ctrl Pts',(156.395079410976,-73.3393115627203,7.));
#12507=CARTESIAN_POINT('Ctrl Pts',(156.627774826928,-73.6721695841414,7.));
#12508=CARTESIAN_POINT('Ctrl Pts',(156.735036510224,-73.8256015352184,7.));
#12509=CARTESIAN_POINT('',(156.366687554116,-72.7123682669574,6.));
#12510=CARTESIAN_POINT('Ctrl Pts',(156.369416254754,-72.5813995770389,6.));
#12511=CARTESIAN_POINT('Ctrl Pts',(156.369416254754,-72.5813995770389,7.));
#12512=CARTESIAN_POINT('Ctrl Pts',(156.368627807991,-72.6068635760386,6.));
#12513=CARTESIAN_POINT('Ctrl Pts',(156.368627807991,-72.6068635760386,7.));
#12514=CARTESIAN_POINT('Ctrl Pts',(156.367276340396,-72.6505111260104,6.));
#12515=CARTESIAN_POINT('Ctrl Pts',(156.367276340396,-72.6505111260104,7.));
#12516=CARTESIAN_POINT('Ctrl Pts',(156.366860706869,-72.6941770580314,6.));
#12517=CARTESIAN_POINT('Ctrl Pts',(156.366860706869,-72.6941770580314,7.));
#12518=CARTESIAN_POINT('Ctrl Pts',(156.366687554116,-72.7123682669574,6.));
#12519=CARTESIAN_POINT('Ctrl Pts',(156.366687554116,-72.7123682669574,7.));
#12520=CARTESIAN_POINT('',(156.369416254754,-72.5813995770389,6.));
#12521=CARTESIAN_POINT('Ctrl Pts',(156.366687554116,-72.7123682669574,6.));
#12522=CARTESIAN_POINT('Ctrl Pts',(156.366860706869,-72.6941770580314,6.));
#12523=CARTESIAN_POINT('Ctrl Pts',(156.367276340396,-72.6505111260104,6.));
#12524=CARTESIAN_POINT('Ctrl Pts',(156.368627807991,-72.6068635760386,6.));
#12525=CARTESIAN_POINT('Ctrl Pts',(156.369416254754,-72.5813995770389,6.));
#12526=CARTESIAN_POINT('',(156.369416254754,-72.5813995770389,7.));
#12527=CARTESIAN_POINT('Ctrl Pts',(156.369416254754,-72.5813995770389,7.));
#12528=CARTESIAN_POINT('Ctrl Pts',(156.368627807991,-72.6068635760386,7.));
#12529=CARTESIAN_POINT('Ctrl Pts',(156.367276340396,-72.6505111260104,7.));
#12530=CARTESIAN_POINT('Ctrl Pts',(156.366860706869,-72.6941770580314,7.));
#12531=CARTESIAN_POINT('Ctrl Pts',(156.366687554116,-72.7123682669574,7.));
#12532=CARTESIAN_POINT('',(156.369416254754,-72.5813995770389,6.));
#12533=CARTESIAN_POINT('Origin',(158.530398148294,-72.5813995770389,6.));
#12534=CARTESIAN_POINT('',(158.530398148294,-72.5813995770389,6.));
#12535=CARTESIAN_POINT('',(132.198058034496,-72.5813995770389,6.));
#12536=CARTESIAN_POINT('',(158.530398148294,-72.5813995770389,7.));
#12537=CARTESIAN_POINT('',(156.369416254754,-72.5813995770389,7.));
#12538=CARTESIAN_POINT('',(158.530398148294,-72.5813995770389,6.));
#12539=CARTESIAN_POINT('Ctrl Pts',(158.26027526259,-71.8501581720287,6.));
#12540=CARTESIAN_POINT('Ctrl Pts',(158.26027526259,-71.8501581720287,7.));
#12541=CARTESIAN_POINT('Ctrl Pts',(158.332445730125,-71.9498336925815,6.));
#12542=CARTESIAN_POINT('Ctrl Pts',(158.332445730125,-71.9498336925815,7.));
#12543=CARTESIAN_POINT('Ctrl Pts',(158.490020467156,-72.1674621003784,6.));
#12544=CARTESIAN_POINT('Ctrl Pts',(158.490020467156,-72.1674621003784,7.));
#12545=CARTESIAN_POINT('Ctrl Pts',(158.516205867196,-72.4359054114458,6.));
#12546=CARTESIAN_POINT('Ctrl Pts',(158.516205867196,-72.4359054114458,7.));
#12547=CARTESIAN_POINT('Ctrl Pts',(158.530398148294,-72.5813995770389,6.));
#12548=CARTESIAN_POINT('Ctrl Pts',(158.530398148294,-72.5813995770389,7.));
#12549=CARTESIAN_POINT('',(158.26027526259,-71.8501581720287,6.));
#12550=CARTESIAN_POINT('Ctrl Pts',(158.530398148294,-72.5813995770389,6.));
#12551=CARTESIAN_POINT('Ctrl Pts',(158.516205867196,-72.4359054114458,6.));
#12552=CARTESIAN_POINT('Ctrl Pts',(158.490020467156,-72.1674621003784,6.));
#12553=CARTESIAN_POINT('Ctrl Pts',(158.332445730125,-71.9498336925815,6.));
#12554=CARTESIAN_POINT('Ctrl Pts',(158.26027526259,-71.8501581720287,6.));
#12555=CARTESIAN_POINT('',(158.26027526259,-71.8501581720287,7.));
#12556=CARTESIAN_POINT('Ctrl Pts',(158.26027526259,-71.8501581720287,7.));
#12557=CARTESIAN_POINT('Ctrl Pts',(158.332445730125,-71.9498336925815,7.));
#12558=CARTESIAN_POINT('Ctrl Pts',(158.490020467156,-72.1674621003784,7.));
#12559=CARTESIAN_POINT('Ctrl Pts',(158.516205867196,-72.4359054114458,7.));
#12560=CARTESIAN_POINT('Ctrl Pts',(158.530398148294,-72.5813995770389,7.));
#12561=CARTESIAN_POINT('',(158.26027526259,-71.8501581720287,6.));
#12562=CARTESIAN_POINT('Ctrl Pts',(157.654545444245,-71.5964065960819,6.));
#12563=CARTESIAN_POINT('Ctrl Pts',(157.654545444245,-71.5964065960819,7.));
#12564=CARTESIAN_POINT('Ctrl Pts',(157.77012544617,-71.6065834816222,6.));
#12565=CARTESIAN_POINT('Ctrl Pts',(157.77012544617,-71.6065834816222,7.));
#12566=CARTESIAN_POINT('Ctrl Pts',(157.99917005139,-71.626750990639,6.));
#12567=CARTESIAN_POINT('Ctrl Pts',(157.99917005139,-71.626750990639,7.));
#12568=CARTESIAN_POINT('Ctrl Pts',(158.173777736477,-71.77614904591,6.));
#12569=CARTESIAN_POINT('Ctrl Pts',(158.173777736477,-71.77614904591,7.));
#12570=CARTESIAN_POINT('Ctrl Pts',(158.26027526259,-71.8501581720287,6.));
#12571=CARTESIAN_POINT('Ctrl Pts',(158.26027526259,-71.8501581720287,7.));
#12572=CARTESIAN_POINT('',(157.654545444245,-71.5964065960819,6.));
#12573=CARTESIAN_POINT('Ctrl Pts',(158.26027526259,-71.8501581720287,6.));
#12574=CARTESIAN_POINT('Ctrl Pts',(158.173777736477,-71.77614904591,6.));
#12575=CARTESIAN_POINT('Ctrl Pts',(157.99917005139,-71.626750990639,6.));
#12576=CARTESIAN_POINT('Ctrl Pts',(157.77012544617,-71.6065834816222,6.));
#12577=CARTESIAN_POINT('Ctrl Pts',(157.654545444245,-71.5964065960819,6.));
#12578=CARTESIAN_POINT('',(157.654545444245,-71.5964065960819,7.));
#12579=CARTESIAN_POINT('Ctrl Pts',(157.654545444245,-71.5964065960819,7.));
#12580=CARTESIAN_POINT('Ctrl Pts',(157.77012544617,-71.6065834816222,7.));
#12581=CARTESIAN_POINT('Ctrl Pts',(157.99917005139,-71.626750990639,7.));
#12582=CARTESIAN_POINT('Ctrl Pts',(158.173777736477,-71.77614904591,7.));
#12583=CARTESIAN_POINT('Ctrl Pts',(158.26027526259,-71.8501581720287,7.));
#12584=CARTESIAN_POINT('',(157.654545444245,-71.5964065960819,6.));
#12585=CARTESIAN_POINT('Ctrl Pts',(157.193426626916,-71.738289194482,6.));
#12586=CARTESIAN_POINT('Ctrl Pts',(157.193426626916,-71.738289194482,7.));
#12587=CARTESIAN_POINT('Ctrl Pts',(157.261834439277,-71.6969201840509,6.));
#12588=CARTESIAN_POINT('Ctrl Pts',(157.261834439277,-71.6969201840509,7.));
#12589=CARTESIAN_POINT('Ctrl Pts',(157.403495936205,-71.6112516654727,6.));
#12590=CARTESIAN_POINT('Ctrl Pts',(157.403495936205,-71.6112516654727,7.));
#12591=CARTESIAN_POINT('Ctrl Pts',(157.568975400543,-71.6014665272741,6.));
#12592=CARTESIAN_POINT('Ctrl Pts',(157.568975400543,-71.6014665272741,7.));
#12593=CARTESIAN_POINT('Ctrl Pts',(157.654545444245,-71.5964065960819,6.));
#12594=CARTESIAN_POINT('Ctrl Pts',(157.654545444245,-71.5964065960819,7.));
#12595=CARTESIAN_POINT('',(157.193426626916,-71.738289194482,6.));
#12596=CARTESIAN_POINT('Ctrl Pts',(157.654545444245,-71.5964065960819,6.));
#12597=CARTESIAN_POINT('Ctrl Pts',(157.568975400543,-71.6014665272741,6.));
#12598=CARTESIAN_POINT('Ctrl Pts',(157.403495936205,-71.6112516654727,6.));
#12599=CARTESIAN_POINT('Ctrl Pts',(157.261834439277,-71.6969201840509,6.));
#12600=CARTESIAN_POINT('Ctrl Pts',(157.193426626916,-71.738289194482,6.));
#12601=CARTESIAN_POINT('',(157.193426626916,-71.738289194482,7.));
#12602=CARTESIAN_POINT('Ctrl Pts',(157.193426626916,-71.738289194482,7.));
#12603=CARTESIAN_POINT('Ctrl Pts',(157.261834439277,-71.6969201840509,7.));
#12604=CARTESIAN_POINT('Ctrl Pts',(157.403495936205,-71.6112516654727,7.));
#12605=CARTESIAN_POINT('Ctrl Pts',(157.568975400543,-71.6014665272741,7.));
#12606=CARTESIAN_POINT('Ctrl Pts',(157.654545444245,-71.5964065960819,7.));
#12607=CARTESIAN_POINT('',(157.193426626916,-71.738289194482,6.));
#12608=CARTESIAN_POINT('Ctrl Pts',(156.890561717744,-72.1912222079212,6.));
#12609=CARTESIAN_POINT('Ctrl Pts',(156.890561717744,-72.1912222079212,7.));
#12610=CARTESIAN_POINT('Ctrl Pts',(156.927914156885,-72.0971465617125,6.));
#12611=CARTESIAN_POINT('Ctrl Pts',(156.927914156885,-72.0971465617125,7.));
#12612=CARTESIAN_POINT('Ctrl Pts',(156.996652305343,-71.9240230419639,6.));
#12613=CARTESIAN_POINT('Ctrl Pts',(156.996652305343,-71.9240230419639,7.));
#12614=CARTESIAN_POINT('Ctrl Pts',(157.131744009055,-71.7965109677624,6.));
#12615=CARTESIAN_POINT('Ctrl Pts',(157.131744009055,-71.7965109677624,7.));
#12616=CARTESIAN_POINT('Ctrl Pts',(157.193426626916,-71.738289194482,6.));
#12617=CARTESIAN_POINT('Ctrl Pts',(157.193426626916,-71.738289194482,7.));
#12618=CARTESIAN_POINT('Ctrl Pts',(157.193426626916,-71.738289194482,6.));
#12619=CARTESIAN_POINT('Ctrl Pts',(157.131744009055,-71.7965109677624,6.));
#12620=CARTESIAN_POINT('Ctrl Pts',(156.996652305343,-71.9240230419639,6.));
#12621=CARTESIAN_POINT('Ctrl Pts',(156.927914156885,-72.0971465617125,6.));
#12622=CARTESIAN_POINT('Ctrl Pts',(156.890561717744,-72.1912222079212,6.));
#12623=CARTESIAN_POINT('Ctrl Pts',(156.890561717744,-72.1912222079212,7.));
#12624=CARTESIAN_POINT('Ctrl Pts',(156.927914156885,-72.0971465617125,7.));
#12625=CARTESIAN_POINT('Ctrl Pts',(156.996652305343,-71.9240230419639,7.));
#12626=CARTESIAN_POINT('Ctrl Pts',(157.131744009055,-71.7965109677624,7.));
#12627=CARTESIAN_POINT('Ctrl Pts',(157.193426626916,-71.738289194482,7.));
#12628=CARTESIAN_POINT('Origin',(141.12657910883,-72.6700765363151,7.));
#12629=CARTESIAN_POINT('Origin',(105.865717920699,-72.2580710224086,6.));
#12630=CARTESIAN_POINT('Origin',(92.3112461024679,-98.2959691257642,17.5));
#12631=CARTESIAN_POINT('',(90.8112461024679,-98.2959691257642,21.5));
#12632=CARTESIAN_POINT('Origin',(92.3112461024679,-98.2959691257642,21.5));
#12633=CARTESIAN_POINT('',(90.8112461024679,-98.2959691257642,13.5));
#12634=CARTESIAN_POINT('',(90.8112461024679,-98.2959691257642,17.5));
#12635=CARTESIAN_POINT('Origin',(92.3112461024679,-98.2959691257642,13.5));
#12636=CARTESIAN_POINT('Origin',(92.3112461024679,-98.2959691257642,13.5));
#12637=CARTESIAN_POINT('Origin',(105.865717920699,-72.2580710224086,23.5));
#12638=CARTESIAN_POINT('',(104.365717920699,-72.2580710224086,27.5));
#12639=CARTESIAN_POINT('Origin',(105.865717920699,-72.2580710224086,27.5));
#12640=CARTESIAN_POINT('',(104.365717920699,-72.2580710224086,19.5));
#12641=CARTESIAN_POINT('',(104.365717920699,-72.2580710224086,23.5));
#12642=CARTESIAN_POINT('Origin',(105.865717920699,-72.2580710224086,19.5));
#12643=CARTESIAN_POINT('Origin',(105.865717920699,-72.2580710224086,19.5));
#12644=CARTESIAN_POINT('Origin',(92.3112461024679,-98.2959691257642,21.5));
#12645=CARTESIAN_POINT('',(88.3112461024679,-98.2959691257642,21.5));
#12646=CARTESIAN_POINT('Origin',(92.3112461024679,-98.2959691257642,21.5));
#12647=CARTESIAN_POINT('Origin',(105.865717920699,-72.2580710224086,27.5));
#12648=CARTESIAN_POINT('',(101.890717920699,-72.2580710224086,27.5));
#12649=CARTESIAN_POINT('Origin',(105.865717920699,-72.2580710224086,27.5));
#12650=CARTESIAN_POINT('Origin',(92.3112461024679,-98.2959691257642,15.));
#12651=CARTESIAN_POINT('',(86.3112461024679,-98.2959691257642,15.));
#12652=CARTESIAN_POINT('Origin',(92.3112461024679,-98.2959691257642,15.));
#12653=CARTESIAN_POINT('',(88.3112461024679,-98.2959691257642,15.));
#12654=CARTESIAN_POINT('Origin',(92.3112461024679,-98.2959691257642,15.));
#12655=CARTESIAN_POINT('Origin',(105.865717920699,-72.2580710224086,6.));
#12656=CARTESIAN_POINT('',(31.7836829206986,-72.2580710224086,6.));
#12657=CARTESIAN_POINT('Origin',(105.865717920699,-72.2580710224086,6.));
#12658=CARTESIAN_POINT('',(99.8907179206986,-72.2580710224086,6.));
#12659=CARTESIAN_POINT('Origin',(105.865717920699,-72.2580710224086,6.));
#12660=CARTESIAN_POINT('',(71.5175496081952,-102.97870388238,6.));
#12661=CARTESIAN_POINT('',(100.402148687473,-118.015074431449,6.));
#12662=CARTESIAN_POINT('Origin',(78.4587877054169,-124.906294121111,6.));
#12663=CARTESIAN_POINT('Origin',(105.865717920699,-72.2580710224086,6.));
#12664=CARTESIAN_POINT('',(109.509687274565,-65.2580710224147,6.));
#12665=CARTESIAN_POINT('',(77.3728324368107,-19.3618858429151,6.));
#12666=CARTESIAN_POINT('',(111.002612243249,-67.3901888406565,6.));
#12667=CARTESIAN_POINT('',(165.538583862777,-65.2580710224094,6.));
#12668=CARTESIAN_POINT('Origin',(105.865717920699,-72.2580710224086,6.));
#12669=CARTESIAN_POINT('',(137.34326205831,-65.2580710224121,6.));
#12670=CARTESIAN_POINT('',(165.538583862777,-79.2580710224086,6.));
#12671=CARTESIAN_POINT('',(145.826732024632,-117.124186092988,6.));
#12672=CARTESIAN_POINT('Origin',(105.865717920699,-72.2580710224086,6.));
#12673=CARTESIAN_POINT('',(119.312592809497,-79.2580710224086,6.));
#12674=CARTESIAN_POINT('',(129.654559822256,-94.0279305974731,6.));
#12675=CARTESIAN_POINT('',(109.707682174641,-79.2580710224086,6.));
#12676=CARTESIAN_POINT('',(46.1928519786191,-65.2580710224209,6.));
#12677=CARTESIAN_POINT('',(65.9047038167648,-27.3919559518297,6.));
#12678=CARTESIAN_POINT('Origin',(105.865717920699,-72.2580710224086,6.));
#12679=CARTESIAN_POINT('',(92.4188430319059,-65.2580710224164,6.));
#12680=CARTESIAN_POINT('',(82.0768760191415,-50.4882114473442,6.));
#12681=CARTESIAN_POINT('',(102.023753666758,-65.2580710224155,6.));
#12682=CARTESIAN_POINT('',(52.055906683512,-98.9854940998319,6.));
#12683=CARTESIAN_POINT('',(46.1928519786205,-79.2580710224086,6.));
#12684=CARTESIAN_POINT('Origin',(105.865717920699,-72.2580710224086,6.));
#12685=CARTESIAN_POINT('',(102.221748566836,-79.2580710224086,6.));
#12686=CARTESIAN_POINT('',(74.3881737830867,-79.2580710224086,6.));
#12687=CARTESIAN_POINT('',(134.358603404587,-125.154256201902,6.));
#12688=CARTESIAN_POINT('',(100.72882359815,-77.1259532041638,6.));
#12689=CARTESIAN_POINT('',(114.835934438399,-131.66670798175,6.));
#12690=CARTESIAN_POINT('Origin',(105.865717920699,-72.2580710224086,6.));
#12691=CARTESIAN_POINT('Origin',(78.4587877054169,-124.906294121111,6.));
#12692=CARTESIAN_POINT('',(86.3112461024679,-98.2959691257642,6.));
#12693=CARTESIAN_POINT('Origin',(92.3112461024679,-98.2959691257642,6.));
#12694=CARTESIAN_POINT('Origin',(92.3112461024679,-98.2959691257642,-5.));
#12695=CARTESIAN_POINT('',(86.3112461024679,-98.2959691257642,0.));
#12696=CARTESIAN_POINT('Origin',(92.3112461024679,-98.2959691257642,0.));
#12697=CARTESIAN_POINT('',(86.3112461024679,-98.2959691257642,5.));
#12698=CARTESIAN_POINT('',(86.3112461024679,-98.2959691257642,-5.));
#12699=CARTESIAN_POINT('Origin',(92.3112461024679,-98.2959691257642,5.));
#12700=CARTESIAN_POINT('Origin',(92.3112461024679,-98.2959691257642,5.));
#12701=CARTESIAN_POINT('Origin',(78.4587877054169,-124.906294121111,0.));
#12702=CARTESIAN_POINT('',(71.5175496081952,-102.97870388238,0.));
#12703=CARTESIAN_POINT('',(100.402148687473,-118.015074431449,0.));
#12704=CARTESIAN_POINT('Origin',(78.4587877054169,-124.906294121111,0.));
#12705=CARTESIAN_POINT('',(100.402148687473,-118.015074431449,0.));
#12706=CARTESIAN_POINT('',(71.5175496081952,-102.97870388238,0.));
#12707=CARTESIAN_POINT('Origin',(105.865717920699,-72.2580710224086,0.));
#12708=CARTESIAN_POINT('',(52.055906683512,-98.9854940998319,0.));
#12709=CARTESIAN_POINT('',(52.055906683512,-98.9854940998319,0.));
#12710=CARTESIAN_POINT('',(46.1928519786205,-79.2580710224086,0.));
#12711=CARTESIAN_POINT('Origin',(105.865717920699,-72.2580710224086,0.));
#12712=CARTESIAN_POINT('',(46.1928519786205,-79.2580710224086,0.));
#12713=CARTESIAN_POINT('Origin',(105.865717920699,-72.2580710224086,0.));
#12714=CARTESIAN_POINT('',(114.835934438399,-131.66670798175,0.));
#12715=CARTESIAN_POINT('',(114.835934438399,-131.66670798175,0.));
#12716=CARTESIAN_POINT('',(134.358603404587,-125.154256201902,0.));
#12717=CARTESIAN_POINT('',(134.358603404587,-125.154256201902,0.));
#12718=CARTESIAN_POINT('Origin',(105.865717920699,-72.2580710224086,0.));
#12719=CARTESIAN_POINT('Origin',(78.4587877054169,-124.906294121111,0.));
#12720=CARTESIAN_POINT('Origin',(78.4587877054169,-124.906294121111,0.));
#12721=CARTESIAN_POINT('Origin',(110.405442255777,-66.5373417133618,0.));
#12722=CARTESIAN_POINT('',(109.509687274565,-65.2580710224147,0.));
#12723=CARTESIAN_POINT('',(77.3728324368107,-19.3618858429151,0.));
#12724=CARTESIAN_POINT('',(111.002612243249,-67.3901888406565,0.));
#12725=CARTESIAN_POINT('',(77.3728324368107,-19.3618858429151,0.));
#12726=CARTESIAN_POINT('',(109.509687274565,-65.2580710224148,0.));
#12727=CARTESIAN_POINT('Origin',(42.9106296454748,-79.2580710224086,0.));
#12728=CARTESIAN_POINT('',(102.221748566836,-79.2580710224086,0.));
#12729=CARTESIAN_POINT('',(74.3881737830867,-79.2580710224086,0.));
#12730=CARTESIAN_POINT('',(102.221748566836,-79.2580710224086,0.));
#12731=CARTESIAN_POINT('Origin',(105.865717920699,-72.2580710224086,0.));
#12732=CARTESIAN_POINT('Origin',(105.865717920699,-72.2580710224086,0.));
#12733=CARTESIAN_POINT('Origin',(101.325993585625,-77.9788003314617,0.));
#12734=CARTESIAN_POINT('',(100.72882359815,-77.1259532041638,0.));
#12735=CARTESIAN_POINT('Origin',(168.820806195922,-65.258071022409,0.));
#12736=CARTESIAN_POINT('',(165.538583862777,-65.2580710224094,0.));
#12737=CARTESIAN_POINT('',(137.34326205831,-65.2580710224121,0.));
#12738=CARTESIAN_POINT('',(165.538583862777,-65.2580710224094,0.));
#12739=CARTESIAN_POINT('Origin',(105.865717920699,-72.2580710224086,0.));
#12740=CARTESIAN_POINT('Origin',(105.865717920699,-72.2580710224086,0.));
#12741=CARTESIAN_POINT('Origin',(98.1817894128187,-65.2580710224158,0.));
#12742=CARTESIAN_POINT('',(92.4188430319059,-65.2580710224164,0.));
#12743=CARTESIAN_POINT('',(46.1928519786191,-65.2580710224209,0.));
#12744=CARTESIAN_POINT('',(102.023753666758,-65.2580710224155,0.));
#12745=CARTESIAN_POINT('',(46.1928519786191,-65.2580710224209,0.));
#12746=CARTESIAN_POINT('',(92.4188430319059,-65.2580710224164,0.));
#12747=CARTESIAN_POINT('Origin',(64.0220984276072,-24.7033168178224,0.));
#12748=CARTESIAN_POINT('',(65.9047038167648,-27.3919559518297,0.));
#12749=CARTESIAN_POINT('',(82.0768760191415,-50.4882114473442,0.));
#12750=CARTESIAN_POINT('',(65.9047038167648,-27.3919559518297,0.));
#12751=CARTESIAN_POINT('Origin',(105.865717920699,-72.2580710224086,0.));
#12752=CARTESIAN_POINT('Origin',(105.865717920699,-72.2580710224086,0.));
#12753=CARTESIAN_POINT('Origin',(113.549646428583,-79.2580710224086,0.));
#12754=CARTESIAN_POINT('',(119.312592809497,-79.2580710224086,0.));
#12755=CARTESIAN_POINT('',(165.538583862777,-79.2580710224086,0.));
#12756=CARTESIAN_POINT('',(109.707682174641,-79.2580710224086,0.));
#12757=CARTESIAN_POINT('',(165.538583862777,-79.2580710224086,0.));
#12758=CARTESIAN_POINT('',(119.312592809497,-79.2580710224086,0.));
#12759=CARTESIAN_POINT('Origin',(147.70933741379,-119.812825226995,0.));
#12760=CARTESIAN_POINT('',(145.826732024632,-117.124186092988,0.));
#12761=CARTESIAN_POINT('',(129.654559822256,-94.0279305974731,0.));
#12762=CARTESIAN_POINT('',(145.826732024632,-117.124186092988,0.));
#12763=CARTESIAN_POINT('Origin',(105.865717920699,-72.2580710224086,0.));
#12764=CARTESIAN_POINT('Origin',(105.865717920699,-72.2580710224086,0.));
#12765=CARTESIAN_POINT('Origin',(105.865717920699,-72.2580710224086,0.));
#12766=CARTESIAN_POINT('',(31.7836829206986,-72.2580710224086,0.));
#12767=CARTESIAN_POINT('',(31.7836829206986,-72.2580710224086,0.));
#12768=CARTESIAN_POINT('Origin',(105.865717920699,-72.2580710224086,0.));
#12769=CARTESIAN_POINT('Origin',(105.865717920699,-72.2580710224086,17.));
#12770=CARTESIAN_POINT('',(101.890717920699,-72.2580710224086,15.));
#12771=CARTESIAN_POINT('',(101.890717920699,-72.2580710224086,17.));
#12772=CARTESIAN_POINT('Origin',(105.865717920699,-72.2580710224086,15.));
#12773=CARTESIAN_POINT('Origin',(105.865717920699,-72.2580710224086,0.));
#12774=CARTESIAN_POINT('Origin',(105.865717920699,-72.2580710224086,0.));
#12775=CARTESIAN_POINT('',(99.8907179206986,-72.2580710224086,15.));
#12776=CARTESIAN_POINT('Origin',(105.865717920699,-72.2580710224086,15.));
#12777=CARTESIAN_POINT('',(99.8907179206986,-72.2580710224086,0.));
#12778=CARTESIAN_POINT('Origin',(105.865717920699,-72.2580710224086,15.));
#12779=CARTESIAN_POINT('Origin',(92.3112461024679,-98.2959691257642,12.));
#12780=CARTESIAN_POINT('',(88.3112461024679,-98.2959691257642,12.));
#12781=CARTESIAN_POINT('Origin',(92.3112461024679,-98.2959691257642,9.00000000000001));
#12782=CARTESIAN_POINT('',(86.3112461024679,-98.2959691257642,9.00000000000001));
#12783=UNCERTAINTY_MEASURE_WITH_UNIT(LENGTH_MEASURE(0.01),#12787,
'DISTANCE_ACCURACY_VALUE',
'Maximum model space distance between geometric entities at asserted c
onnectivities');
#12784=UNCERTAINTY_MEASURE_WITH_UNIT(LENGTH_MEASURE(0.01),#12787,
'DISTANCE_ACCURACY_VALUE',
'Maximum model space distance between geometric entities at asserted c
onnectivities');
#12785=(
GEOMETRIC_REPRESENTATION_CONTEXT(3)
GLOBAL_UNCERTAINTY_ASSIGNED_CONTEXT((#12783))
GLOBAL_UNIT_ASSIGNED_CONTEXT((#12787,#12789,#12790))
REPRESENTATION_CONTEXT('','3D')
);
#12786=(
GEOMETRIC_REPRESENTATION_CONTEXT(3)
GLOBAL_UNCERTAINTY_ASSIGNED_CONTEXT((#12784))
GLOBAL_UNIT_ASSIGNED_CONTEXT((#12787,#12789,#12790))
REPRESENTATION_CONTEXT('','3D')
);
#12787=(
LENGTH_UNIT()
NAMED_UNIT(*)
SI_UNIT(.MILLI.,.METRE.)
);
#12788=(
LENGTH_UNIT()
NAMED_UNIT(*)
SI_UNIT($,.METRE.)
);
#12789=(
NAMED_UNIT(*)
PLANE_ANGLE_UNIT()
SI_UNIT($,.RADIAN.)
);
#12790=(
NAMED_UNIT(*)
SI_UNIT($,.STERADIAN.)
SOLID_ANGLE_UNIT()
);
#12791=SHAPE_DEFINITION_REPRESENTATION(#12792,#12793);
#12792=PRODUCT_DEFINITION_SHAPE('',$,#12795);
#12793=SHAPE_REPRESENTATION('',(#6507),#12785);
#12794=PRODUCT_DEFINITION_CONTEXT('part definition',#12799,'design');
#12795=PRODUCT_DEFINITION('base','base',#12796,#12794);
#12796=PRODUCT_DEFINITION_FORMATION('',$,#12801);
#12797=PRODUCT_RELATED_PRODUCT_CATEGORY('base','base',(#12801));
#12798=APPLICATION_PROTOCOL_DEFINITION('international standard',
'automotive_design',2009,#12799);
#12799=APPLICATION_CONTEXT(
'Core Data for Automotive Mechanical Design Process');
#12800=PRODUCT_CONTEXT('part definition',#12799,'mechanical');
#12801=PRODUCT('base','base',$,(#12800));
#12802=PRESENTATION_STYLE_ASSIGNMENT((#12803));
#12803=SURFACE_STYLE_USAGE(.BOTH.,#12804);
#12804=SURFACE_SIDE_STYLE('',(#12805));
#12805=SURFACE_STYLE_FILL_AREA(#12806);
#12806=FILL_AREA_STYLE('Stahl - satiniert',(#12807));
#12807=FILL_AREA_STYLE_COLOUR('Stahl - satiniert',#12808);
#12808=COLOUR_RGB('Stahl - satiniert',0.627450980392157,0.627450980392157,
0.627450980392157);
ENDSEC;
END-ISO-10303-21;
